{"var_laplacian": {"var_lap_first_results": 0.004057049277976114, "var_lap_diagonal_results": 0.01866470128896791}, "var_of_defect": {"var_results": 0.0013743455069240812}, "var_sobel": {"var_sobel_results": 0.03462802097534518}}