{"var_laplacian": {"var_lap_first_results": 1.4507354156811116, "var_lap_diagonal_results": 7.222975599062193}, "var_of_defect": {"var_results": 57.85843315729842}, "var_sobel": {"var_sobel_results": 38.86953887367044}}