{"var_laplacian": {"var_lap_first_results": 0.002511877818859791, "var_lap_diagonal_results": 0.011696854348971044}, "var_of_defect": {"var_results": 0.0006213067854229282}, "var_sobel": {"var_sobel_results": 0.01673548970044421}}