{"var_laplacian": {"var_lap_first_results": 0.3169353703803347, "var_lap_diagonal_results": 1.5176711555733537}, "var_of_defect": {"var_results": 77.17056516243613}, "var_sobel": {"var_sobel_results": 16.409556807075212}}