{"var_laplacian": {"var_lap_first_results": 0.42550005233213933, "var_lap_diagonal_results": 2.168837387011852}, "var_of_defect": {"var_results": 85.7686371575063}, "var_sobel": {"var_sobel_results": 35.754509357716934}}