{"var_laplacian": {"var_lap_first_results": 0.002518894481276812, "var_lap_diagonal_results": 0.010084541700708107}, "var_of_defect": {"var_results": 0.0042937140908597795}, "var_sobel": {"var_sobel_results": 0.025496949149229776}}