{"var_laplacian": {"var_lap_first_results": 0.001661926552450288, "var_lap_diagonal_results": 0.007664341598735981}, "var_of_defect": {"var_results": 0.0004253573806416844}, "var_sobel": {"var_sobel_results": 0.011883449030969278}}