{"var_laplacian": {"var_lap_first_results": 0.020700606677341388, "var_lap_diagonal_results": 0.08558971850197078}, "var_of_defect": {"var_results": 0.8578171411501061}, "var_sobel": {"var_sobel_results": 0.19492772653343293}}