{"var_laplacian": {"var_lap_first_results": 0.3955138694714026, "var_lap_diagonal_results": 2.0503345241959323}, "var_of_defect": {"var_results": 79.95018999734286}, "var_sobel": {"var_sobel_results": 24.488212250958778}}