{"var_laplacian": {"var_lap_first_results": 0.34310099887632967, "var_lap_diagonal_results": 1.6678853751512883}, "var_of_defect": {"var_results": 94.97356539351992}, "var_sobel": {"var_sobel_results": 20.136321270088086}}