{"var_laplacian": {"var_lap_first_results": 0.009518539549330811, "var_lap_diagonal_results": 0.03919526979095631}, "var_of_defect": {"var_results": 0.10897381238157941}, "var_sobel": {"var_sobel_results": 0.08980246256486196}}