{"var_laplacian": {"var_lap_first_results": 0.0058865650827111485, "var_lap_diagonal_results": 0.02670409252765757}, "var_of_defect": {"var_results": 0.013594958007383723}, "var_sobel": {"var_sobel_results": 0.05136923278377847}}