{"var_laplacian": {"var_lap_first_results": 0.337980546304777, "var_lap_diagonal_results": 1.5995547426752184}, "var_of_defect": {"var_results": 91.7101986771552}, "var_sobel": {"var_sobel_results": 17.820324275539548}}