{"var_laplacian": {"var_lap_first_results": 0.009712382008288743, "var_lap_diagonal_results": 0.03905432582302543}, "var_of_defect": {"var_results": 0.1271855604803835}, "var_sobel": {"var_sobel_results": 0.06365415703077215}}