{"var_laplacian": {"var_lap_first_results": 0.008468204294842949, "var_lap_diagonal_results": 0.04352165588056449}, "var_of_defect": {"var_results": 0.1056790793217266}, "var_sobel": {"var_sobel_results": 0.24288418416754523}}