{"var_laplacian": {"var_lap_first_results": 0.48199772129504187, "var_lap_diagonal_results": 2.7280819738604607}, "var_of_defect": {"var_results": 93.19818108262223}, "var_sobel": {"var_sobel_results": 48.13134035420418}}