{"var_laplacian": {"var_lap_first_results": 0.004577527512563932, "var_lap_diagonal_results": 0.019847316092675562}, "var_of_defect": {"var_results": 0.024191087271129893}, "var_sobel": {"var_sobel_results": 0.03135378288668011}}