{"var_laplacian": {"var_lap_first_results": 0.023820705586085962, "var_lap_diagonal_results": 0.09674696782288036}, "var_of_defect": {"var_results": 0.7602734946095284}, "var_sobel": {"var_sobel_results": 0.22193234580419915}}