{"var_laplacian": {"var_lap_first_results": 0.004800242373996608, "var_lap_diagonal_results": 0.019382179706405038}, "var_of_defect": {"var_results": 0.027783684263670467}, "var_sobel": {"var_sobel_results": 0.033835638625261545}}