{"var_laplacian": {"var_lap_first_results": 0.014662189892731714, "var_lap_diagonal_results": 0.05902773474421835}, "var_of_defect": {"var_results": 0.396975674397164}, "var_sobel": {"var_sobel_results": 0.12177206912207124}}