{"var_laplacian": {"var_lap_first_results": 0.01147236728562491, "var_lap_diagonal_results": 0.05063768025013865}, "var_of_defect": {"var_results": 0.2133658483390018}, "var_sobel": {"var_sobel_results": 0.09954353671997163}}