{"var_laplacian": {"var_lap_first_results": 0.4423730278582432, "var_lap_diagonal_results": 2.207374866283427}, "var_of_defect": {"var_results": 110.10830805413659}, "var_sobel": {"var_sobel_results": 31.483832328464196}}