{"var_laplacian": {"var_lap_first_results": 0.005310765844148881, "var_lap_diagonal_results": 0.023276295326278743}, "var_of_defect": {"var_results": 0.019885956459655674}, "var_sobel": {"var_sobel_results": 0.04780733153168737}}