{"var_laplacian": {"var_lap_first_results": 0.4859807931800972, "var_lap_diagonal_results": 2.505010593345628}, "var_of_defect": {"var_results": 114.6979049376572}, "var_sobel": {"var_sobel_results": 39.9853177800646}}