{"var_laplacian": {"var_lap_first_results": 0.022857412123000288, "var_lap_diagonal_results": 0.13679479353410595}, "var_of_defect": {"var_results": 0.208380198843391}, "var_sobel": {"var_sobel_results": 4.188634438823801}}