{"var_laplacian": {"var_lap_first_results": 0.10930248750455754, "var_lap_diagonal_results": 0.6220934731181762}, "var_of_defect": {"var_results": 5.9432053753308764}, "var_sobel": {"var_sobel_results": 13.951113696155547}}