{"var_laplacian": {"var_lap_first_results": 0.01043328508376738, "var_lap_diagonal_results": 0.04292894878198895}, "var_of_defect": {"var_results": 0.17710687335488398}, "var_sobel": {"var_sobel_results": 0.07003059811025764}}