{"var_laplacian": {"var_lap_first_results": 0.012087205809237242, "var_lap_diagonal_results": 0.0600883460554581}, "var_of_defect": {"var_results": 0.4488465160708231}, "var_sobel": {"var_sobel_results": 0.32126927893196}}