{"var_laplacian": {"var_lap_first_results": 0.38547540627774246, "var_lap_diagonal_results": 1.888909987784087}, "var_of_defect": {"var_results": 87.6346726909915}, "var_sobel": {"var_sobel_results": 33.30499382743622}}