{"var_laplacian": {"var_lap_first_results": 0.04224354332582717, "var_lap_diagonal_results": 0.22823249531941192}, "var_of_defect": {"var_results": 2.2875441139512342}, "var_sobel": {"var_sobel_results": 2.6577122201158923}}