{"var_laplacian": {"var_lap_first_results": 0.003707527273936366, "var_lap_diagonal_results": 0.017332040008149138}, "var_of_defect": {"var_results": 0.00828465205576625}, "var_sobel": {"var_sobel_results": 0.05868447155649234}}