{"var_laplacian": {"var_lap_first_results": 0.03740917582128184, "var_lap_diagonal_results": 0.22775281368375835}, "var_of_defect": {"var_results": 1.1681676878904226}, "var_sobel": {"var_sobel_results": 4.79600797425912}}