{"var_laplacian": {"var_lap_first_results": 0.3293766277514972, "var_lap_diagonal_results": 2.0439054753819024}, "var_of_defect": {"var_results": 25.217490387136895}, "var_sobel": {"var_sobel_results": 25.26865094426865}}