{"var_laplacian": {"var_lap_first_results": 0.4973345656397782, "var_lap_diagonal_results": 2.753453430497449}, "var_of_defect": {"var_results": 91.3508940976364}, "var_sobel": {"var_sobel_results": 48.24173441684313}}