{"var_laplacian": {"var_lap_first_results": 0.010864815097428366, "var_lap_diagonal_results": 0.05191789395340161}, "var_of_defect": {"var_results": 0.18114512844653236}, "var_sobel": {"var_sobel_results": 0.2287900658412256}}