{"var_laplacian": {"var_lap_first_results": 0.46448333928215885, "var_lap_diagonal_results": 2.4581477961091416}, "var_of_defect": {"var_results": 101.52408949174186}, "var_sobel": {"var_sobel_results": 33.684608078636984}}