{"var_laplacian": {"var_lap_first_results": 0.005925106554727691, "var_lap_diagonal_results": 0.029475188138820847}, "var_of_defect": {"var_results": 0.04638136075663652}, "var_sobel": {"var_sobel_results": 0.13477790447237395}}