{"var_laplacian": {"var_lap_first_results": 0.015223602662282424, "var_lap_diagonal_results": 0.06864567476710479}, "var_of_defect": {"var_results": 0.4458382547215444}, "var_sobel": {"var_sobel_results": 0.15246053546981223}}