{"var_laplacian": {"var_lap_first_results": 0.009473848383977034, "var_lap_diagonal_results": 0.04156091710595206}, "var_of_defect": {"var_results": 0.13269527402117598}, "var_sobel": {"var_sobel_results": 0.07596517273527553}}