{"var_laplacian": {"var_lap_first_results": 0.17404388308853647, "var_lap_diagonal_results": 1.0027009934479076}, "var_of_defect": {"var_results": 13.287682468564828}, "var_sobel": {"var_sobel_results": 15.958866363588994}}