{"var_laplacian": {"var_lap_first_results": 0.3126109697402806, "var_lap_diagonal_results": 1.5158147335816257}, "var_of_defect": {"var_results": 75.2560427367068}, "var_sobel": {"var_sobel_results": 17.263904433134346}}