{"var_laplacian": {"var_lap_first_results": 0.003228313084099453, "var_lap_diagonal_results": 0.013124005044754933}, "var_of_defect": {"var_results": 0.006291351465980371}, "var_sobel": {"var_sobel_results": 0.03928944850631402}}