{"var_laplacian": {"var_lap_first_results": 0.007659195407747947, "var_lap_diagonal_results": 0.035019965115615934}, "var_of_defect": {"var_results": 0.06174765755140953}, "var_sobel": {"var_sobel_results": 0.11931175266443031}}