{"var_laplacian": {"var_lap_first_results": 0.4552609290353111, "var_lap_diagonal_results": 2.4288422659982127}, "var_of_defect": {"var_results": 97.05229129108741}, "var_sobel": {"var_sobel_results": 34.18747810780569}}