{"var_laplacian": {"var_lap_first_results": 0.0076291695489772654, "var_lap_diagonal_results": 0.030856186857871296}, "var_of_defect": {"var_results": 0.04297618821428523}, "var_sobel": {"var_sobel_results": 0.05510376845918881}}