{"var_laplacian": {"var_lap_first_results": 0.3555515675223266, "var_lap_diagonal_results": 1.7605094493048767}, "var_of_defect": {"var_results": 85.13480847663199}, "var_sobel": {"var_sobel_results": 21.09224712327508}}