{"var_laplacian": {"var_lap_first_results": 0.9098264474682712, "var_lap_diagonal_results": 5.575368578764035}, "var_of_defect": {"var_results": 25.31157360451686}, "var_sobel": {"var_sobel_results": 23.378576908879175}}