{"var_laplacian": {"var_lap_first_results": 0.00014171458926496802, "var_lap_diagonal_results": 0.0006133806720205341}, "var_of_defect": {"var_results": 1.0735949544781353e-05}, "var_sobel": {"var_sobel_results": 0.0005088583734853808}}