{"var_laplacian": {"var_lap_first_results": 0.44319345533626786, "var_lap_diagonal_results": 2.331633610414678}, "var_of_defect": {"var_results": 103.24313236687725}, "var_sobel": {"var_sobel_results": 33.608859302780246}}