{"var_laplacian": {"var_lap_first_results": 0.002720362921129981, "var_lap_diagonal_results": 0.012645096530345828}, "var_of_defect": {"var_results": 0.0023352208926887387}, "var_sobel": {"var_sobel_results": 0.038248755393847624}}