{"var_laplacian": {"var_lap_first_results": 0.010351272588893439, "var_lap_diagonal_results": 0.0497769993422531}, "var_of_defect": {"var_results": 0.28875313870080827}, "var_sobel": {"var_sobel_results": 0.19430719510320174}}