{"var_laplacian": {"var_lap_first_results": 0.7077306632930764, "var_lap_diagonal_results": 4.538835302642036}, "var_of_defect": {"var_results": 12.700995738940048}, "var_sobel": {"var_sobel_results": 19.837034695388656}}