{"var_laplacian": {"var_lap_first_results": 0.3374304489296942, "var_lap_diagonal_results": 1.5864186985031248}, "var_of_defect": {"var_results": 95.57810424227802}, "var_sobel": {"var_sobel_results": 16.55710470096117}}