{"var_laplacian": {"var_lap_first_results": 0.010964813971004989, "var_lap_diagonal_results": 0.056038446641754475}, "var_of_defect": {"var_results": 0.36333005408707447}, "var_sobel": {"var_sobel_results": 0.2512775901692609}}