{"var_laplacian": {"var_lap_first_results": 0.014345203733035638, "var_lap_diagonal_results": 0.06273115658119478}, "var_of_defect": {"var_results": 0.2665573158483875}, "var_sobel": {"var_sobel_results": 0.12594893586449266}}