{"var_laplacian": {"var_lap_first_results": 0.4844306208749006, "var_lap_diagonal_results": 2.5449560792733896}, "var_of_defect": {"var_results": 109.13171349940644}, "var_sobel": {"var_sobel_results": 40.693866358160044}}