{"var_laplacian": {"var_lap_first_results": 0.010880035056962507, "var_lap_diagonal_results": 0.05487512999124455}, "var_of_defect": {"var_results": 0.3326423408847709}, "var_sobel": {"var_sobel_results": 0.23017550253596367}}