{"var_laplacian": {"var_lap_first_results": 0.47585196246249867, "var_lap_diagonal_results": 2.676692163132646}, "var_of_defect": {"var_results": 89.32128364621224}, "var_sobel": {"var_sobel_results": 36.94455437816707}}