{"var_laplacian": {"var_lap_first_results": 0.008166329512376988, "var_lap_diagonal_results": 0.03452229178397659}, "var_of_defect": {"var_results": 0.08327153165396685}, "var_sobel": {"var_sobel_results": 0.06406708867424996}}