{"var_laplacian": {"var_lap_first_results": 2.1648881873317567, "var_lap_diagonal_results": 10.010316504538803}, "var_of_defect": {"var_results": 54.731075007346824}, "var_sobel": {"var_sobel_results": 42.35975951320084}}