{"var_laplacian": {"var_lap_first_results": 0.3966596822353903, "var_lap_diagonal_results": 2.0926443895618934}, "var_of_defect": {"var_results": 72.63977105941318}, "var_sobel": {"var_sobel_results": 39.430997068314475}}