{"var_laplacian": {"var_lap_first_results": 0.9222004437443578, "var_lap_diagonal_results": 5.444340490560916}, "var_of_defect": {"var_results": 78.7838858483261}, "var_sobel": {"var_sobel_results": 36.478754337414045}}