{"var_laplacian": {"var_lap_first_results": 0.376145618477297, "var_lap_diagonal_results": 1.9370209031583314}, "var_of_defect": {"var_results": 82.75500347427905}, "var_sobel": {"var_sobel_results": 23.148198389040704}}