{"var_laplacian": {"var_lap_first_results": 0.3336667044741024, "var_lap_diagonal_results": 1.6942639868988325}, "var_of_defect": {"var_results": 71.18972883239935}, "var_sobel": {"var_sobel_results": 18.20600596994944}}