{"var_laplacian": {"var_lap_first_results": 0.5355131971846141, "var_lap_diagonal_results": 3.5175515709810306}, "var_of_defect": {"var_results": 27.692036991733392}, "var_sobel": {"var_sobel_results": 30.374634528594864}}