{"var_laplacian": {"var_lap_first_results": 0.37598845777262, "var_lap_diagonal_results": 1.8974607796654726}, "var_of_defect": {"var_results": 81.5042439638237}, "var_sobel": {"var_sobel_results": 34.803306052778616}}