{"var_laplacian": {"var_lap_first_results": 0.02524056113886058, "var_lap_diagonal_results": 0.10493994939328423}, "var_of_defect": {"var_results": 0.9041107406766914}, "var_sobel": {"var_sobel_results": 0.23523526518754415}}