{"var_laplacian": {"var_lap_first_results": 0.014598105356537437, "var_lap_diagonal_results": 0.06515510605561681}, "var_of_defect": {"var_results": 0.38552653333362885}, "var_sobel": {"var_sobel_results": 0.38462349064327106}}