{"var_laplacian": {"var_lap_first_results": 0.017587488628456466, "var_lap_diagonal_results": 0.08965319185916983}, "var_of_defect": {"var_results": 0.6657384607180294}, "var_sobel": {"var_sobel_results": 0.5249730412574888}}