{"var_laplacian": {"var_lap_first_results": 0.010671750974935286, "var_lap_diagonal_results": 0.05327796126037168}, "var_of_defect": {"var_results": 0.30941953776415015}, "var_sobel": {"var_sobel_results": 0.2328915830884015}}