{"var_laplacian": {"var_lap_first_results": 0.3365725776349594, "var_lap_diagonal_results": 2.115224185092124}, "var_of_defect": {"var_results": 12.963628370612494}, "var_sobel": {"var_sobel_results": 19.898921069252626}}