{"var_laplacian": {"var_lap_first_results": 0.011956436604243576, "var_lap_diagonal_results": 0.05908383411906813}, "var_of_defect": {"var_results": 0.3918446486179804}, "var_sobel": {"var_sobel_results": 0.27270885718669224}}