{"var_laplacian": {"var_lap_first_results": 0.008477671152693787, "var_lap_diagonal_results": 0.04522765366249636}, "var_of_defect": {"var_results": 0.10290177942484402}, "var_sobel": {"var_sobel_results": 0.23090441623930041}}