{"var_laplacian": {"var_lap_first_results": 0.29246629184013434, "var_lap_diagonal_results": 1.9081011075670908}, "var_of_defect": {"var_results": 14.315016693078187}, "var_sobel": {"var_sobel_results": 24.32691422702675}}