{"var_laplacian": {"var_lap_first_results": 0.01815317383823414, "var_lap_diagonal_results": 0.07185472593149601}, "var_of_defect": {"var_results": 0.5036207887208828}, "var_sobel": {"var_sobel_results": 0.14363243185369062}}