{"var_laplacian": {"var_lap_first_results": 0.01686462413832049, "var_lap_diagonal_results": 0.08110367867854142}, "var_of_defect": {"var_results": 0.5621855125257141}, "var_sobel": {"var_sobel_results": 0.44069638688177687}}