{"var_laplacian": {"var_lap_first_results": 0.36225348158861365, "var_lap_diagonal_results": 1.8751170940981883}, "var_of_defect": {"var_results": 78.97527463356674}, "var_sobel": {"var_sobel_results": 23.320555664699604}}