{"var_laplacian": {"var_lap_first_results": 0.39528752447333537, "var_lap_diagonal_results": 1.996215100596974}, "var_of_defect": {"var_results": 76.73634483610621}, "var_sobel": {"var_sobel_results": 37.0645336096656}}