{"var_laplacian": {"var_lap_first_results": 0.43932920959449395, "var_lap_diagonal_results": 2.2907072656586642}, "var_of_defect": {"var_results": 114.59965201500934}, "var_sobel": {"var_sobel_results": 37.80697879402505}}