{"var_laplacian": {"var_lap_first_results": 0.035925342336993404, "var_lap_diagonal_results": 0.16726208354221062}, "var_of_defect": {"var_results": 1.3027180474557356}, "var_sobel": {"var_sobel_results": 0.3979448592384633}}