{"var_laplacian": {"var_lap_first_results": 0.4432979471861192, "var_lap_diagonal_results": 2.3660595175637704}, "var_of_defect": {"var_results": 95.29840780536016}, "var_sobel": {"var_sobel_results": 34.57414666039742}}