{"var_laplacian": {"var_lap_first_results": 0.24113149288650138, "var_lap_diagonal_results": 1.471389519438031}, "var_of_defect": {"var_results": 18.873530125624068}, "var_sobel": {"var_sobel_results": 21.036880692643507}}