{"var_laplacian": {"var_lap_first_results": 0.4649732055043576, "var_lap_diagonal_results": 2.5484939611499886}, "var_of_defect": {"var_results": 95.32341996319857}, "var_sobel": {"var_sobel_results": 44.79898734709967}}