{"var_laplacian": {"var_lap_first_results": 0.005388782484260054, "var_lap_diagonal_results": 0.026482300868611162}, "var_of_defect": {"var_results": 0.03490737321255847}, "var_sobel": {"var_sobel_results": 0.11881799245886632}}