{"var_laplacian": {"var_lap_first_results": 0.36267459504414173, "var_lap_diagonal_results": 1.7912163381625263}, "var_of_defect": {"var_results": 92.7553886116498}, "var_sobel": {"var_sobel_results": 20.918143243355928}}