{"var_laplacian": {"var_lap_first_results": 0.8690603395967772, "var_lap_diagonal_results": 5.664959551969831}, "var_of_defect": {"var_results": 59.59019349516193}, "var_sobel": {"var_sobel_results": 37.13582857483662}}