{"var_laplacian": {"var_lap_first_results": 0.366159843845789, "var_lap_diagonal_results": 1.8319340462741507}, "var_of_defect": {"var_results": 87.27900422646246}, "var_sobel": {"var_sobel_results": 22.218433390066387}}