{"var_laplacian": {"var_lap_first_results": 0.033140698396203254, "var_lap_diagonal_results": 0.15427005667184326}, "var_of_defect": {"var_results": 1.238670420820117}, "var_sobel": {"var_sobel_results": 0.3998142444433874}}