{"var_laplacian": {"var_lap_first_results": 0.05062382207126613, "var_lap_diagonal_results": 0.25886125903860824}, "var_of_defect": {"var_results": 2.767207869897377}, "var_sobel": {"var_sobel_results": 2.894354481558316}}