{"var_laplacian": {"var_lap_first_results": 0.2139182923157801, "var_lap_diagonal_results": 1.2822988542253149}, "var_of_defect": {"var_results": 9.08938647199954}, "var_sobel": {"var_sobel_results": 18.22502993486009}}