{"var_laplacian": {"var_lap_first_results": 0.0031301468002928406, "var_lap_diagonal_results": 0.013726348159316682}, "var_of_defect": {"var_results": 0.009120923721923793}, "var_sobel": {"var_sobel_results": 0.026342265263447826}}