{"var_laplacian": {"var_lap_first_results": 0.36305186661668837, "var_lap_diagonal_results": 1.8697620590695354}, "var_of_defect": {"var_results": 83.73591297917773}, "var_sobel": {"var_sobel_results": 23.201828038854845}}