{"var_laplacian": {"var_lap_first_results": 0.009482197260397748, "var_lap_diagonal_results": 0.04636197655904358}, "var_of_defect": {"var_results": 0.25869868532757}, "var_sobel": {"var_sobel_results": 0.17603257059911123}}