{"var_laplacian": {"var_lap_first_results": 0.4811326722236414, "var_lap_diagonal_results": 2.580537011761324}, "var_of_defect": {"var_results": 107.29887594722308}, "var_sobel": {"var_sobel_results": 42.42867030114679}}