{"var_laplacian": {"var_lap_first_results": 0.010856837509776509, "var_lap_diagonal_results": 0.04866230175364544}, "var_of_defect": {"var_results": 0.12079213284095638}, "var_sobel": {"var_sobel_results": 0.08823028417517587}}