{"var_laplacian": {"var_lap_first_results": 0.017253566162967266, "var_lap_diagonal_results": 0.08749499821594166}, "var_of_defect": {"var_results": 0.6064136606644708}, "var_sobel": {"var_sobel_results": 0.45523197497587586}}