{"var_laplacian": {"var_lap_first_results": 0.4749705818557354, "var_lap_diagonal_results": 2.718634813253154}, "var_of_defect": {"var_results": 94.11941598507428}, "var_sobel": {"var_sobel_results": 46.34592727311878}}