{"var_laplacian": {"var_lap_first_results": 0.008393603491127699, "var_lap_diagonal_results": 0.043702838359082494}, "var_of_defect": {"var_results": 0.102703328837071}, "var_sobel": {"var_sobel_results": 0.24471867105544173}}