{"var_laplacian": {"var_lap_first_results": 5.597799743661512e-05, "var_lap_diagonal_results": 0.00023990568408054614}, "var_of_defect": {"var_results": 4.305999105143144e-06}, "var_sobel": {"var_sobel_results": 0.00017900125343943657}}