{"var_laplacian": {"var_lap_first_results": 0.022820192197578065, "var_lap_diagonal_results": 0.0989154972456112}, "var_of_defect": {"var_results": 0.749888001353304}, "var_sobel": {"var_sobel_results": 0.2194160299920638}}