{"var_laplacian": {"var_lap_first_results": 0.48212451416686974, "var_lap_diagonal_results": 2.6388478344919033}, "var_of_defect": {"var_results": 90.5411912600167}, "var_sobel": {"var_sobel_results": 36.17322267273175}}