{"var_laplacian": {"var_lap_first_results": 0.016691018345632105, "var_lap_diagonal_results": 0.0725802933196227}, "var_of_defect": {"var_results": 0.345104324749478}, "var_sobel": {"var_sobel_results": 0.14363309459454326}}