{"var_laplacian": {"var_lap_first_results": 0.014805224875612952, "var_lap_diagonal_results": 0.060496043448153014}, "var_of_defect": {"var_results": 0.2957427338418339}, "var_sobel": {"var_sobel_results": 0.436199862958024}}