{"var_laplacian": {"var_lap_first_results": 0.005775341372027638, "var_lap_diagonal_results": 0.025286129135491494}, "var_of_defect": {"var_results": 0.05156590958918709}, "var_sobel": {"var_sobel_results": 0.29472076198715924}}