{"var_laplacian": {"var_lap_first_results": 0.0435438933864561, "var_lap_diagonal_results": 0.23112445744453894}, "var_of_defect": {"var_results": 1.6274513472029024}, "var_sobel": {"var_sobel_results": 1.6597622671409122}}