{"var_laplacian": {"var_lap_first_results": 0.47382912484239353, "var_lap_diagonal_results": 2.5470272169519297}, "var_of_defect": {"var_results": 111.66257437577065}, "var_sobel": {"var_sobel_results": 40.751379892622566}}