{"var_laplacian": {"var_lap_first_results": 0.43005173730875684, "var_lap_diagonal_results": 2.762489364767092}, "var_of_defect": {"var_results": 33.15801486861031}, "var_sobel": {"var_sobel_results": 29.296215264449796}}