{"var_laplacian": {"var_lap_first_results": 0.32677653929309264, "var_lap_diagonal_results": 1.5267929613789724}, "var_of_defect": {"var_results": 95.51970656251329}, "var_sobel": {"var_sobel_results": 16.309165185722474}}