{"var_laplacian": {"var_lap_first_results": 0.3683889433555219, "var_lap_diagonal_results": 1.7883957020000638}, "var_of_defect": {"var_results": 89.77024905510396}, "var_sobel": {"var_sobel_results": 31.817815339817507}}