{"var_laplacian": {"var_lap_first_results": 0.0032797193883993365, "var_lap_diagonal_results": 0.015710858698261353}, "var_of_defect": {"var_results": 0.004885758599894197}, "var_sobel": {"var_sobel_results": 0.05332035820987508}}