{"var_laplacian": {"var_lap_first_results": 0.5389061386041091, "var_lap_diagonal_results": 3.4559264728960395}, "var_of_defect": {"var_results": 41.90455884633421}, "var_sobel": {"var_sobel_results": 32.277904013169014}}