{"var_laplacian": {"var_lap_first_results": 0.4902546125179401, "var_lap_diagonal_results": 2.6523662811287343}, "var_of_defect": {"var_results": 92.90661396704935}, "var_sobel": {"var_sobel_results": 35.60415191622478}}