{"var_laplacian": {"var_lap_first_results": 0.3256834075040464, "var_lap_diagonal_results": 1.5075437195521066}, "var_of_defect": {"var_results": 85.6486504853804}, "var_sobel": {"var_sobel_results": 15.032229292371754}}