{"var_laplacian": {"var_lap_first_results": 0.34351762347392933, "var_lap_diagonal_results": 1.6452905058589418}, "var_of_defect": {"var_results": 76.23471078498305}, "var_sobel": {"var_sobel_results": 17.559391181579894}}