{"var_laplacian": {"var_lap_first_results": 0.2982689208518308, "var_lap_diagonal_results": 1.4312669461896765}, "var_of_defect": {"var_results": 74.2733163609572}, "var_sobel": {"var_sobel_results": 16.97817312136874}}