{"var_laplacian": {"var_lap_first_results": 0.01006227190722979, "var_lap_diagonal_results": 0.049482315170128834}, "var_of_defect": {"var_results": 0.2724489192390602}, "var_sobel": {"var_sobel_results": 0.18487095090258385}}