{"var_laplacian": {"var_lap_first_results": 0.01676575573408265, "var_lap_diagonal_results": 0.09410918657195542}, "var_of_defect": {"var_results": 0.30939261184211125}, "var_sobel": {"var_sobel_results": 1.6046521268730627}}