{"var_laplacian": {"var_lap_first_results": 0.03185293007349916, "var_lap_diagonal_results": 0.14504660115545512}, "var_of_defect": {"var_results": 1.2858601757621329}, "var_sobel": {"var_sobel_results": 0.5622702847579675}}