{"var_laplacian": {"var_lap_first_results": 0.0801051752434517, "var_lap_diagonal_results": 0.41436343886241}, "var_of_defect": {"var_results": 6.047637861454235}, "var_sobel": {"var_sobel_results": 6.188214109570105}}