{"var_laplacian": {"var_lap_first_results": 0.208574330241033, "var_lap_diagonal_results": 1.33379595447273}, "var_of_defect": {"var_results": 9.431205123199963}, "var_sobel": {"var_sobel_results": 19.925405461609046}}