{"var_laplacian": {"var_lap_first_results": 0.4411130155009516, "var_lap_diagonal_results": 2.255491445377289}, "var_of_defect": {"var_results": 110.23554011169635}, "var_sobel": {"var_sobel_results": 31.968410143332203}}