{"var_laplacian": {"var_lap_first_results": 0.3969378336385943, "var_lap_diagonal_results": 2.0405535178345438}, "var_of_defect": {"var_results": 82.91488217094755}, "var_sobel": {"var_sobel_results": 36.8759229308432}}