{"var_laplacian": {"var_lap_first_results": 0.838872373135987, "var_lap_diagonal_results": 5.096329714480691}, "var_of_defect": {"var_results": 72.68592527269759}, "var_sobel": {"var_sobel_results": 36.40206613936108}}