{"var_laplacian": {"var_lap_first_results": 0.7495717790573732, "var_lap_diagonal_results": 4.786932283119037}, "var_of_defect": {"var_results": 66.1631174333994}, "var_sobel": {"var_sobel_results": 35.83899138132303}}