{"var_laplacian": {"var_lap_first_results": 0.008834947964880458, "var_lap_diagonal_results": 0.041446107882669836}, "var_of_defect": {"var_results": 0.1070896741715958}, "var_sobel": {"var_sobel_results": 0.17151223260416978}}