{"var_laplacian": {"var_lap_first_results": 0.00760363268469769, "var_lap_diagonal_results": 0.034581152711833645}, "var_of_defect": {"var_results": 0.0749933966864408}, "var_sobel": {"var_sobel_results": 0.06305377131226475}}