{"var_laplacian": {"var_lap_first_results": 0.34197119571176, "var_lap_diagonal_results": 1.6316499640352302}, "var_of_defect": {"var_results": 93.38688314226049}, "var_sobel": {"var_sobel_results": 17.751118626982375}}