{"var_laplacian": {"var_lap_first_results": 0.37632483938683553, "var_lap_diagonal_results": 1.9177027790774572}, "var_of_defect": {"var_results": 84.9323260454145}, "var_sobel": {"var_sobel_results": 22.40191748953564}}