{"var_laplacian": {"var_lap_first_results": 0.6300412689499222, "var_lap_diagonal_results": 4.1477283023062235}, "var_of_defect": {"var_results": 36.22297452515403}, "var_sobel": {"var_sobel_results": 33.37537110510561}}