{"var_laplacian": {"var_lap_first_results": 0.3470453174584616, "var_lap_diagonal_results": 1.6871237262777417}, "var_of_defect": {"var_results": 88.87028966069724}, "var_sobel": {"var_sobel_results": 19.888923188040177}}