{"var_laplacian": {"var_lap_first_results": 0.03611874814314857, "var_lap_diagonal_results": 0.19105366533689414}, "var_of_defect": {"var_results": 1.2525724393882136}, "var_sobel": {"var_sobel_results": 1.3653604206991403}}