{"var_laplacian": {"var_lap_first_results": 0.4615548685881188, "var_lap_diagonal_results": 2.371775792039486}, "var_of_defect": {"var_results": 100.05587995752474}, "var_sobel": {"var_sobel_results": 33.09589211314421}}