{"var_laplacian": {"var_lap_first_results": 0.31390090376039215, "var_lap_diagonal_results": 1.55311787359893}, "var_of_defect": {"var_results": 72.54983002542014}, "var_sobel": {"var_sobel_results": 17.347643171825794}}