{"var_laplacian": {"var_lap_first_results": 0.4269591006525952, "var_lap_diagonal_results": 2.266730042972405}, "var_of_defect": {"var_results": 107.43046603056389}, "var_sobel": {"var_sobel_results": 32.47430005799278}}