{"var_laplacian": {"var_lap_first_results": 0.0074259460693631395, "var_lap_diagonal_results": 0.03851427428894045}, "var_of_defect": {"var_results": 0.07650133762510733}, "var_sobel": {"var_sobel_results": 0.19381753489475673}}