{"var_laplacian": {"var_lap_first_results": 0.346685675835428, "var_lap_diagonal_results": 1.6138485214180214}, "var_of_defect": {"var_results": 95.51589584097427}, "var_sobel": {"var_sobel_results": 16.766720990881137}}