{"var_laplacian": {"var_lap_first_results": 0.4409038330119347, "var_lap_diagonal_results": 2.3151322359145907}, "var_of_defect": {"var_results": 105.1246720582403}, "var_sobel": {"var_sobel_results": 32.93709521974426}}