{"var_laplacian": {"var_lap_first_results": 0.009574985008019853, "var_lap_diagonal_results": 0.046186176442550284}, "var_of_defect": {"var_results": 0.26119166515145276}, "var_sobel": {"var_sobel_results": 0.1764108855038741}}