{"var_laplacian": {"var_lap_first_results": 0.021394584979354512, "var_lap_diagonal_results": 0.0899538255755646}, "var_of_defect": {"var_results": 0.6981965452047055}, "var_sobel": {"var_sobel_results": 0.1776404104997705}}