{"var_laplacian": {"var_lap_first_results": 0.3324965925475978, "var_lap_diagonal_results": 1.59102925707184}, "var_of_defect": {"var_results": 90.3236988647638}, "var_sobel": {"var_sobel_results": 18.81295522728754}}