{"var_laplacian": {"var_lap_first_results": 0.32367568815998204, "var_lap_diagonal_results": 1.5813061888035345}, "var_of_defect": {"var_results": 71.77898221337247}, "var_sobel": {"var_sobel_results": 17.52657904939591}}