{"var_laplacian": {"var_lap_first_results": 0.08036025698385903, "var_lap_diagonal_results": 0.4156701022818357}, "var_of_defect": {"var_results": 4.049155380004195}, "var_sobel": {"var_sobel_results": 8.861313228785727}}