{"var_laplacian": {"var_lap_first_results": 0.32481318111498514, "var_lap_diagonal_results": 1.6104875132966798}, "var_of_defect": {"var_results": 73.52589131824679}, "var_sobel": {"var_sobel_results": 17.785154646961292}}