{"var_laplacian": {"var_lap_first_results": 0.0070282663324889175, "var_lap_diagonal_results": 0.029532407096970886}, "var_of_defect": {"var_results": 0.07769129336396875}, "var_sobel": {"var_sobel_results": 0.18296448472372162}}