{"var_laplacian": {"var_lap_first_results": 0.006124809681294364, "var_lap_diagonal_results": 0.026871253982968867}, "var_of_defect": {"var_results": 0.010823705930428775}, "var_sobel": {"var_sobel_results": 0.055653031778650754}}