{"var_laplacian": {"var_lap_first_results": 0.47465499398946354, "var_lap_diagonal_results": 2.650386648471031}, "var_of_defect": {"var_results": 88.87632197808493}, "var_sobel": {"var_sobel_results": 36.52893234924832}}