{"var_laplacian": {"var_lap_first_results": 0.0037518266867628634, "var_lap_diagonal_results": 0.019114728697443226}, "var_of_defect": {"var_results": 0.029910925916414047}, "var_sobel": {"var_sobel_results": 0.24689597580282105}}