{"var_laplacian": {"var_lap_first_results": 0.3332617337229291, "var_lap_diagonal_results": 1.5532437896498887}, "var_of_defect": {"var_results": 85.53230548680236}, "var_sobel": {"var_sobel_results": 14.993095746539682}}