{"var_laplacian": {"var_lap_first_results": 0.0026762474023112426, "var_lap_diagonal_results": 0.011130252556245088}, "var_of_defect": {"var_results": 0.004812823633753783}, "var_sobel": {"var_sobel_results": 0.021783918768897435}}