{"var_laplacian": {"var_lap_first_results": 0.4746868349329884, "var_lap_diagonal_results": 2.5315023012874267}, "var_of_defect": {"var_results": 93.9638674256792}, "var_sobel": {"var_sobel_results": 35.17925817252768}}