{"var_laplacian": {"var_lap_first_results": 0.021695520778787225, "var_lap_diagonal_results": 0.08853092632046798}, "var_of_defect": {"var_results": 0.8565951168229033}, "var_sobel": {"var_sobel_results": 0.1931070400822659}}