{"var_laplacian": {"var_lap_first_results": 0.3970615914588706, "var_lap_diagonal_results": 2.1169377113487995}, "var_of_defect": {"var_results": 73.0087641211282}, "var_sobel": {"var_sobel_results": 40.19344269044924}}