{"var_laplacian": {"var_lap_first_results": 0.014480297900268729, "var_lap_diagonal_results": 0.06474176516247905}, "var_of_defect": {"var_results": 0.3537041307614746}, "var_sobel": {"var_sobel_results": 0.12949027398273505}}