{"var_laplacian": {"var_lap_first_results": 0.015215126503444606, "var_lap_diagonal_results": 0.07685872433495236}, "var_of_defect": {"var_results": 0.5216391861633364}, "var_sobel": {"var_sobel_results": 0.40111799740247206}}