{"var_laplacian": {"var_lap_first_results": 0.010523463006697015, "var_lap_diagonal_results": 0.0451591321389142}, "var_of_defect": {"var_results": 0.18338047132117336}, "var_sobel": {"var_sobel_results": 0.27540236501755955}}