{"var_laplacian": {"var_lap_first_results": 0.47218226627434573, "var_lap_diagonal_results": 2.5564421847647503}, "var_of_defect": {"var_results": 105.30248915587252}, "var_sobel": {"var_sobel_results": 42.984136393198426}}