{"var_laplacian": {"var_lap_first_results": 0.0038519904366587296, "var_lap_diagonal_results": 0.019327300804454054}, "var_of_defect": {"var_results": 0.012821496597973221}, "var_sobel": {"var_sobel_results": 0.3201559296087623}}