{"var_laplacian": {"var_lap_first_results": 0.37308627153119234, "var_lap_diagonal_results": 1.9892622594873455}, "var_of_defect": {"var_results": 78.83517053723669}, "var_sobel": {"var_sobel_results": 24.554556158604438}}