{"var_laplacian": {"var_lap_first_results": 0.02527500353262739, "var_lap_diagonal_results": 0.1301250307482726}, "var_of_defect": {"var_results": 0.8221548157390709}, "var_sobel": {"var_sobel_results": 0.8335650750799692}}