{"var_laplacian": {"var_lap_first_results": 0.0030602493595003138, "var_lap_diagonal_results": 0.014300463299862325}, "var_of_defect": {"var_results": 0.001474713778832702}, "var_sobel": {"var_sobel_results": 0.028562561338676414}}