{"var_laplacian": {"var_lap_first_results": 0.05774217562246926, "var_lap_diagonal_results": 0.29203475816045993}, "var_of_defect": {"var_results": 3.9618289135034934}, "var_sobel": {"var_sobel_results": 3.667869907211459}}