{"var_laplacian": {"var_lap_first_results": 0.3567719515173474, "var_lap_diagonal_results": 1.83012358758604}, "var_of_defect": {"var_results": 80.0534647661267}, "var_sobel": {"var_sobel_results": 23.32447335243699}}