{"var_laplacian": {"var_lap_first_results": 0.3520432612510067, "var_lap_diagonal_results": 1.7377845362404263}, "var_of_defect": {"var_results": 91.11586945834797}, "var_sobel": {"var_sobel_results": 20.594189154615513}}