{"var_laplacian": {"var_lap_first_results": 0.018968187490412267, "var_lap_diagonal_results": 0.09690531772040349}, "var_of_defect": {"var_results": 0.7306224226228226}, "var_sobel": {"var_sobel_results": 0.5557267285642541}}