{"var_laplacian": {"var_lap_first_results": 0.3645941446212234, "var_lap_diagonal_results": 1.7736369026172745}, "var_of_defect": {"var_results": 89.31785986999195}, "var_sobel": {"var_sobel_results": 30.25318242908135}}