{"var_laplacian": {"var_lap_first_results": 0.019063332098422186, "var_lap_diagonal_results": 0.09417903883788213}, "var_of_defect": {"var_results": 0.479332523988844}, "var_sobel": {"var_sobel_results": 0.577985696570047}}