{"var_laplacian": {"var_lap_first_results": 0.01214164707153645, "var_lap_diagonal_results": 0.051061446567603315}, "var_of_defect": {"var_results": 0.2510290822542344}, "var_sobel": {"var_sobel_results": 0.09355331808359163}}