{"var_laplacian": {"var_lap_first_results": 0.39322533668941984, "var_lap_diagonal_results": 1.8944993977153015}, "var_of_defect": {"var_results": 89.35284615820012}, "var_sobel": {"var_sobel_results": 31.874321102305753}}