{"var_laplacian": {"var_lap_first_results": 0.36161910267001096, "var_lap_diagonal_results": 1.7626450857399565}, "var_of_defect": {"var_results": 87.57513593608836}, "var_sobel": {"var_sobel_results": 20.52066737632542}}