{"var_laplacian": {"var_lap_first_results": 0.012618643249966466, "var_lap_diagonal_results": 0.0634222479373832}, "var_of_defect": {"var_results": 0.42362601012746}, "var_sobel": {"var_sobel_results": 0.3084019349972331}}