{"var_laplacian": {"var_lap_first_results": 1.9177847566636579, "var_lap_diagonal_results": 8.729120364053912}, "var_of_defect": {"var_results": 17.503238404923273}, "var_sobel": {"var_sobel_results": 36.9976599044077}}