{"var_laplacian": {"var_lap_first_results": 0.5742075548611093, "var_lap_diagonal_results": 3.48733212920856}, "var_of_defect": {"var_results": 77.80491612273316}, "var_sobel": {"var_sobel_results": 39.96998031995878}}