{"var_laplacian": {"var_lap_first_results": 0.27411882211220717, "var_lap_diagonal_results": 1.9560153260734217}, "var_of_defect": {"var_results": 0.9908744076347945}, "var_sobel": {"var_sobel_results": 11.74467384348909}}