{"var_laplacian": {"var_lap_first_results": 0.6361883975115645, "var_lap_diagonal_results": 3.749450630830636}, "var_of_defect": {"var_results": 90.63292552070986}, "var_sobel": {"var_sobel_results": 35.73770833507092}}