{"var_laplacian": {"var_lap_first_results": 0.0034755144546736263, "var_lap_diagonal_results": 0.021007072575316504}, "var_of_defect": {"var_results": 0.008965051210026645}, "var_sobel": {"var_sobel_results": 0.18430206467271712}}