{"var_laplacian": {"var_lap_first_results": 0.0012386882928401976, "var_lap_diagonal_results": 0.00707777619943457}, "var_of_defect": {"var_results": 0.0018030459686547385}, "var_sobel": {"var_sobel_results": 0.07255097030964675}}