{"var_laplacian": {"var_lap_first_results": 0.8245937667262988, "var_lap_diagonal_results": 4.916086554120111}, "var_of_defect": {"var_results": 98.23443151915063}, "var_sobel": {"var_sobel_results": 38.71541251398945}}