{"var_laplacian": {"var_lap_first_results": 0.9555503067177088, "var_lap_diagonal_results": 5.671671023052924}, "var_of_defect": {"var_results": 101.31890327391223}, "var_sobel": {"var_sobel_results": 40.51593066193964}}