{"var_laplacian": {"var_lap_first_results": 0.0035404303235675462, "var_lap_diagonal_results": 0.01916406663434374}, "var_of_defect": {"var_results": 0.004147956875314721}, "var_sobel": {"var_sobel_results": 0.13376333773590493}}