{"var_laplacian": {"var_lap_first_results": 3.1496676237322045, "var_lap_diagonal_results": 11.98852533331527}, "var_of_defect": {"var_results": 32.487677247467005}, "var_sobel": {"var_sobel_results": 41.064627999750265}}