{"var_laplacian": {"var_lap_first_results": 0.9464649228682944, "var_lap_diagonal_results": 5.024074170643526}, "var_of_defect": {"var_results": 4.482364102199987}, "var_sobel": {"var_sobel_results": 25.78288585634111}}