{"var_laplacian": {"var_lap_first_results": 0.6766706608543817, "var_lap_diagonal_results": 3.9748367769497546}, "var_of_defect": {"var_results": 88.93991772681244}, "var_sobel": {"var_sobel_results": 38.628946675864455}}