{"var_laplacian": {"var_lap_first_results": 1.25531882611929, "var_lap_diagonal_results": 8.374076704642057}, "var_of_defect": {"var_results": 88.22247357647684}, "var_sobel": {"var_sobel_results": 63.32562937036049}}