{"var_laplacian": {"var_lap_first_results": 0.0006371461974137043, "var_lap_diagonal_results": 0.0033304784680912515}, "var_of_defect": {"var_results": 0.0002816323599846989}, "var_sobel": {"var_sobel_results": 0.015892545104395882}}