{"var_laplacian": {"var_lap_first_results": 0.6642063882461368, "var_lap_diagonal_results": 3.8771837002363667}, "var_of_defect": {"var_results": 2.2902491044241735}, "var_sobel": {"var_sobel_results": 18.02619245426231}}