{"var_laplacian": {"var_lap_first_results": 0.9451702658644197, "var_lap_diagonal_results": 6.3293976177106295}, "var_of_defect": {"var_results": 6.107729408779149}, "var_sobel": {"var_sobel_results": 36.560026434960754}}