{"var_laplacian": {"var_lap_first_results": 4.488750690494232, "var_lap_diagonal_results": 18.83283372120916}, "var_of_defect": {"var_results": 30.99703680413279}, "var_sobel": {"var_sobel_results": 62.49882404101902}}