{"var_laplacian": {"var_lap_first_results": 0.7349528929947884, "var_lap_diagonal_results": 5.092015810480998}, "var_of_defect": {"var_results": 28.273047503320292}, "var_sobel": {"var_sobel_results": 42.5657105120118}}