{"var_laplacian": {"var_lap_first_results": 0.4604427578473203, "var_lap_diagonal_results": 3.075867593257972}, "var_of_defect": {"var_results": 2.976814988319451}, "var_sobel": {"var_sobel_results": 19.671633003077375}}