{"var_laplacian": {"var_lap_first_results": 0.9157609352082509, "var_lap_diagonal_results": 5.916421578591411}, "var_of_defect": {"var_results": 85.03585412430485}, "var_sobel": {"var_sobel_results": 50.300993859677156}}