{"var_laplacian": {"var_lap_first_results": 1.0658894833932349, "var_lap_diagonal_results": 6.687197113464767}, "var_of_defect": {"var_results": 77.32257694374678}, "var_sobel": {"var_sobel_results": 53.20508385690147}}