{"var_laplacian": {"var_lap_first_results": 2.376375886118061, "var_lap_diagonal_results": 11.202747989560455}, "var_of_defect": {"var_results": 14.313365918370202}, "var_sobel": {"var_sobel_results": 44.99187414799114}}