{"var_laplacian": {"var_lap_first_results": 0.436735697385537, "var_lap_diagonal_results": 2.896977944024437}, "var_of_defect": {"var_results": 2.0443914692598892}, "var_sobel": {"var_sobel_results": 17.211811121958778}}