{"var_laplacian": {"var_lap_first_results": 1.5690588765682432, "var_lap_diagonal_results": 8.888736966797687}, "var_of_defect": {"var_results": 17.481904889203985}, "var_sobel": {"var_sobel_results": 42.200466902079626}}