{"var_laplacian": {"var_lap_first_results": 3.5547898997505505, "var_lap_diagonal_results": 13.870414219649955}, "var_of_defect": {"var_results": 16.766673306679767}, "var_sobel": {"var_sobel_results": 46.29653474708764}}