{"var_laplacian": {"var_lap_first_results": 0.9739173155642683, "var_lap_diagonal_results": 5.857970447508455}, "var_of_defect": {"var_results": 8.427245842045187}, "var_sobel": {"var_sobel_results": 29.533910934285917}}