{"var_laplacian": {"var_lap_first_results": 0.07296516152895849, "var_lap_diagonal_results": 0.51714026535954}, "var_of_defect": {"var_results": 0.39427415963774765}, "var_sobel": {"var_sobel_results": 4.209313308511278}}