{"var_laplacian": {"var_lap_first_results": 0.8810765488602128, "var_lap_diagonal_results": 5.310203366706831}, "var_of_defect": {"var_results": 4.897582034533868}, "var_sobel": {"var_sobel_results": 27.52875092833847}}