{"var_laplacian": {"var_lap_first_results": 0.9806267159296851, "var_lap_diagonal_results": 6.326563963134861}, "var_of_defect": {"var_results": 74.28600236181678}, "var_sobel": {"var_sobel_results": 53.18673371987625}}