{"var_laplacian": {"var_lap_first_results": 2.3776497529153446, "var_lap_diagonal_results": 12.52206298268006}, "var_of_defect": {"var_results": 112.75393941097445}, "var_sobel": {"var_sobel_results": 59.02915254232423}}