{"var_laplacian": {"var_lap_first_results": 2.0180540801791054, "var_lap_diagonal_results": 11.443966585095833}, "var_of_defect": {"var_results": 37.60934049889178}, "var_sobel": {"var_sobel_results": 55.533543161682076}}