{"var_laplacian": {"var_lap_first_results": 2.6494026231459142, "var_lap_diagonal_results": 14.216847967655138}, "var_of_defect": {"var_results": 60.518385106873765}, "var_sobel": {"var_sobel_results": 64.81938992211836}}