{"var_laplacian": {"var_lap_first_results": 2.4103102799224634, "var_lap_diagonal_results": 12.448799290564814}, "var_of_defect": {"var_results": 111.58031938624048}, "var_sobel": {"var_sobel_results": 59.63572398353944}}