{"var_laplacian": {"var_lap_first_results": 0.09706438899744758, "var_lap_diagonal_results": 0.7016988071941335}, "var_of_defect": {"var_results": 0.5583213148342139}, "var_sobel": {"var_sobel_results": 7.7193028843555425}}