{"var_laplacian": {"var_lap_first_results": 0.812179560898503, "var_lap_diagonal_results": 5.24108705005095}, "var_of_defect": {"var_results": 79.31605822355847}, "var_sobel": {"var_sobel_results": 49.042739871706516}}