{"var_laplacian": {"var_lap_first_results": 0.4716700933571697, "var_lap_diagonal_results": 3.434005844695213}, "var_of_defect": {"var_results": 15.304361245496745}, "var_sobel": {"var_sobel_results": 32.25055241105188}}