{"var_laplacian": {"var_lap_first_results": 0.49761386959159953, "var_lap_diagonal_results": 2.84750645622477}, "var_of_defect": {"var_results": 2.1817106341709183}, "var_sobel": {"var_sobel_results": 12.936426108938544}}