{"var_laplacian": {"var_lap_first_results": 0.906921759583084, "var_lap_diagonal_results": 6.26179855714015}, "var_of_defect": {"var_results": 35.34452720214187}, "var_sobel": {"var_sobel_results": 49.57059700772386}}