{"var_laplacian": {"var_lap_first_results": 0.7925783798467043, "var_lap_diagonal_results": 4.795929333069326}, "var_of_defect": {"var_results": 4.977254928404929}, "var_sobel": {"var_sobel_results": 22.223558523185464}}