{"var_laplacian": {"var_lap_first_results": 0.05770531137244025, "var_lap_diagonal_results": 0.40865534863164704}, "var_of_defect": {"var_results": 0.18024535891678828}, "var_sobel": {"var_sobel_results": 3.6493662622650977}}