{"var_laplacian": {"var_lap_first_results": 0.7634034504819668, "var_lap_diagonal_results": 5.24707961651916}, "var_of_defect": {"var_results": 32.31445203711178}, "var_sobel": {"var_sobel_results": 45.83973045158839}}