{"var_laplacian": {"var_lap_first_results": 0.37609503529465793, "var_lap_diagonal_results": 2.7408299679336046}, "var_of_defect": {"var_results": 15.058041345299717}, "var_sobel": {"var_sobel_results": 30.372012327143796}}