{"var_laplacian": {"var_lap_first_results": 0.8577106339584695, "var_lap_diagonal_results": 4.599833779252234}, "var_of_defect": {"var_results": 2.83801756074709}, "var_sobel": {"var_sobel_results": 19.986444490261643}}