{"var_laplacian": {"var_lap_first_results": 0.27378473421876043, "var_lap_diagonal_results": 1.9403911699911092}, "var_of_defect": {"var_results": 3.0687562859492057}, "var_sobel": {"var_sobel_results": 17.010538099067485}}