{"var_laplacian": {"var_lap_first_results": 0.3617116602933362, "var_lap_diagonal_results": 2.6165551968675134}, "var_of_defect": {"var_results": 2.2045037072449496}, "var_sobel": {"var_sobel_results": 21.88421529356707}}