{"var_laplacian": {"var_lap_first_results": 3.0939880003678466, "var_lap_diagonal_results": 13.513421227001071}, "var_of_defect": {"var_results": 19.086261637669224}, "var_sobel": {"var_sobel_results": 46.54474524056247}}