{"var_laplacian": {"var_lap_first_results": 0.5058493340955911, "var_lap_diagonal_results": 3.5944410381965497}, "var_of_defect": {"var_results": 17.35034996232199}, "var_sobel": {"var_sobel_results": 34.744924995868814}}