{"var_laplacian": {"var_lap_first_results": 0.011779691866762823, "var_lap_diagonal_results": 0.07815869512561771}, "var_of_defect": {"var_results": 0.03340037315857525}, "var_sobel": {"var_sobel_results": 0.9873715127019537}}