{"var_laplacian": {"var_lap_first_results": 0.8349468901087885, "var_lap_diagonal_results": 5.492058510229418}, "var_of_defect": {"var_results": 75.3689514625928}, "var_sobel": {"var_sobel_results": 49.79373752954178}}