{"var_laplacian": {"var_lap_first_results": 0.7739101165399964, "var_lap_diagonal_results": 4.45216295016348}, "var_of_defect": {"var_results": 5.403212715695124}, "var_sobel": {"var_sobel_results": 20.164733189512788}}