{"var_laplacian": {"var_lap_first_results": 0.0010136367548896573, "var_lap_diagonal_results": 0.005290186148957209}, "var_of_defect": {"var_results": 0.0010200343479986112}, "var_sobel": {"var_sobel_results": 0.032469200183786455}}