{"var_laplacian": {"var_lap_first_results": 0.2352521711516742, "var_lap_diagonal_results": 1.667030165484942}, "var_of_defect": {"var_results": 1.452240547642301}, "var_sobel": {"var_sobel_results": 13.221548824875063}}