{"var_laplacian": {"var_lap_first_results": 0.803913981906867, "var_lap_diagonal_results": 5.2638277988752735}, "var_of_defect": {"var_results": 76.37450329110926}, "var_sobel": {"var_sobel_results": 48.76347471632823}}