{"var_laplacian": {"var_lap_first_results": 0.46703458992655283, "var_lap_diagonal_results": 3.373328184611026}, "var_of_defect": {"var_results": 15.265511567064625}, "var_sobel": {"var_sobel_results": 32.21105328216249}}