{"var_laplacian": {"var_lap_first_results": 0.85840134100266, "var_lap_diagonal_results": 5.791647583737799}, "var_of_defect": {"var_results": 64.60391193855492}, "var_sobel": {"var_sobel_results": 53.04051621871633}}