{"var_laplacian": {"var_lap_first_results": 0.0658660374941484, "var_lap_diagonal_results": 0.4544267366758346}, "var_of_defect": {"var_results": 0.3103113710695584}, "var_sobel": {"var_sobel_results": 4.947055745008608}}