{"var_laplacian": {"var_lap_first_results": 0.3802554913900419, "var_lap_diagonal_results": 2.727783782286642}, "var_of_defect": {"var_results": 3.7731787032338833}, "var_sobel": {"var_sobel_results": 22.936515629255606}}