{"var_laplacian": {"var_lap_first_results": 0.001111346919491677, "var_lap_diagonal_results": 0.005976133735177716}, "var_of_defect": {"var_results": 0.0008781722006346842}, "var_sobel": {"var_sobel_results": 0.03529126375057318}}