{"var_laplacian": {"var_lap_first_results": 2.0405679559770067, "var_lap_diagonal_results": 11.832598521481547}, "var_of_defect": {"var_results": 106.90566479651154}, "var_sobel": {"var_sobel_results": 63.65182197074105}}