{"var_laplacian": {"var_lap_first_results": 2.463099220901974, "var_lap_diagonal_results": 12.527969150271282}, "var_of_defect": {"var_results": 16.542634203107493}, "var_sobel": {"var_sobel_results": 52.03365521072564}}