{"var_laplacian": {"var_lap_first_results": 0.05578686703488043, "var_lap_diagonal_results": 0.39721036343598953}, "var_of_defect": {"var_results": 0.14571734508448367}, "var_sobel": {"var_sobel_results": 3.828127905090536}}