{"var_laplacian": {"var_lap_first_results": 0.015295536992241244, "var_lap_diagonal_results": 0.10297819310555234}, "var_of_defect": {"var_results": 0.03555655943609305}, "var_sobel": {"var_sobel_results": 0.9142501531658234}}