{"var_laplacian": {"var_lap_first_results": 2.157241784790642, "var_lap_diagonal_results": 9.316731945528765}, "var_of_defect": {"var_results": 19.922090663155725}, "var_sobel": {"var_sobel_results": 38.87157836112117}}