{"var_laplacian": {"var_lap_first_results": 2.232280462121887, "var_lap_diagonal_results": 12.281004653683702}, "var_of_defect": {"var_results": 41.2582096022967}, "var_sobel": {"var_sobel_results": 57.42930291221858}}