{"var_laplacian": {"var_lap_first_results": 2.797808454753388, "var_lap_diagonal_results": 11.296238528410731}, "var_of_defect": {"var_results": 24.985495513173895}, "var_sobel": {"var_sobel_results": 39.34158982291124}}