{"var_laplacian": {"var_lap_first_results": 0.19149913560875387, "var_lap_diagonal_results": 1.3602411146565705}, "var_of_defect": {"var_results": 1.081830970367641}, "var_sobel": {"var_sobel_results": 14.134667851466915}}