{"var_laplacian": {"var_lap_first_results": 1.8458683930968163, "var_lap_diagonal_results": 10.333633424104509}, "var_of_defect": {"var_results": 12.322202278060233}, "var_sobel": {"var_sobel_results": 47.1878913448418}}