{"var_laplacian": {"var_lap_first_results": 0.922595608040145, "var_lap_diagonal_results": 6.171207803964007}, "var_of_defect": {"var_results": 73.63748959777807}, "var_sobel": {"var_sobel_results": 51.85664369105947}}