{"var_laplacian": {"var_lap_first_results": 0.19572512597595915, "var_lap_diagonal_results": 1.2401452380381444}, "var_of_defect": {"var_results": 1.118648560256884}, "var_sobel": {"var_sobel_results": 8.044169260498128}}