{"var_laplacian": {"var_lap_first_results": 0.9250462755114891, "var_lap_diagonal_results": 5.106462685316001}, "var_of_defect": {"var_results": 6.647817946962451}, "var_sobel": {"var_sobel_results": 22.493823326436967}}