{"var_laplacian": {"var_lap_first_results": 0.5576878390458071, "var_lap_diagonal_results": 3.346644804741981}, "var_of_defect": {"var_results": 77.71699408282053}, "var_sobel": {"var_sobel_results": 38.278216310242904}}