{"var_laplacian": {"var_lap_first_results": 0.18072835568263745, "var_lap_diagonal_results": 1.3215820037102406}, "var_of_defect": {"var_results": 0.6422236268645719}, "var_sobel": {"var_sobel_results": 8.998659960764975}}