{"var_laplacian": {"var_lap_first_results": 0.013238271289542983, "var_lap_diagonal_results": 0.08394696664560178}, "var_of_defect": {"var_results": 0.024772370148547274}, "var_sobel": {"var_sobel_results": 0.7527854720359352}}