{"var_laplacian": {"var_lap_first_results": 0.5603004962306457, "var_lap_diagonal_results": 3.356445513174078}, "var_of_defect": {"var_results": 79.2325890020855}, "var_sobel": {"var_sobel_results": 38.2245362549108}}