{"var_laplacian": {"var_lap_first_results": 0.11889713053029417, "var_lap_diagonal_results": 0.8766538781552972}, "var_of_defect": {"var_results": 0.4236886327390659}, "var_sobel": {"var_sobel_results": 7.307487374199793}}