{"var_laplacian": {"var_lap_first_results": 0.56731350189266, "var_lap_diagonal_results": 3.4491461717784166}, "var_of_defect": {"var_results": 77.41779106158361}, "var_sobel": {"var_sobel_results": 39.192965614742334}}