{"var_laplacian": {"var_lap_first_results": 0.00857339124500838, "var_lap_diagonal_results": 0.0525950037968906}, "var_of_defect": {"var_results": 0.015113088384760828}, "var_sobel": {"var_sobel_results": 0.4175652400932168}}