{"var_laplacian": {"var_lap_first_results": 0.649806565631142, "var_lap_diagonal_results": 3.695303695241555}, "var_of_defect": {"var_results": 4.369253050618756}, "var_sobel": {"var_sobel_results": 17.988544523178437}}