{"var_laplacian": {"var_lap_first_results": 0.8152470970206533, "var_lap_diagonal_results": 5.2643883083631575}, "var_of_defect": {"var_results": 80.2919125769803}, "var_sobel": {"var_sobel_results": 47.9834847416622}}