{"var_laplacian": {"var_lap_first_results": 1.115959999911719, "var_lap_diagonal_results": 5.922906885453328}, "var_of_defect": {"var_results": 8.365811663018038}, "var_sobel": {"var_sobel_results": 24.764821755054015}}