{"var_laplacian": {"var_lap_first_results": 0.9242407200514936, "var_lap_diagonal_results": 6.13257917583257}, "var_of_defect": {"var_results": 77.30930473414863}, "var_sobel": {"var_sobel_results": 51.462576807324126}}