{"var_laplacian": {"var_lap_first_results": 0.8453084867371005, "var_lap_diagonal_results": 5.724930564216547}, "var_of_defect": {"var_results": 63.4969249695614}, "var_sobel": {"var_sobel_results": 52.45304619495517}}