{"var_laplacian": {"var_lap_first_results": 0.05033818630959733, "var_lap_diagonal_results": 0.36515835603832997}, "var_of_defect": {"var_results": 0.20160586315132223}, "var_sobel": {"var_sobel_results": 3.421860854291338}}