{"var_laplacian": {"var_lap_first_results": 1.0931250141897786, "var_lap_diagonal_results": 7.031490346378577}, "var_of_defect": {"var_results": 27.045094802236765}, "var_sobel": {"var_sobel_results": 46.78011145130859}}