{"var_laplacian": {"var_lap_first_results": 3.03389451140809, "var_lap_diagonal_results": 12.176321980161749}, "var_of_defect": {"var_results": 13.724146685853887}, "var_sobel": {"var_sobel_results": 43.14793525456228}}