{"var_laplacian": {"var_lap_first_results": 0.0794941194752664, "var_lap_diagonal_results": 0.5509522706540944}, "var_of_defect": {"var_results": 0.38666047888508076}, "var_sobel": {"var_sobel_results": 6.276822915836087}}