{"var_laplacian": {"var_lap_first_results": 2.591695837251545, "var_lap_diagonal_results": 13.695681072902623}, "var_of_defect": {"var_results": 122.39174832296221}, "var_sobel": {"var_sobel_results": 63.565615898167685}}