{"var_laplacian": {"var_lap_first_results": 0.44177422401099525, "var_lap_diagonal_results": 3.034255920590933}, "var_of_defect": {"var_results": 2.8507615156535686}, "var_sobel": {"var_sobel_results": 18.05869486518896}}