{"var_laplacian": {"var_lap_first_results": 0.1852327127962349, "var_lap_diagonal_results": 1.351169930092587}, "var_of_defect": {"var_results": 0.5939224963074708}, "var_sobel": {"var_sobel_results": 9.541138822481305}}