{"var_laplacian": {"var_lap_first_results": 1.6515251510169116, "var_lap_diagonal_results": 9.295404904458458}, "var_of_defect": {"var_results": 91.92359397613858}, "var_sobel": {"var_sobel_results": 55.940371394189995}}