{"var_laplacian": {"var_lap_first_results": 0.5727865274650017, "var_lap_diagonal_results": 3.377387336758078}, "var_of_defect": {"var_results": 84.50063035665463}, "var_sobel": {"var_sobel_results": 37.271917913974185}}