{"var_laplacian": {"var_lap_first_results": 0.2979158953047454, "var_lap_diagonal_results": 2.077666597111952}, "var_of_defect": {"var_results": 3.5021136991333894}, "var_sobel": {"var_sobel_results": 18.444003535992383}}