{"var_laplacian": {"var_lap_first_results": 0.08137314417143654, "var_lap_diagonal_results": 0.5639362410655724}, "var_of_defect": {"var_results": 0.945175755783371}, "var_sobel": {"var_sobel_results": 7.032818700390591}}