{"var_laplacian": {"var_lap_first_results": 0.6247500325474404, "var_lap_diagonal_results": 4.179241445411034}, "var_of_defect": {"var_results": 5.716353503102778}, "var_sobel": {"var_sobel_results": 25.839443268843034}}