{"var_laplacian": {"var_lap_first_results": 0.6699450064902067, "var_lap_diagonal_results": 3.5189059528270183}, "var_of_defect": {"var_results": 3.114503471349546}, "var_sobel": {"var_sobel_results": 15.272455655535436}}