{"var_laplacian": {"var_lap_first_results": 0.9643261225496761, "var_lap_diagonal_results": 6.259827066051417}, "var_of_defect": {"var_results": 86.5991831908505}, "var_sobel": {"var_sobel_results": 48.74789719330534}}