{"var_laplacian": {"var_lap_first_results": 2.4294405309601466, "var_lap_diagonal_results": 13.438865141599406}, "var_of_defect": {"var_results": 44.80859146993799}, "var_sobel": {"var_sobel_results": 58.395790617016296}}