{"var_laplacian": {"var_lap_first_results": 0.5198337222012234, "var_lap_diagonal_results": 3.7367865747910893}, "var_of_defect": {"var_results": 15.571215067202282}, "var_sobel": {"var_sobel_results": 32.75320543509689}}