{"var_laplacian": {"var_lap_first_results": 0.5274894441919493, "var_lap_diagonal_results": 3.445715589195155}, "var_of_defect": {"var_results": 1.9831524210555507}, "var_sobel": {"var_sobel_results": 16.10830635110366}}