{"var_laplacian": {"var_lap_first_results": 0.2390251860956065, "var_lap_diagonal_results": 1.4926207001286316}, "var_of_defect": {"var_results": 1.5158310676070095}, "var_sobel": {"var_sobel_results": 9.939921214631134}}