{"var_laplacian": {"var_lap_first_results": 0.17070318793243364, "var_lap_diagonal_results": 1.2119817354947477}, "var_of_defect": {"var_results": 0.884786251153013}, "var_sobel": {"var_sobel_results": 10.70705638215624}}