{"var_laplacian": {"var_lap_first_results": 0.8435015549460257, "var_lap_diagonal_results": 5.507235105891619}, "var_of_defect": {"var_results": 81.46680010152112}, "var_sobel": {"var_sobel_results": 50.34275650499893}}