{"var_laplacian": {"var_lap_first_results": 0.9000242395531957, "var_lap_diagonal_results": 4.2482607781020905}, "var_of_defect": {"var_results": 4.133286214877317}, "var_sobel": {"var_sobel_results": 17.588085062587687}}