{"var_laplacian": {"var_lap_first_results": 0.25932741165654705, "var_lap_diagonal_results": 1.8815932288964932}, "var_of_defect": {"var_results": 2.708122595695447}, "var_sobel": {"var_sobel_results": 16.150500952670054}}