{"var_laplacian": {"var_lap_first_results": 0.0019923043476082463, "var_lap_diagonal_results": 0.011817919266879204}, "var_of_defect": {"var_results": 0.0021219081948936234}, "var_sobel": {"var_sobel_results": 0.0760816506725785}}