{"var_laplacian": {"var_lap_first_results": 0.679705208750283, "var_lap_diagonal_results": 4.733674312280913}, "var_of_defect": {"var_results": 26.895348825911068}, "var_sobel": {"var_sobel_results": 41.19285536826358}}