{"var_laplacian": {"var_lap_first_results": 0.423934080363336, "var_lap_diagonal_results": 2.4488210668389634}, "var_of_defect": {"var_results": 2.752330704327901}, "var_sobel": {"var_sobel_results": 13.981877739385281}}