{"var_laplacian": {"var_lap_first_results": 1.523436920792143, "var_lap_diagonal_results": 9.696043131414912}, "var_of_defect": {"var_results": 95.01368499493773}, "var_sobel": {"var_sobel_results": 63.14198917916004}}