{"var_laplacian": {"var_lap_first_results": 0.002432211235150018, "var_lap_diagonal_results": 0.012949095511917872}, "var_of_defect": {"var_results": 0.003102060760265705}, "var_sobel": {"var_sobel_results": 0.08751059224293575}}