{"var_laplacian": {"var_lap_first_results": 0.5468206553065872, "var_lap_diagonal_results": 3.111463578806833}, "var_of_defect": {"var_results": 3.6084803550974747}, "var_sobel": {"var_sobel_results": 15.96222938367077}}