{"var_laplacian": {"var_lap_first_results": 0.8039306664209548, "var_lap_diagonal_results": 5.377381401016966}, "var_of_defect": {"var_results": 63.49207637997906}, "var_sobel": {"var_sobel_results": 51.712287142321664}}