{"var_laplacian": {"var_lap_first_results": 0.35077165834594587, "var_lap_diagonal_results": 2.4737795308772834}, "var_of_defect": {"var_results": 4.163126515201867}, "var_sobel": {"var_sobel_results": 20.570453100985823}}