{"var_laplacian": {"var_lap_first_results": 0.7340045057864901, "var_lap_diagonal_results": 5.063452200112202}, "var_of_defect": {"var_results": 26.923548968212213}, "var_sobel": {"var_sobel_results": 40.560163858571435}}