{"var_laplacian": {"var_lap_first_results": 0.8411382013797652, "var_lap_diagonal_results": 5.4841334452813735}, "var_of_defect": {"var_results": 80.02380172468722}, "var_sobel": {"var_sobel_results": 49.911908586309394}}