{"var_laplacian": {"var_lap_first_results": 0.6091030371254833, "var_lap_diagonal_results": 4.319365599122773}, "var_of_defect": {"var_results": 19.290202433037543}, "var_sobel": {"var_sobel_results": 38.673382453686344}}