{"var_laplacian": {"var_lap_first_results": 0.8401477131445473, "var_lap_diagonal_results": 5.535049587251261}, "var_of_defect": {"var_results": 72.73740606400602}, "var_sobel": {"var_sobel_results": 49.371690957783365}}