{"var_laplacian": {"var_lap_first_results": 0.04099617482511584, "var_lap_diagonal_results": 0.2840046298532862}, "var_of_defect": {"var_results": 0.19998687413806862}, "var_sobel": {"var_sobel_results": 2.6512968970861728}}