{"var_laplacian": {"var_lap_first_results": 1.160549580624504, "var_lap_diagonal_results": 7.788952961554875}, "var_of_defect": {"var_results": 84.66790967852589}, "var_sobel": {"var_sobel_results": 62.69442143516581}}