{"var_laplacian": {"var_lap_first_results": 0.227556142707986, "var_lap_diagonal_results": 1.6394679876796519}, "var_of_defect": {"var_results": 1.137655275377239}, "var_sobel": {"var_sobel_results": 12.034129733902027}}