{"var_laplacian": {"var_lap_first_results": 0.1269015436298459, "var_lap_diagonal_results": 0.8899811677268438}, "var_of_defect": {"var_results": 1.3990834994237995}, "var_sobel": {"var_sobel_results": 11.660587338980925}}