{"var_laplacian": {"var_lap_first_results": 0.11216199537434668, "var_lap_diagonal_results": 0.8245029628777122}, "var_of_defect": {"var_results": 0.5532242982414999}, "var_sobel": {"var_sobel_results": 7.152432493798102}}