{"var_laplacian": {"var_lap_first_results": 0.5732249883388444, "var_lap_diagonal_results": 3.4012345104099784}, "var_of_defect": {"var_results": 82.35479820396058}, "var_sobel": {"var_sobel_results": 37.97037990657568}}