{"var_laplacian": {"var_lap_first_results": 1.1278283995373375, "var_lap_diagonal_results": 7.583499833704318}, "var_of_defect": {"var_results": 77.3173172459353}, "var_sobel": {"var_sobel_results": 61.81226483723175}}