{"var_laplacian": {"var_lap_first_results": 0.7392684352424308, "var_lap_diagonal_results": 5.176261346026476}, "var_of_defect": {"var_results": 26.709095593668298}, "var_sobel": {"var_sobel_results": 41.50669062563625}}