{"var_laplacian": {"var_lap_first_results": 0.8800624965820727, "var_lap_diagonal_results": 5.80456100959635}, "var_of_defect": {"var_results": 73.0523805967544}, "var_sobel": {"var_sobel_results": 50.48595659644453}}