{"var_laplacian": {"var_lap_first_results": 1.0111447579551383, "var_lap_diagonal_results": 5.968681869868176}, "var_of_defect": {"var_results": 109.93215168578253}, "var_sobel": {"var_sobel_results": 38.69429729086572}}