{"var_laplacian": {"var_lap_first_results": 0.32602915855933584, "var_lap_diagonal_results": 2.302274617300207}, "var_of_defect": {"var_results": 1.7703314902108978}, "var_sobel": {"var_sobel_results": 16.43251181105099}}