{"var_laplacian": {"var_lap_first_results": 0.922177165534281, "var_lap_diagonal_results": 5.946858005292518}, "var_of_defect": {"var_results": 84.8715093446962}, "var_sobel": {"var_sobel_results": 48.537040860815864}}