{"var_laplacian": {"var_lap_first_results": 0.8515094721166504, "var_lap_diagonal_results": 5.682129317018056}, "var_of_defect": {"var_results": 68.62584348444672}, "var_sobel": {"var_sobel_results": 52.82111994404546}}