{"var_laplacian": {"var_lap_first_results": 2.749815288192223, "var_lap_diagonal_results": 10.600803119192689}, "var_of_defect": {"var_results": 20.531387330449213}, "var_sobel": {"var_sobel_results": 33.22748624356679}}