{"var_laplacian": {"var_lap_first_results": 0.8927245086865964, "var_lap_diagonal_results": 5.980734242088875}, "var_of_defect": {"var_results": 23.920356836464727}, "var_sobel": {"var_sobel_results": 43.20277155253883}}