{"var_laplacian": {"var_lap_first_results": 0.9423852309914708, "var_lap_diagonal_results": 6.107933553009592}, "var_of_defect": {"var_results": 87.13441899603613}, "var_sobel": {"var_sobel_results": 50.46774928540263}}