{"var_laplacian": {"var_lap_first_results": 0.9021417819928409, "var_lap_diagonal_results": 6.002622643894898}, "var_of_defect": {"var_results": 76.85749524676166}, "var_sobel": {"var_sobel_results": 51.249339327788356}}