{"var_laplacian": {"var_lap_first_results": 1.2284838473636446, "var_lap_diagonal_results": 7.668167031788379}, "var_of_defect": {"var_results": 93.56665443744195}, "var_sobel": {"var_sobel_results": 50.696017956392666}}