{"var_laplacian": {"var_lap_first_results": 0.8270339174219488, "var_lap_diagonal_results": 5.449302172708477}, "var_of_defect": {"var_results": 73.27922232768927}, "var_sobel": {"var_sobel_results": 49.514764476281734}}