{"var_laplacian": {"var_lap_first_results": 0.004961496107448076, "var_lap_diagonal_results": 0.02894854177769849}, "var_of_defect": {"var_results": 0.005323332207678794}, "var_sobel": {"var_sobel_results": 0.19955279817850508}}