{"var_laplacian": {"var_lap_first_results": 0.8756553266824953, "var_lap_diagonal_results": 5.6705471574276585}, "var_of_defect": {"var_results": 83.27409915151699}, "var_sobel": {"var_sobel_results": 50.353804413431476}}