{"var_laplacian": {"var_lap_first_results": 1.3674466016492446, "var_lap_diagonal_results": 8.443142260072715}, "var_of_defect": {"var_results": 8.93531804938219}, "var_sobel": {"var_sobel_results": 42.19612784520728}}