{"var_laplacian": {"var_lap_first_results": 0.10721592608146725, "var_lap_diagonal_results": 0.7781892551441506}, "var_of_defect": {"var_results": 0.3705439449447047}, "var_sobel": {"var_sobel_results": 6.170439137357681}}