{"var_laplacian": {"var_lap_first_results": 0.012396644297591606, "var_lap_diagonal_results": 0.07339043871148035}, "var_of_defect": {"var_results": 0.04355281502269001}, "var_sobel": {"var_sobel_results": 0.519923272928855}}