{"var_laplacian": {"var_lap_first_results": 0.08119931024321082, "var_lap_diagonal_results": 0.5403999609455572}, "var_of_defect": {"var_results": 1.1843564590280575}, "var_sobel": {"var_sobel_results": 5.223217789899819}}