{"var_laplacian": {"var_lap_first_results": 0.6924461357536026, "var_lap_diagonal_results": 5.287547930041359}, "var_of_defect": {"var_results": 6.457092153119547}, "var_sobel": {"var_sobel_results": 28.048197934925483}}