{"var_laplacian": {"var_lap_first_results": 0.6828110528808379, "var_lap_diagonal_results": 4.941697450029895}, "var_of_defect": {"var_results": 2.8946182116394366}, "var_sobel": {"var_sobel_results": 27.891483923807716}}