{"var_laplacian": {"var_lap_first_results": 1.3186214407049774, "var_lap_diagonal_results": 8.472776609810634}, "var_of_defect": {"var_results": 95.63654283288638}, "var_sobel": {"var_sobel_results": 68.65487183112536}}