{"var_laplacian": {"var_lap_first_results": 0.4666202519141679, "var_lap_diagonal_results": 3.5779553582182997}, "var_of_defect": {"var_results": 4.310863103161717}, "var_sobel": {"var_sobel_results": 16.44233707865556}}