{"var_laplacian": {"var_lap_first_results": 0.3262635078740304, "var_lap_diagonal_results": 2.0535078112604657}, "var_of_defect": {"var_results": 1.192219598401753}, "var_sobel": {"var_sobel_results": 18.66693030910104}}