{"var_laplacian": {"var_lap_first_results": 1.4305413320989417, "var_lap_diagonal_results": 8.95777994753796}, "var_of_defect": {"var_results": 104.06350449982627}, "var_sobel": {"var_sobel_results": 62.27528055413667}}