{"var_laplacian": {"var_lap_first_results": 0.10118885797800854, "var_lap_diagonal_results": 0.6713208242675794}, "var_of_defect": {"var_results": 1.411873083678311}, "var_sobel": {"var_sobel_results": 6.317347341550524}}