{"var_laplacian": {"var_lap_first_results": 1.6721350119090153, "var_lap_diagonal_results": 9.846202025571143}, "var_of_defect": {"var_results": 104.76377425512193}, "var_sobel": {"var_sobel_results": 65.53004664233264}}