{"var_laplacian": {"var_lap_first_results": 0.0007666519969240713, "var_lap_diagonal_results": 0.004367977119785692}, "var_of_defect": {"var_results": 0.000772728091447848}, "var_sobel": {"var_sobel_results": 0.035333588882970536}}