{"var_laplacian": {"var_lap_first_results": 0.017584397165686314, "var_lap_diagonal_results": 0.1121925820475364}, "var_of_defect": {"var_results": 0.042231250840506}, "var_sobel": {"var_sobel_results": 1.344551297611348}}