{"var_laplacian": {"var_lap_first_results": 1.1935763752581285, "var_lap_diagonal_results": 8.098176939988361}, "var_of_defect": {"var_results": 73.78395831273095}, "var_sobel": {"var_sobel_results": 65.80638584663816}}