{"var_laplacian": {"var_lap_first_results": 0.19826075805167673, "var_lap_diagonal_results": 1.406182823514788}, "var_of_defect": {"var_results": 2.8127902347658726}, "var_sobel": {"var_sobel_results": 13.108300688598181}}