{"var_laplacian": {"var_lap_first_results": 0.050512292641528615, "var_lap_diagonal_results": 0.3578242154080502}, "var_of_defect": {"var_results": 0.17254470038543604}, "var_sobel": {"var_sobel_results": 2.1841441717743373}}