{"var_laplacian": {"var_lap_first_results": 0.049867952034342106, "var_lap_diagonal_results": 0.3433354147992166}, "var_of_defect": {"var_results": 0.2984259300634275}, "var_sobel": {"var_sobel_results": 3.9163123054901994}}