{"var_laplacian": {"var_lap_first_results": 1.1483936902693133, "var_lap_diagonal_results": 7.377431122377278}, "var_of_defect": {"var_results": 92.14614424544055}, "var_sobel": {"var_sobel_results": 61.164265894420296}}