{"var_laplacian": {"var_lap_first_results": 0.005088854047778978, "var_lap_diagonal_results": 0.029750936281615514}, "var_of_defect": {"var_results": 0.008392646371035779}, "var_sobel": {"var_sobel_results": 0.33761710711570464}}