{"var_laplacian": {"var_lap_first_results": 11.440929147025859, "var_lap_diagonal_results": 35.98625492644315}, "var_of_defect": {"var_results": 57.673040216622255}, "var_sobel": {"var_sobel_results": 79.61076437767339}}