{"var_laplacian": {"var_lap_first_results": 0.13064803048561202, "var_lap_diagonal_results": 0.9486937357063077}, "var_of_defect": {"var_results": 0.8124071163785551}, "var_sobel": {"var_sobel_results": 8.075631055864761}}