{"var_laplacian": {"var_lap_first_results": 1.4093132685584095, "var_lap_diagonal_results": 9.907804408069703}, "var_of_defect": {"var_results": 80.84399602686321}, "var_sobel": {"var_sobel_results": 61.346970762077156}}