{"var_laplacian": {"var_lap_first_results": 0.0583163029432961, "var_lap_diagonal_results": 0.398317024114735}, "var_of_defect": {"var_results": 0.8501329872122649}, "var_sobel": {"var_sobel_results": 4.013815079185072}}