{"var_laplacian": {"var_lap_first_results": 7.125555189565815, "var_lap_diagonal_results": 29.887156001464618}, "var_of_defect": {"var_results": 105.41588496050557}, "var_sobel": {"var_sobel_results": 78.82791297968973}}