{"var_laplacian": {"var_lap_first_results": 1.2218587182605931, "var_lap_diagonal_results": 8.119629028828054}, "var_of_defect": {"var_results": 82.87369884767703}, "var_sobel": {"var_sobel_results": 62.526676419368826}}