{"var_laplacian": {"var_lap_first_results": 3.2408358154373116, "var_lap_diagonal_results": 16.000143860817225}, "var_of_defect": {"var_results": 133.2954028193787}, "var_sobel": {"var_sobel_results": 63.0571637094572}}