{"var_laplacian": {"var_lap_first_results": 6.156950292934027, "var_lap_diagonal_results": 30.02629446719089}, "var_of_defect": {"var_results": 72.13119924266388}, "var_sobel": {"var_sobel_results": 89.61515724542778}}