{"var_laplacian": {"var_lap_first_results": 0.006068660045855403, "var_lap_diagonal_results": 0.03472240307689072}, "var_of_defect": {"var_results": 0.017020040545142546}, "var_sobel": {"var_sobel_results": 0.30766939485157035}}