{"var_laplacian": {"var_lap_first_results": 0.18341246738356276, "var_lap_diagonal_results": 1.2775752958619566}, "var_of_defect": {"var_results": 0.5903490723407132}, "var_sobel": {"var_sobel_results": 11.817178892652045}}