{"var_laplacian": {"var_lap_first_results": 0.5118492299996409, "var_lap_diagonal_results": 3.214340380976544}, "var_of_defect": {"var_results": 1.944112158276864}, "var_sobel": {"var_sobel_results": 23.879883228084257}}