{"var_laplacian": {"var_lap_first_results": 1.1758040485748524, "var_lap_diagonal_results": 7.6404001696512704}, "var_of_defect": {"var_results": 86.88849220696551}, "var_sobel": {"var_sobel_results": 62.68237849355011}}