{"var_laplacian": {"var_lap_first_results": 0.4670167587885575, "var_lap_diagonal_results": 3.457040968291121}, "var_of_defect": {"var_results": 2.1636328081977227}, "var_sobel": {"var_sobel_results": 29.429223430047198}}