{"var_laplacian": {"var_lap_first_results": 0.16057521740103153, "var_lap_diagonal_results": 1.1255283163290961}, "var_of_defect": {"var_results": 2.2776881706153187}, "var_sobel": {"var_sobel_results": 10.905339264239814}}