{"var_laplacian": {"var_lap_first_results": 0.17513993179253343, "var_lap_diagonal_results": 1.2790043816911476}, "var_of_defect": {"var_results": 0.7036364031080705}, "var_sobel": {"var_sobel_results": 7.303628188501737}}