{"var_laplacian": {"var_lap_first_results": 2.1915507157442695, "var_lap_diagonal_results": 14.39289211103723}, "var_of_defect": {"var_results": 18.448730123323006}, "var_sobel": {"var_sobel_results": 65.82685714641272}}