{"var_laplacian": {"var_lap_first_results": 1.4520955184611517, "var_lap_diagonal_results": 10.060501453083116}, "var_of_defect": {"var_results": 81.40375343870672}, "var_sobel": {"var_sobel_results": 61.5681235636331}}