{"var_laplacian": {"var_lap_first_results": 11.359057187241536, "var_lap_diagonal_results": 35.47030323166223}, "var_of_defect": {"var_results": 57.57352400497794}, "var_sobel": {"var_sobel_results": 80.43218899297905}}