{"var_laplacian": {"var_lap_first_results": 0.2703154814879136, "var_lap_diagonal_results": 1.7822421575899683}, "var_of_defect": {"var_results": 0.8998723100895681}, "var_sobel": {"var_sobel_results": 15.63242057524827}}