{"var_laplacian": {"var_lap_first_results": 0.8288231764651324, "var_lap_diagonal_results": 6.0469402667388295}, "var_of_defect": {"var_results": 6.95345660257907}, "var_sobel": {"var_sobel_results": 44.65512766577255}}