{"var_laplacian": {"var_lap_first_results": 1.4835817001805311, "var_lap_diagonal_results": 9.90563335410472}, "var_of_defect": {"var_results": 94.46910077537787}, "var_sobel": {"var_sobel_results": 62.736539060710456}}