{"var_laplacian": {"var_lap_first_results": 0.004265407764090317, "var_lap_diagonal_results": 0.025575696439896108}, "var_of_defect": {"var_results": 0.007858487597290352}, "var_sobel": {"var_sobel_results": 0.22464404895876394}}