{"var_laplacian": {"var_lap_first_results": 0.037397867842941745, "var_lap_diagonal_results": 0.262548625790908}, "var_of_defect": {"var_results": 0.11489936061070508}, "var_sobel": {"var_sobel_results": 1.4774775446545354}}