{"var_laplacian": {"var_lap_first_results": 0.5780123906514606, "var_lap_diagonal_results": 4.219976507017593}, "var_of_defect": {"var_results": 5.368204369269609}, "var_sobel": {"var_sobel_results": 18.9013398513404}}