{"var_laplacian": {"var_lap_first_results": 0.1265891895545649, "var_lap_diagonal_results": 0.8999277086770125}, "var_of_defect": {"var_results": 0.8144198406662138}, "var_sobel": {"var_sobel_results": 7.85029602959181}}