{"var_laplacian": {"var_lap_first_results": 0.14910936385929788, "var_lap_diagonal_results": 1.0178772613989964}, "var_of_defect": {"var_results": 0.504078361632133}, "var_sobel": {"var_sobel_results": 11.34410202581677}}