{"var_laplacian": {"var_lap_first_results": 0.024675172703053534, "var_lap_diagonal_results": 0.16660463832431746}, "var_of_defect": {"var_results": 0.07032309821810075}, "var_sobel": {"var_sobel_results": 0.9745204734296068}}