{"var_laplacian": {"var_lap_first_results": 0.01483540595350304, "var_lap_diagonal_results": 0.09885483745107897}, "var_of_defect": {"var_results": 0.03728756674864621}, "var_sobel": {"var_sobel_results": 0.5421202053033738}}