{"var_laplacian": {"var_lap_first_results": 0.24783800473325157, "var_lap_diagonal_results": 1.6307133364194764}, "var_of_defect": {"var_results": 0.8589485967971627}, "var_sobel": {"var_sobel_results": 15.337180944915405}}