{"var_laplacian": {"var_lap_first_results": 1.4869412968316755, "var_lap_diagonal_results": 9.321389314338418}, "var_of_defect": {"var_results": 107.31574085845999}, "var_sobel": {"var_sobel_results": 62.58672028616177}}