{"var_laplacian": {"var_lap_first_results": 0.04443614350922659, "var_lap_diagonal_results": 0.30412158452959626}, "var_of_defect": {"var_results": 0.13858697989302185}, "var_sobel": {"var_sobel_results": 4.04485021015185}}