{"var_laplacian": {"var_lap_first_results": 0.3451185832847887, "var_lap_diagonal_results": 2.67974103342251}, "var_of_defect": {"var_results": 2.794556564377096}, "var_sobel": {"var_sobel_results": 12.451551006847444}}