{"var_laplacian": {"var_lap_first_results": 1.1792855430747686, "var_lap_diagonal_results": 8.582374684695665}, "var_of_defect": {"var_results": 24.281341099752968}, "var_sobel": {"var_sobel_results": 49.011916300285165}}