{"var_laplacian": {"var_lap_first_results": 0.04321854950290887, "var_lap_diagonal_results": 0.29346770116412263}, "var_of_defect": {"var_results": 0.12409595818266139}, "var_sobel": {"var_sobel_results": 3.795748865318692}}