{"var_laplacian": {"var_lap_first_results": 1.3076089176296222, "var_lap_diagonal_results": 8.423191450186973}, "var_of_defect": {"var_results": 93.4454166265839}, "var_sobel": {"var_sobel_results": 68.23701808983262}}