{"var_laplacian": {"var_lap_first_results": 0.7123772414355437, "var_lap_diagonal_results": 5.33247574400946}, "var_of_defect": {"var_results": 6.369965155124302}, "var_sobel": {"var_sobel_results": 27.69571590495845}}