{"var_laplacian": {"var_lap_first_results": 1.468993325920658, "var_lap_diagonal_results": 9.129910017246615}, "var_of_defect": {"var_results": 99.01006259764604}, "var_sobel": {"var_sobel_results": 65.17838582175335}}