{"var_laplacian": {"var_lap_first_results": 1.239489849417963, "var_lap_diagonal_results": 8.217042929557419}, "var_of_defect": {"var_results": 82.17626069581402}, "var_sobel": {"var_sobel_results": 62.98031948159946}}