{"var_laplacian": {"var_lap_first_results": 0.0053783841277387215, "var_lap_diagonal_results": 0.02893342741502883}, "var_of_defect": {"var_results": 0.009744265595876715}, "var_sobel": {"var_sobel_results": 0.15496415350554604}}