{"var_laplacian": {"var_lap_first_results": 0.061924352500713466, "var_lap_diagonal_results": 0.4226198933857952}, "var_of_defect": {"var_results": 0.8406005231533437}, "var_sobel": {"var_sobel_results": 4.310281932131812}}