{"var_laplacian": {"var_lap_first_results": 8.447428690146118, "var_lap_diagonal_results": 35.52389057426765}, "var_of_defect": {"var_results": 104.83123723684594}, "var_sobel": {"var_sobel_results": 91.00242303083677}}