{"var_laplacian": {"var_lap_first_results": 0.5623559466510645, "var_lap_diagonal_results": 4.17356755356949}, "var_of_defect": {"var_results": 5.328460240996431}, "var_sobel": {"var_sobel_results": 18.337653927870164}}