{"var_laplacian": {"var_lap_first_results": 0.404718678501629, "var_lap_diagonal_results": 3.1220558644057395}, "var_of_defect": {"var_results": 3.6080069196264937}, "var_sobel": {"var_sobel_results": 14.453302900862122}}