{"var_laplacian": {"var_lap_first_results": 0.435622370710381, "var_lap_diagonal_results": 2.624364106805036}, "var_of_defect": {"var_results": 1.599088424823847}, "var_sobel": {"var_sobel_results": 21.80728091308711}}