{"var_laplacian": {"var_lap_first_results": 0.7199220788864128, "var_lap_diagonal_results": 5.319346768713606}, "var_of_defect": {"var_results": 6.930636124429034}, "var_sobel": {"var_sobel_results": 29.242557358696857}}