{"var_laplacian": {"var_lap_first_results": 0.2831335408979777, "var_lap_diagonal_results": 2.029857686314671}, "var_of_defect": {"var_results": 1.2546594879802975}, "var_sobel": {"var_sobel_results": 17.95649808574119}}