{"var_laplacian": {"var_lap_first_results": 0.3859463144783503, "var_lap_diagonal_results": 2.82588102613353}, "var_of_defect": {"var_results": 1.6013632756364378}, "var_sobel": {"var_sobel_results": 21.41317470135038}}