{"var_laplacian": {"var_lap_first_results": 0.0006334714774583203, "var_lap_diagonal_results": 0.003597237963484589}, "var_of_defect": {"var_results": 0.0005785356526568613}, "var_sobel": {"var_sobel_results": 0.03126196930518834}}