{"var_laplacian": {"var_lap_first_results": 1.9256306792262496, "var_lap_diagonal_results": 13.75051671290603}, "var_of_defect": {"var_results": 27.893507881061133}, "var_sobel": {"var_sobel_results": 69.4373248571515}}