{"var_laplacian": {"var_lap_first_results": 0.1417688327312699, "var_lap_diagonal_results": 1.0198538603711405}, "var_of_defect": {"var_results": 0.5591965208196366}, "var_sobel": {"var_sobel_results": 6.394300092615595}}