{"var_laplacian": {"var_lap_first_results": 0.09424321287398017, "var_lap_diagonal_results": 0.6325215139049509}, "var_of_defect": {"var_results": 1.3044225752663332}, "var_sobel": {"var_sobel_results": 6.042203243576478}}