{"var_laplacian": {"var_lap_first_results": 0.38220282080316975, "var_lap_diagonal_results": 2.3422412584609487}, "var_of_defect": {"var_results": 1.311603307859989}, "var_sobel": {"var_sobel_results": 19.05905620426171}}