{"var_laplacian": {"var_lap_first_results": 0.00833078823351632, "var_lap_diagonal_results": 0.04862959002390308}, "var_of_defect": {"var_results": 0.02275675417903736}, "var_sobel": {"var_sobel_results": 0.3157695765389714}}