{"var_laplacian": {"var_lap_first_results": 0.154638884572234, "var_lap_diagonal_results": 1.0898886103328653}, "var_of_defect": {"var_results": 2.094521677384218}, "var_sobel": {"var_sobel_results": 10.697156423588261}}