{"var_laplacian": {"var_lap_first_results": 0.7208550324313627, "var_lap_diagonal_results": 5.395305291878019}, "var_of_defect": {"var_results": 8.325841891864942}, "var_sobel": {"var_sobel_results": 34.224755671129}}