{"var_laplacian": {"var_lap_first_results": 0.13778088101002955, "var_lap_diagonal_results": 0.968250092755491}, "var_of_defect": {"var_results": 1.8947508973724265}, "var_sobel": {"var_sobel_results": 9.449948787195726}}