{"var_laplacian": {"var_lap_first_results": 0.08112145982300033, "var_lap_diagonal_results": 0.5726264821775131}, "var_of_defect": {"var_results": 0.28038912105294217}, "var_sobel": {"var_sobel_results": 7.08185706271413}}