{"var_laplacian": {"var_lap_first_results": 0.5794310629289653, "var_lap_diagonal_results": 4.257516442553786}, "var_of_defect": {"var_results": 5.39779280406421}, "var_sobel": {"var_sobel_results": 19.325318962012858}}