{"var_laplacian": {"var_lap_first_results": 0.002927858706939906, "var_lap_diagonal_results": 0.016817683128883362}, "var_of_defect": {"var_results": 0.0049125358266674714}, "var_sobel": {"var_sobel_results": 0.20593122999958313}}