{"var_laplacian": {"var_lap_first_results": 0.09700188227305587, "var_lap_diagonal_results": 0.698186173485195}, "var_of_defect": {"var_results": 0.3355966101799136}, "var_sobel": {"var_sobel_results": 4.2057333847915395}}