{"var_laplacian": {"var_lap_first_results": 0.12641484815726978, "var_lap_diagonal_results": 0.8899437992971237}, "var_of_defect": {"var_results": 0.7987431968740835}, "var_sobel": {"var_sobel_results": 7.397752953310773}}