{"var_laplacian": {"var_lap_first_results": 0.1095028434140399, "var_lap_diagonal_results": 0.7582818428913525}, "var_of_defect": {"var_results": 0.33333488342447426}, "var_sobel": {"var_sobel_results": 8.174867456682112}}