{"var_laplacian": {"var_lap_first_results": 2.0772159133596797, "var_lap_diagonal_results": 14.057568072014906}, "var_of_defect": {"var_results": 42.14879697115364}, "var_sobel": {"var_sobel_results": 65.22752911982039}}