{"var_laplacian": {"var_lap_first_results": 1.971098058231822, "var_lap_diagonal_results": 8.373372481775823}, "var_of_defect": {"var_results": 7.7603445581932915}, "var_sobel": {"var_sobel_results": 34.36872604249533}}