{"var_laplacian": {"var_lap_first_results": 6.595274827928855, "var_lap_diagonal_results": 26.490363643562436}, "var_of_defect": {"var_results": 32.750219806649305}, "var_sobel": {"var_sobel_results": 71.20829564627522}}