{"var_laplacian": {"var_lap_first_results": 7.926449573754716e-05, "var_lap_diagonal_results": 0.0003587759279169586}, "var_of_defect": {"var_results": 8.343623802109146e-06}, "var_sobel": {"var_sobel_results": 0.0005965411523181507}}