{"var_laplacian": {"var_lap_first_results": 0.22120722334275683, "var_lap_diagonal_results": 1.6162532309919395}, "var_of_defect": {"var_results": 0.905057747157065}, "var_sobel": {"var_sobel_results": 8.781229785762768}}