{"var_laplacian": {"var_lap_first_results": 0.009174316913755958, "var_lap_diagonal_results": 0.05441113421074764}, "var_of_defect": {"var_results": 0.016487460968036417}, "var_sobel": {"var_sobel_results": 0.3016578878688695}}