{"var_laplacian": {"var_lap_first_results": 0.3143879600807774, "var_lap_diagonal_results": 2.4028693998274315}, "var_of_defect": {"var_results": 1.7265699331425546}, "var_sobel": {"var_sobel_results": 9.657808109829787}}