{"var_laplacian": {"var_lap_first_results": 0.06935519751478578, "var_lap_diagonal_results": 0.44259583395318397}, "var_of_defect": {"var_results": 0.8584298240357144}, "var_sobel": {"var_sobel_results": 4.2934722297175005}}