{"var_laplacian": {"var_lap_first_results": 0.06343375919278336, "var_lap_diagonal_results": 0.44602888972577615}, "var_of_defect": {"var_results": 0.367659867777557}, "var_sobel": {"var_sobel_results": 3.5908473842272652}}