{"var_laplacian": {"var_lap_first_results": 0.3181597059679119, "var_lap_diagonal_results": 2.46590259912254}, "var_of_defect": {"var_results": 2.159077328518144}, "var_sobel": {"var_sobel_results": 10.637726203246338}}