{"var_laplacian": {"var_lap_first_results": 0.06859272673168508, "var_lap_diagonal_results": 0.4712157047435383}, "var_of_defect": {"var_results": 0.9792206438078797}, "var_sobel": {"var_sobel_results": 4.774344873236369}}