{"var_laplacian": {"var_lap_first_results": 0.44017381539222106, "var_lap_diagonal_results": 3.3748486459776164}, "var_of_defect": {"var_results": 3.934287695906984}, "var_sobel": {"var_sobel_results": 15.265659938930439}}