{"var_laplacian": {"var_lap_first_results": 0.025405673913460113, "var_lap_diagonal_results": 0.16818567124254985}, "var_of_defect": {"var_results": 0.05869120465000726}, "var_sobel": {"var_sobel_results": 1.989132666907136}}