{"var_laplacian": {"var_lap_first_results": 1.0603390633397058, "var_lap_diagonal_results": 5.657460530784126}, "var_of_defect": {"var_results": 4.319483746213323}, "var_sobel": {"var_sobel_results": 30.610415337767968}}