{"var_laplacian": {"var_lap_first_results": 0.06637783647480767, "var_lap_diagonal_results": 0.47504580920968686}, "var_of_defect": {"var_results": 0.24728883657632428}, "var_sobel": {"var_sobel_results": 3.0635355320569926}}