{"var_laplacian": {"var_lap_first_results": 1.261062704516618, "var_lap_diagonal_results": 6.110818537699713}, "var_of_defect": {"var_results": 4.964208537833302}, "var_sobel": {"var_sobel_results": 30.134878280123203}}