{"var_laplacian": {"var_lap_first_results": 0.061470545151952334, "var_lap_diagonal_results": 0.4076227250259744}, "var_of_defect": {"var_results": 0.8700290437231729}, "var_sobel": {"var_sobel_results": 4.138237929200261}}