{"var_laplacian": {"var_lap_first_results": 0.8044915907293434, "var_lap_diagonal_results": 6.033010280452562}, "var_of_defect": {"var_results": 10.827513540968448}, "var_sobel": {"var_sobel_results": 42.84709752383123}}