{"var_laplacian": {"var_lap_first_results": 0.11792918476388704, "var_lap_diagonal_results": 0.8004855909017631}, "var_of_defect": {"var_results": 1.5421349114904443}, "var_sobel": {"var_sobel_results": 7.769066362452911}}