{"var_laplacian": {"var_lap_first_results": 0.3901932363906173, "var_lap_diagonal_results": 2.9970822605578804}, "var_of_defect": {"var_results": 3.3312054566780365}, "var_sobel": {"var_sobel_results": 13.75182747815221}}