{"var_laplacian": {"var_lap_first_results": 0.3126556205014382, "var_lap_diagonal_results": 2.4279017239006437}, "var_of_defect": {"var_results": 1.6398071339424911}, "var_sobel": {"var_sobel_results": 9.112550165410706}}