{"var_laplacian": {"var_lap_first_results": 0.08301842349308787, "var_lap_diagonal_results": 0.5680493366617873}, "var_of_defect": {"var_results": 0.2534962598910262}, "var_sobel": {"var_sobel_results": 7.199394392385196}}