{"var_laplacian": {"var_lap_first_results": 0.7139859114191296, "var_lap_diagonal_results": 5.291110262258554}, "var_of_defect": {"var_results": 6.453436724216455}, "var_sobel": {"var_sobel_results": 28.247478874794854}}