{"var_laplacian": {"var_lap_first_results": 0.3622832883923829, "var_lap_diagonal_results": 2.737078980074226}, "var_of_defect": {"var_results": 2.5841931015766604}, "var_sobel": {"var_sobel_results": 11.580967262727034}}