{"var_laplacian": {"var_lap_first_results": 0.0010550731631658193, "var_lap_diagonal_results": 0.005612893775135625}, "var_of_defect": {"var_results": 0.0007337835554793097}, "var_sobel": {"var_sobel_results": 0.025069972947257557}}