{"var_laplacian": {"var_lap_first_results": 0.5576115729959931, "var_lap_diagonal_results": 3.2173200413728655}, "var_of_defect": {"var_results": 1.872245026419581}, "var_sobel": {"var_sobel_results": 21.817432917461876}}