{"var_laplacian": {"var_lap_first_results": 0.18826121875669394, "var_lap_diagonal_results": 1.3519967925125116}, "var_of_defect": {"var_results": 1.3487891345893128}, "var_sobel": {"var_sobel_results": 16.164734337252426}}