{"var_laplacian": {"var_lap_first_results": 0.12711675827325924, "var_lap_diagonal_results": 0.8413495244677859}, "var_of_defect": {"var_results": 1.6954339935422873}, "var_sobel": {"var_sobel_results": 7.953049545660843}}