{"var_laplacian": {"var_lap_first_results": 4.070368488802187, "var_lap_diagonal_results": 19.440422418167234}, "var_of_defect": {"var_results": 143.69509531446474}, "var_sobel": {"var_sobel_results": 64.29856171914957}}