{"var_laplacian": {"var_lap_first_results": 1.1280352199411132, "var_lap_diagonal_results": 7.333975171346187}, "var_of_defect": {"var_results": 88.45858478362202}, "var_sobel": {"var_sobel_results": 62.0178209940059}}