{"var_laplacian": {"var_lap_first_results": 0.29936958746626674, "var_lap_diagonal_results": 2.107142559757952}, "var_of_defect": {"var_results": 1.1954367919977191}, "var_sobel": {"var_sobel_results": 10.880453201427391}}