{"var_laplacian": {"var_lap_first_results": 0.06466826823875944, "var_lap_diagonal_results": 0.30816566917930266}, "var_of_defect": {"var_results": 8.721063640424344}, "var_sobel": {"var_sobel_results": 3.3281252581713794}}