{"var_laplacian": {"var_lap_first_results": 0.10588227832377839, "var_lap_diagonal_results": 0.5781511936100645}, "var_of_defect": {"var_results": 7.069406427399442}, "var_sobel": {"var_sobel_results": 9.677772754351484}}