{"var_laplacian": {"var_lap_first_results": 0.11339404636239322, "var_lap_diagonal_results": 0.5161428440649647}, "var_of_defect": {"var_results": 16.882168026123566}, "var_sobel": {"var_sobel_results": 4.913626086827894}}