{"var_laplacian": {"var_lap_first_results": 0.34789079290252894, "var_lap_diagonal_results": 2.288777296329563}, "var_of_defect": {"var_results": 7.68881925951458}, "var_sobel": {"var_sobel_results": 17.332953883284254}}