{"var_laplacian": {"var_lap_first_results": 0.09791820167208162, "var_lap_diagonal_results": 0.42570850426531204}, "var_of_defect": {"var_results": 13.895992347797202}, "var_sobel": {"var_sobel_results": 4.16772749153741}}