{"var_laplacian": {"var_lap_first_results": 0.07920069061657675, "var_lap_diagonal_results": 0.34091939282628686}, "var_of_defect": {"var_results": 9.004278578679472}, "var_sobel": {"var_sobel_results": 2.8092603843946446}}