{"var_laplacian": {"var_lap_first_results": 0.008419246112109672, "var_lap_diagonal_results": 0.04759244665695584}, "var_of_defect": {"var_results": 0.07132077823141027}, "var_sobel": {"var_sobel_results": 0.9044952597580562}}