{"var_laplacian": {"var_lap_first_results": 0.10654232165031977, "var_lap_diagonal_results": 0.5750943782005896}, "var_of_defect": {"var_results": 7.0672132443498805}, "var_sobel": {"var_sobel_results": 9.359085231287477}}