{"var_laplacian": {"var_lap_first_results": 0.03894408548975567, "var_lap_diagonal_results": 0.2636269491123232}, "var_of_defect": {"var_results": 0.5800697865818928}, "var_sobel": {"var_sobel_results": 3.6489195875562994}}