{"var_laplacian": {"var_lap_first_results": 0.06623338494761521, "var_lap_diagonal_results": 0.4229128093137807}, "var_of_defect": {"var_results": 1.4421109795591154}, "var_sobel": {"var_sobel_results": 5.908332007440119}}