{"var_laplacian": {"var_lap_first_results": 0.447164096255108, "var_lap_diagonal_results": 2.8183909790563604}, "var_of_defect": {"var_results": 4.535486875267867}, "var_sobel": {"var_sobel_results": 17.85650593802491}}