{"var_laplacian": {"var_lap_first_results": 0.019778964131150448, "var_lap_diagonal_results": 0.12031370159968884}, "var_of_defect": {"var_results": 0.16541245185718695}, "var_sobel": {"var_sobel_results": 2.2895220972434687}}