{"var_laplacian": {"var_lap_first_results": 0.051647032419619196, "var_lap_diagonal_results": 0.3110004490575553}, "var_of_defect": {"var_results": 1.0963279179712353}, "var_sobel": {"var_sobel_results": 5.007079682947163}}