{"var_laplacian": {"var_lap_first_results": 0.16527242257540575, "var_lap_diagonal_results": 0.8335770282713936}, "var_of_defect": {"var_results": 16.295173669259174}, "var_sobel": {"var_sobel_results": 9.918710511571714}}