{"var_laplacian": {"var_lap_first_results": 0.05106333684749685, "var_lap_diagonal_results": 0.2111737249608653}, "var_of_defect": {"var_results": 5.264915838061721}, "var_sobel": {"var_sobel_results": 1.1726670335181058}}