{"var_laplacian": {"var_lap_first_results": 0.06982937680251855, "var_lap_diagonal_results": 0.3034676828553574}, "var_of_defect": {"var_results": 5.821962352267914}, "var_sobel": {"var_sobel_results": 1.9117041016467624}}