{"var_laplacian": {"var_lap_first_results": 0.08716067227147588, "var_lap_diagonal_results": 0.4979151715129055}, "var_of_defect": {"var_results": 3.344384227692524}, "var_sobel": {"var_sobel_results": 4.783662992268567}}