{"var_laplacian": {"var_lap_first_results": 0.057023330833090045, "var_lap_diagonal_results": 0.24673138805370695}, "var_of_defect": {"var_results": 4.807835934972499}, "var_sobel": {"var_sobel_results": 1.3960211954771446}}