{"var_laplacian": {"var_lap_first_results": 0.492102757334914, "var_lap_diagonal_results": 3.0287860389417047}, "var_of_defect": {"var_results": 10.056857730882546}, "var_sobel": {"var_sobel_results": 19.526039134021023}}