{"var_laplacian": {"var_lap_first_results": 0.45686943982791406, "var_lap_diagonal_results": 2.9013254975448715}, "var_of_defect": {"var_results": 4.5752728528279665}, "var_sobel": {"var_sobel_results": 18.077333641114063}}