{"var_laplacian": {"var_lap_first_results": 0.3528389449498806, "var_lap_diagonal_results": 1.94065202253784}, "var_of_defect": {"var_results": 29.53539002655409}, "var_sobel": {"var_sobel_results": 11.738813512309344}}