{"var_laplacian": {"var_lap_first_results": 0.0368810511572915, "var_lap_diagonal_results": 0.157489269521948}, "var_of_defect": {"var_results": 3.6259246267634433}, "var_sobel": {"var_sobel_results": 0.7018052948957921}}