{"var_laplacian": {"var_lap_first_results": 0.15368406986172867, "var_lap_diagonal_results": 0.7092196081281471}, "var_of_defect": {"var_results": 21.420713561931993}, "var_sobel": {"var_sobel_results": 9.272510433833675}}