{"var_laplacian": {"var_lap_first_results": 0.05373678016647065, "var_lap_diagonal_results": 0.27575045247982855}, "var_of_defect": {"var_results": 2.596375011433123}, "var_sobel": {"var_sobel_results": 3.2439317628533866}}