{"var_laplacian": {"var_lap_first_results": 0.000848506636434427, "var_lap_diagonal_results": 0.004088423230418024}, "var_of_defect": {"var_results": 0.00046133641744386747}, "var_sobel": {"var_sobel_results": 0.014687097449209437}}