{"var_laplacian": {"var_lap_first_results": 0.16966855775627182, "var_lap_diagonal_results": 0.9790628882203032}, "var_of_defect": {"var_results": 7.30158298800683}, "var_sobel": {"var_sobel_results": 7.867942482819607}}