{"var_laplacian": {"var_lap_first_results": 0.1655033479719505, "var_lap_diagonal_results": 0.7845314154716793}, "var_of_defect": {"var_results": 24.138070350044785}, "var_sobel": {"var_sobel_results": 10.189432050740969}}