{"var_laplacian": {"var_lap_first_results": 0.1530227906050354, "var_lap_diagonal_results": 0.9350447243108755}, "var_of_defect": {"var_results": 4.19610354632155}, "var_sobel": {"var_sobel_results": 12.637934857316127}}