{"var_laplacian": {"var_lap_first_results": 0.5831024545322773, "var_lap_diagonal_results": 3.4781377071043615}, "var_of_defect": {"var_results": 32.597469096841884}, "var_sobel": {"var_sobel_results": 20.93172845480085}}