{"var_laplacian": {"var_lap_first_results": 0.11304373603343519, "var_lap_diagonal_results": 0.4938113999823403}, "var_of_defect": {"var_results": 15.889318015223242}, "var_sobel": {"var_sobel_results": 4.5100035805962}}