{"var_laplacian": {"var_lap_first_results": 0.31785998186605946, "var_lap_diagonal_results": 1.7429417379760686}, "var_of_defect": {"var_results": 35.08122877933227}, "var_sobel": {"var_sobel_results": 17.65432178719836}}