{"var_laplacian": {"var_lap_first_results": 0.06943222024180733, "var_lap_diagonal_results": 0.39368347390234604}, "var_of_defect": {"var_results": 2.458689107651571}, "var_sobel": {"var_sobel_results": 4.027285622949882}}