{"var_laplacian": {"var_lap_first_results": 0.06640010452458894, "var_lap_diagonal_results": 0.43285541587132}, "var_of_defect": {"var_results": 0.516327106655703}, "var_sobel": {"var_sobel_results": 8.273721332645346}}