{"var_laplacian": {"var_lap_first_results": 0.26943746703593663, "var_lap_diagonal_results": 1.7981914340786933}, "var_of_defect": {"var_results": 2.7755923393919093}, "var_sobel": {"var_sobel_results": 15.70830066104595}}