{"var_laplacian": {"var_lap_first_results": 0.014477179178835373, "var_lap_diagonal_results": 0.07788294219324828}, "var_of_defect": {"var_results": 0.3079864636467088}, "var_sobel": {"var_sobel_results": 0.7158273096906849}}