{"var_laplacian": {"var_lap_first_results": 0.1734723230407844, "var_lap_diagonal_results": 0.8659982157845969}, "var_of_defect": {"var_results": 24.70058235898076}, "var_sobel": {"var_sobel_results": 11.332581863245087}}