{"var_laplacian": {"var_lap_first_results": 0.13830842554144673, "var_lap_diagonal_results": 0.6887429942966149}, "var_of_defect": {"var_results": 18.319548992749933}, "var_sobel": {"var_sobel_results": 9.865291660579887}}