{"var_laplacian": {"var_lap_first_results": 0.03474618541148398, "var_lap_diagonal_results": 0.15561753535971767}, "var_of_defect": {"var_results": 2.6690710102217805}, "var_sobel": {"var_sobel_results": 0.6892458755840231}}