{"var_laplacian": {"var_lap_first_results": 0.19909994627685962, "var_lap_diagonal_results": 1.2682266236387454}, "var_of_defect": {"var_results": 3.846190331850439}, "var_sobel": {"var_sobel_results": 13.325525114161918}}