{"var_laplacian": {"var_lap_first_results": 0.5224717316162102, "var_lap_diagonal_results": 3.0052553809270424}, "var_of_defect": {"var_results": 38.225390931226094}, "var_sobel": {"var_sobel_results": 21.585771330710934}}