{"var_laplacian": {"var_lap_first_results": 0.0007184596067647181, "var_lap_diagonal_results": 0.003426457504467368}, "var_of_defect": {"var_results": 0.0007283219701602219}, "var_sobel": {"var_sobel_results": 0.021455349360804486}}