{"var_laplacian": {"var_lap_first_results": 0.011514068755192971, "var_lap_diagonal_results": 0.06796772507791837}, "var_of_defect": {"var_results": 0.07961190234963439}, "var_sobel": {"var_sobel_results": 1.1450771339082935}}