{"var_laplacian": {"var_lap_first_results": 0.529063843681352, "var_lap_diagonal_results": 3.0532104375663898}, "var_of_defect": {"var_results": 38.466107199574786}, "var_sobel": {"var_sobel_results": 21.75925263219075}}