{"var_laplacian": {"var_lap_first_results": 0.062279689858635724, "var_lap_diagonal_results": 0.39796428421184615}, "var_of_defect": {"var_results": 0.6942909003000728}, "var_sobel": {"var_sobel_results": 8.076735824988154}}