{"var_laplacian": {"var_lap_first_results": 0.03928312555436915, "var_lap_diagonal_results": 0.16834156299223318}, "var_of_defect": {"var_results": 2.842550981980071}, "var_sobel": {"var_sobel_results": 0.6910465834781603}}