{"var_laplacian": {"var_lap_first_results": 0.06274103158608597, "var_lap_diagonal_results": 0.27613900500683486}, "var_of_defect": {"var_results": 5.896176240583245}, "var_sobel": {"var_sobel_results": 1.8016682569800067}}