{"var_laplacian": {"var_lap_first_results": 0.09763680983349653, "var_lap_diagonal_results": 0.4408160951808216}, "var_of_defect": {"var_results": 13.738210584900122}, "var_sobel": {"var_sobel_results": 4.231000390340923}}