{"var_laplacian": {"var_lap_first_results": 0.21947225327850883, "var_lap_diagonal_results": 1.1086039933697882}, "var_of_defect": {"var_results": 26.810132203331456}, "var_sobel": {"var_sobel_results": 14.391752876791724}}