{"var_laplacian": {"var_lap_first_results": 0.44983496689451113, "var_lap_diagonal_results": 3.148953409925638}, "var_of_defect": {"var_results": 14.467134400331103}, "var_sobel": {"var_sobel_results": 26.650012555031726}}