{"var_laplacian": {"var_lap_first_results": 0.056918135564132145, "var_lap_diagonal_results": 0.2583807714950111}, "var_of_defect": {"var_results": 5.39163966722012}, "var_sobel": {"var_sobel_results": 1.4618223836666662}}