{"var_laplacian": {"var_lap_first_results": 0.3176599853904876, "var_lap_diagonal_results": 1.7841791895274486}, "var_of_defect": {"var_results": 31.861092488134606}, "var_sobel": {"var_sobel_results": 17.907200716111507}}