{"var_laplacian": {"var_lap_first_results": 0.09622468803357845, "var_lap_diagonal_results": 0.4405956997896327}, "var_of_defect": {"var_results": 14.330914527986106}, "var_sobel": {"var_sobel_results": 4.243209700369189}}