{"var_laplacian": {"var_lap_first_results": 0.23904354113264217, "var_lap_diagonal_results": 1.2451954496786153}, "var_of_defect": {"var_results": 29.012303396530022}, "var_sobel": {"var_sobel_results": 13.813459299497953}}