{"var_laplacian": {"var_lap_first_results": 0.046188284159478475, "var_lap_diagonal_results": 0.30008635979907666}, "var_of_defect": {"var_results": 0.3310970352118171}, "var_sobel": {"var_sobel_results": 6.548221861694063}}