{"var_laplacian": {"var_lap_first_results": 0.14487021620700158, "var_lap_diagonal_results": 0.6895403429968662}, "var_of_defect": {"var_results": 20.13270504251222}, "var_sobel": {"var_sobel_results": 9.907104989369444}}