{"var_laplacian": {"var_lap_first_results": 0.057809472063570365, "var_lap_diagonal_results": 0.24596413752802512}, "var_of_defect": {"var_results": 5.394191981962478}, "var_sobel": {"var_sobel_results": 1.4383899893266383}}