{"var_laplacian": {"var_lap_first_results": 0.13705424430435076, "var_lap_diagonal_results": 0.6904920096365068}, "var_of_defect": {"var_results": 11.781740027307977}, "var_sobel": {"var_sobel_results": 5.600060857507203}}