{"var_laplacian": {"var_lap_first_results": 0.17012688107822047, "var_lap_diagonal_results": 0.7820491059888014}, "var_of_defect": {"var_results": 21.974085725278286}, "var_sobel": {"var_sobel_results": 8.185341456757294}}