{"var_laplacian": {"var_lap_first_results": 0.2931875120480852, "var_lap_diagonal_results": 1.6002084241411918}, "var_of_defect": {"var_results": 24.683963737940214}, "var_sobel": {"var_sobel_results": 10.594838241302172}}