{"var_laplacian": {"var_lap_first_results": 0.0032900342600694, "var_lap_diagonal_results": 0.016715230203069337}, "var_of_defect": {"var_results": 0.013744393051740791}, "var_sobel": {"var_sobel_results": 0.12547388590153327}}