{"var_laplacian": {"var_lap_first_results": 0.08883999806854488, "var_lap_diagonal_results": 0.5359980289520502}, "var_of_defect": {"var_results": 4.234610470798699}, "var_sobel": {"var_sobel_results": 7.707767930664571}}