{"var_laplacian": {"var_lap_first_results": 0.4313695345127464, "var_lap_diagonal_results": 3.173863584165872}, "var_of_defect": {"var_results": 8.025320394971077}, "var_sobel": {"var_sobel_results": 26.108363421905498}}