{"var_laplacian": {"var_lap_first_results": 0.33166486482172003, "var_lap_diagonal_results": 2.452682340432515}, "var_of_defect": {"var_results": 6.114407733928617}, "var_sobel": {"var_sobel_results": 23.104199596332496}}