{"var_laplacian": {"var_lap_first_results": 0.09452966193439374, "var_lap_diagonal_results": 0.4467156664543695}, "var_of_defect": {"var_results": 12.38409730541905}, "var_sobel": {"var_sobel_results": 5.737037317559013}}