{"var_laplacian": {"var_lap_first_results": 0.15110464657608258, "var_lap_diagonal_results": 1.011815416642356}, "var_of_defect": {"var_results": 2.116175711807504}, "var_sobel": {"var_sobel_results": 14.536200369314344}}