{"var_laplacian": {"var_lap_first_results": 0.15023187447536346, "var_lap_diagonal_results": 0.9728348751551069}, "var_of_defect": {"var_results": 3.0128316812183877}, "var_sobel": {"var_sobel_results": 12.018459583685082}}