{"var_laplacian": {"var_lap_first_results": 0.19129676325936767, "var_lap_diagonal_results": 0.9140205614785216}, "var_of_defect": {"var_results": 26.286988446234727}, "var_sobel": {"var_sobel_results": 12.149606852830203}}