{"var_laplacian": {"var_lap_first_results": 0.25503556966289215, "var_lap_diagonal_results": 1.3719366128026294}, "var_of_defect": {"var_results": 29.38455435810678}, "var_sobel": {"var_sobel_results": 16.66476848523517}}