{"var_laplacian": {"var_lap_first_results": 0.045576387612315535, "var_lap_diagonal_results": 0.25332284231304514}, "var_of_defect": {"var_results": 2.671744470652662}, "var_sobel": {"var_sobel_results": 4.310093440301364}}