{"var_laplacian": {"var_lap_first_results": 0.16798766905317905, "var_lap_diagonal_results": 0.8251948191422837}, "var_of_defect": {"var_results": 23.75484339081648}, "var_sobel": {"var_sobel_results": 10.220216966227012}}