{"var_laplacian": {"var_lap_first_results": 0.020085810593204367, "var_lap_diagonal_results": 0.10889949265165001}, "var_of_defect": {"var_results": 0.26128823665184864}, "var_sobel": {"var_sobel_results": 1.5014774064977912}}