{"var_laplacian": {"var_lap_first_results": 0.0010606456156853094, "var_lap_diagonal_results": 0.004892200845467002}, "var_of_defect": {"var_results": 0.0009870352114561803}, "var_sobel": {"var_sobel_results": 0.021010593061184267}}