{"var_laplacian": {"var_lap_first_results": 0.27491891808624236, "var_lap_diagonal_results": 1.653289497227637}, "var_of_defect": {"var_results": 19.083193931839453}, "var_sobel": {"var_sobel_results": 12.619258386788605}}