{"var_laplacian": {"var_lap_first_results": 0.11337950951493332, "var_lap_diagonal_results": 0.5447461402402121}, "var_of_defect": {"var_results": 10.05359973470152}, "var_sobel": {"var_sobel_results": 4.558030773564478}}