{"var_laplacian": {"var_lap_first_results": 0.11097828784706619, "var_lap_diagonal_results": 0.7393614836760699}, "var_of_defect": {"var_results": 0.9722308532750826}, "var_sobel": {"var_sobel_results": 10.85426400310388}}