{"var_laplacian": {"var_lap_first_results": 0.15157630089858376, "var_lap_diagonal_results": 0.7249176546378705}, "var_of_defect": {"var_results": 20.165866241462936}, "var_sobel": {"var_sobel_results": 10.3037544935846}}