{"var_laplacian": {"var_lap_first_results": 0.039567712151728364, "var_lap_diagonal_results": 0.178801315804645}, "var_of_defect": {"var_results": 3.268607009045021}, "var_sobel": {"var_sobel_results": 0.7875142365009358}}