{"var_laplacian": {"var_lap_first_results": 0.035058697139413626, "var_lap_diagonal_results": 0.18868598843380174}, "var_of_defect": {"var_results": 1.7142919671290264}, "var_sobel": {"var_sobel_results": 1.9773385680637203}}