{"var_laplacian": {"var_lap_first_results": 0.19342840533927114, "var_lap_diagonal_results": 0.9411343644273691}, "var_of_defect": {"var_results": 25.60502923412531}, "var_sobel": {"var_sobel_results": 12.358614096960007}}