{"var_laplacian": {"var_lap_first_results": 0.06975974122597904, "var_lap_diagonal_results": 0.39152243500117717}, "var_of_defect": {"var_results": 4.2965679035364746}, "var_sobel": {"var_sobel_results": 6.548183775554424}}