{"var_laplacian": {"var_lap_first_results": 0.3378999089869521, "var_lap_diagonal_results": 2.2096310904830956}, "var_of_defect": {"var_results": 8.972825938467901}, "var_sobel": {"var_sobel_results": 14.163881063062355}}