{"var_laplacian": {"var_lap_first_results": 0.18199841118244536, "var_lap_diagonal_results": 1.1872021754691464}, "var_of_defect": {"var_results": 1.6878471806884803}, "var_sobel": {"var_sobel_results": 13.302433904168202}}