{"var_laplacian": {"var_lap_first_results": 0.02230488972210758, "var_lap_diagonal_results": 0.1187448229358989}, "var_of_defect": {"var_results": 0.7564478804183086}, "var_sobel": {"var_sobel_results": 1.513789038016515}}