{"var_laplacian": {"var_lap_first_results": 0.2952135410924909, "var_lap_diagonal_results": 1.9728746529772254}, "var_of_defect": {"var_results": 4.392244209597106}, "var_sobel": {"var_sobel_results": 18.48787493927088}}