{"var_laplacian": {"var_lap_first_results": 0.10566312611849578, "var_lap_diagonal_results": 0.4927875785969721}, "var_of_defect": {"var_results": 13.77835406626587}, "var_sobel": {"var_sobel_results": 6.6870454208408185}}