{"var_laplacian": {"var_lap_first_results": 0.004125281284724923, "var_lap_diagonal_results": 0.021034251196163305}, "var_of_defect": {"var_results": 0.014358685538149759}, "var_sobel": {"var_sobel_results": 0.17655139462229183}}