{"var_laplacian": {"var_lap_first_results": 0.2009885670004222, "var_lap_diagonal_results": 1.2442499008621435}, "var_of_defect": {"var_results": 5.391087444180181}, "var_sobel": {"var_sobel_results": 14.778078238762612}}