{"var_laplacian": {"var_lap_first_results": 0.29123607780430105, "var_lap_diagonal_results": 1.9509128308613897}, "var_of_defect": {"var_results": 4.348248315114375}, "var_sobel": {"var_sobel_results": 18.617089437203013}}