{"var_laplacian": {"var_lap_first_results": 0.2852521379301178, "var_lap_diagonal_results": 1.5552548779021942}, "var_of_defect": {"var_results": 30.356405243113677}, "var_sobel": {"var_sobel_results": 17.3968786271626}}