{"var_laplacian": {"var_lap_first_results": 0.12303631494671784, "var_lap_diagonal_results": 0.7992912013480888}, "var_of_defect": {"var_results": 5.727949478148549}, "var_sobel": {"var_sobel_results": 10.972009556182194}}