{"var_laplacian": {"var_lap_first_results": 0.38502149943291186, "var_lap_diagonal_results": 2.314315392114732}, "var_of_defect": {"var_results": 25.907532065455868}, "var_sobel": {"var_sobel_results": 17.30337229787372}}