{"var_laplacian": {"var_lap_first_results": 0.03727236985672438, "var_lap_diagonal_results": 0.23520835459892053}, "var_of_defect": {"var_results": 0.6398573056412389}, "var_sobel": {"var_sobel_results": 3.9166533902498717}}