{"var_laplacian": {"var_lap_first_results": 0.41405665157084914, "var_lap_diagonal_results": 2.496598027268449}, "var_of_defect": {"var_results": 24.79776833862258}, "var_sobel": {"var_sobel_results": 15.656398636375874}}