{"var_laplacian": {"var_lap_first_results": 0.14812236795138392, "var_lap_diagonal_results": 0.6921941040155688}, "var_of_defect": {"var_results": 20.850390093637646}, "var_sobel": {"var_sobel_results": 9.795482400332753}}