{"var_laplacian": {"var_lap_first_results": 0.15677825149123342, "var_lap_diagonal_results": 0.7704410277495601}, "var_of_defect": {"var_results": 21.506909190625528}, "var_sobel": {"var_sobel_results": 10.611690026968057}}