{"var_laplacian": {"var_lap_first_results": 0.17412361909944563, "var_lap_diagonal_results": 1.2487917410086635}, "var_of_defect": {"var_results": 3.0606017407233175}, "var_sobel": {"var_sobel_results": 15.198538002014187}}