{"var_laplacian": {"var_lap_first_results": 0.1374097686082513, "var_lap_diagonal_results": 0.9085504982875069}, "var_of_defect": {"var_results": 3.4041453188758504}, "var_sobel": {"var_sobel_results": 8.932064140661861}}