{"var_laplacian": {"var_lap_first_results": 0.049096279666712976, "var_lap_diagonal_results": 0.3107205678438018}, "var_of_defect": {"var_results": 0.7306792952279592}, "var_sobel": {"var_sobel_results": 5.961515430809896}}