{"var_laplacian": {"var_lap_first_results": 0.1102469753463297, "var_lap_diagonal_results": 0.7348700958063057}, "var_of_defect": {"var_results": 2.640692770423005}, "var_sobel": {"var_sobel_results": 8.050630802124475}}