{"var_laplacian": {"var_lap_first_results": 0.3387830080153191, "var_lap_diagonal_results": 1.9063127102819892}, "var_of_defect": {"var_results": 29.499198590964358}, "var_sobel": {"var_sobel_results": 11.6655801812828}}