{"var_laplacian": {"var_lap_first_results": 0.03419600388033969, "var_lap_diagonal_results": 0.14520893292559997}, "var_of_defect": {"var_results": 3.241311513144093}, "var_sobel": {"var_sobel_results": 0.7068754912292644}}