{"var_laplacian": {"var_lap_first_results": 0.03468139247577611, "var_lap_diagonal_results": 0.15594925220917008}, "var_of_defect": {"var_results": 2.6429004418419826}, "var_sobel": {"var_sobel_results": 0.7098465452888194}}