{"var_laplacian": {"var_lap_first_results": 0.23245478193290003, "var_lap_diagonal_results": 1.2001273994533892}, "var_of_defect": {"var_results": 28.019598868629757}, "var_sobel": {"var_sobel_results": 15.297393962221346}}