{"var_laplacian": {"var_lap_first_results": 0.07623939814767218, "var_lap_diagonal_results": 0.33299542379079994}, "var_of_defect": {"var_results": 9.152912872087612}, "var_sobel": {"var_sobel_results": 2.8554563668094586}}