{"var_laplacian": {"var_lap_first_results": 0.03578596410713369, "var_lap_diagonal_results": 0.15887157836064192}, "var_of_defect": {"var_results": 2.647953045747016}, "var_sobel": {"var_sobel_results": 0.6791382799826142}}