{"var_laplacian": {"var_lap_first_results": 0.23202034963521362, "var_lap_diagonal_results": 1.2319432345032075}, "var_of_defect": {"var_results": 30.214052198915326}, "var_sobel": {"var_sobel_results": 16.679232977155717}}