{"var_laplacian": {"var_lap_first_results": 0.42509795623012997, "var_lap_diagonal_results": 3.137104932278548}, "var_of_defect": {"var_results": 7.989409125818126}, "var_sobel": {"var_sobel_results": 26.01870637974885}}