{"var_laplacian": {"var_lap_first_results": 0.3771865087631248, "var_lap_diagonal_results": 2.666331812026622}, "var_of_defect": {"var_results": 12.098398597108103}, "var_sobel": {"var_sobel_results": 24.636794392796084}}