{"var_laplacian": {"var_lap_first_results": 0.004973162026796994, "var_lap_diagonal_results": 0.023944857297156816}, "var_of_defect": {"var_results": 0.04484065111065844}, "var_sobel": {"var_sobel_results": 0.15095919581758455}}