{"var_laplacian": {"var_lap_first_results": 0.3964856894822059, "var_lap_diagonal_results": 2.2116958507267284}, "var_of_defect": {"var_results": 33.91117661957505}, "var_sobel": {"var_sobel_results": 19.685537599237286}}