{"var_laplacian": {"var_lap_first_results": 0.2478901348280817, "var_lap_diagonal_results": 1.512407308148364}, "var_of_defect": {"var_results": 7.027639983066753}, "var_sobel": {"var_sobel_results": 16.298092886640134}}