{"var_laplacian": {"var_lap_first_results": 0.4316687015235352, "var_lap_diagonal_results": 3.093690997581507}, "var_of_defect": {"var_results": 14.376145354516268}, "var_sobel": {"var_sobel_results": 26.675388755887273}}