{"var_laplacian": {"var_lap_first_results": 0.004320235852646212, "var_lap_diagonal_results": 0.021857553462829377}, "var_of_defect": {"var_results": 0.015227467550560729}, "var_sobel": {"var_sobel_results": 0.25495388985281314}}