{"var_laplacian": {"var_lap_first_results": 0.22901885850871928, "var_lap_diagonal_results": 1.3795723468719125}, "var_of_defect": {"var_results": 17.148164706953448}, "var_sobel": {"var_sobel_results": 11.365382842252972}}