{"var_laplacian": {"var_lap_first_results": 0.10464114249852935, "var_lap_diagonal_results": 0.5847577588701468}, "var_of_defect": {"var_results": 7.10990784087573}, "var_sobel": {"var_sobel_results": 9.740829869329163}}