{"var_laplacian": {"var_lap_first_results": 0.33499505019947506, "var_lap_diagonal_results": 1.9796767857582522}, "var_of_defect": {"var_results": 21.504662034558223}, "var_sobel": {"var_sobel_results": 13.886336005220425}}