{"var_laplacian": {"var_lap_first_results": 0.45045529599043965, "var_lap_diagonal_results": 2.8940357494135998}, "var_of_defect": {"var_results": 4.653198904696185}, "var_sobel": {"var_sobel_results": 18.364718814658705}}