{"var_laplacian": {"var_lap_first_results": 0.2119491694972328, "var_lap_diagonal_results": 1.1303264771731787}, "var_of_defect": {"var_results": 18.414018648793196}, "var_sobel": {"var_sobel_results": 8.30050614166527}}