{"var_laplacian": {"var_lap_first_results": 0.14257172869654444, "var_lap_diagonal_results": 0.6933747862018244}, "var_of_defect": {"var_results": 20.24564450421303}, "var_sobel": {"var_sobel_results": 10.212842717070034}}