{"var_laplacian": {"var_lap_first_results": 0.15481981176842416, "var_lap_diagonal_results": 0.7805729321664366}, "var_of_defect": {"var_results": 22.109618142845147}, "var_sobel": {"var_sobel_results": 10.46392398625232}}