{"var_laplacian": {"var_lap_first_results": 0.05418031464180515, "var_lap_diagonal_results": 0.24319898990729097}, "var_of_defect": {"var_results": 5.406304801947305}, "var_sobel": {"var_sobel_results": 1.3434582824414536}}