{"var_laplacian": {"var_lap_first_results": 0.014115013770861868, "var_lap_diagonal_results": 0.08396995883462276}, "var_of_defect": {"var_results": 0.07736094624500872}, "var_sobel": {"var_sobel_results": 1.709340000200623}}