{"var_laplacian": {"var_lap_first_results": 0.4221682655463863, "var_lap_diagonal_results": 2.4757841710886583}, "var_of_defect": {"var_results": 24.77869294724631}, "var_sobel": {"var_sobel_results": 15.137021546567755}}