{"var_laplacian": {"var_lap_first_results": 0.0336364818841245, "var_lap_diagonal_results": 0.18970850646106543}, "var_of_defect": {"var_results": 1.7048612219168677}, "var_sobel": {"var_sobel_results": 2.00239891306373}}