{"var_laplacian": {"var_lap_first_results": 0.10849527493429974, "var_lap_diagonal_results": 0.765583593390155}, "var_of_defect": {"var_results": 1.7836919746298443}, "var_sobel": {"var_sobel_results": 10.66964003931665}}