{"var_laplacian": {"var_lap_first_results": 0.20692310968216393, "var_lap_diagonal_results": 1.0252396693748915}, "var_of_defect": {"var_results": 27.51138121268625}, "var_sobel": {"var_sobel_results": 13.846410523537187}}