{"var_laplacian": {"var_lap_first_results": 0.10454045456061933, "var_lap_diagonal_results": 0.483660927375442}, "var_of_defect": {"var_results": 12.322375439529479}, "var_sobel": {"var_sobel_results": 5.74158856602785}}