{"var_laplacian": {"var_lap_first_results": 0.21535773728737592, "var_lap_diagonal_results": 1.5559223852408073}, "var_of_defect": {"var_results": 3.8764415780443793}, "var_sobel": {"var_sobel_results": 17.64357884956976}}