{"var_laplacian": {"var_lap_first_results": 0.33566496901864795, "var_lap_diagonal_results": 2.16669835669704}, "var_of_defect": {"var_results": 8.846071069497398}, "var_sobel": {"var_sobel_results": 14.170508802100096}}