{"var_laplacian": {"var_lap_first_results": 0.012345834675254058, "var_lap_diagonal_results": 0.0609554541854071}, "var_of_defect": {"var_results": 0.2686939730131653}, "var_sobel": {"var_sobel_results": 0.6331682969474797}}