{"var_laplacian": {"var_lap_first_results": 0.028846195631117177, "var_lap_diagonal_results": 0.15231420056375636}, "var_of_defect": {"var_results": 1.131779722822773}, "var_sobel": {"var_sobel_results": 2.1810051149753216}}