{"var_laplacian": {"var_lap_first_results": 0.09896456573545451, "var_lap_diagonal_results": 0.6461523272827419}, "var_of_defect": {"var_results": 1.281066839664092}, "var_sobel": {"var_sobel_results": 11.630033889626395}}