{"var_laplacian": {"var_lap_first_results": 0.2250057228977728, "var_lap_diagonal_results": 1.1413263337849149}, "var_of_defect": {"var_results": 28.830714174582877}, "var_sobel": {"var_sobel_results": 15.444375966036858}}