{"var_laplacian": {"var_lap_first_results": 0.14895887649506337, "var_lap_diagonal_results": 0.6902226991656072}, "var_of_defect": {"var_results": 20.5010830612733}, "var_sobel": {"var_sobel_results": 7.1754781353759896}}