{"var_laplacian": {"var_lap_first_results": 0.0036532402783716906, "var_lap_diagonal_results": 0.017055145157248097}, "var_of_defect": {"var_results": 0.008000806311545046}, "var_sobel": {"var_sobel_results": 0.08618450621659839}}