{"var_laplacian": {"var_lap_first_results": 0.07236703900438445, "var_lap_diagonal_results": 0.4748918946646041}, "var_of_defect": {"var_results": 0.9464148680049802}, "var_sobel": {"var_sobel_results": 9.880002250477585}}