{"var_laplacian": {"var_lap_first_results": 0.19626181307511611, "var_lap_diagonal_results": 1.136849322284471}, "var_of_defect": {"var_results": 15.346428032657087}, "var_sobel": {"var_sobel_results": 10.461595541325458}}