{"var_laplacian": {"var_lap_first_results": 0.20855166208415507, "var_lap_diagonal_results": 1.2072497098151043}, "var_of_defect": {"var_results": 9.104954667512608}, "var_sobel": {"var_sobel_results": 8.66781418450093}}