{"var_laplacian": {"var_lap_first_results": 0.15052267822426402, "var_lap_diagonal_results": 0.6961703206763589}, "var_of_defect": {"var_results": 20.41049326704683}, "var_sobel": {"var_sobel_results": 9.919372212546126}}