{"var_laplacian": {"var_lap_first_results": 0.1811910749915427, "var_lap_diagonal_results": 0.9018791240245876}, "var_of_defect": {"var_results": 23.516313853898186}, "var_sobel": {"var_sobel_results": 9.698895919965128}}