{"var_laplacian": {"var_lap_first_results": 0.12172927323221645, "var_lap_diagonal_results": 0.5678047297471216}, "var_of_defect": {"var_results": 13.468028939949821}, "var_sobel": {"var_sobel_results": 7.06948947410048}}