{"var_laplacian": {"var_lap_first_results": 0.09743731820338178, "var_lap_diagonal_results": 0.43917853407992413}, "var_of_defect": {"var_results": 13.712858078769836}, "var_sobel": {"var_sobel_results": 4.1045180402913175}}