{"var_laplacian": {"var_lap_first_results": 0.26271767904097604, "var_lap_diagonal_results": 1.9462101850862896}, "var_of_defect": {"var_results": 4.854500567411852}, "var_sobel": {"var_sobel_results": 20.422513828509548}}