{"var_laplacian": {"var_lap_first_results": 0.09912372715727201, "var_lap_diagonal_results": 0.4412112674000466}, "var_of_defect": {"var_results": 13.76195352459667}, "var_sobel": {"var_sobel_results": 4.260707161991175}}