{"var_laplacian": {"var_lap_first_results": 0.03112111844082897, "var_lap_diagonal_results": 0.19535754936044047}, "var_of_defect": {"var_results": 0.29630507694583935}, "var_sobel": {"var_sobel_results": 3.9866888502834095}}