{"var_laplacian": {"var_lap_first_results": 0.1135965810709648, "var_lap_diagonal_results": 0.6381786512067597}, "var_of_defect": {"var_results": 4.480945425689556}, "var_sobel": {"var_sobel_results": 5.954808120370813}}