{"var_laplacian": {"var_lap_first_results": 0.235855617124985, "var_lap_diagonal_results": 1.567147147411874}, "var_of_defect": {"var_results": 3.383571460454321}, "var_sobel": {"var_sobel_results": 17.272445959345806}}