{"var_laplacian": {"var_lap_first_results": 0.16629868366998907, "var_lap_diagonal_results": 1.0827100933777063}, "var_of_defect": {"var_results": 6.671832705989877}, "var_sobel": {"var_sobel_results": 13.526659956433864}}