{"var_laplacian": {"var_lap_first_results": 0.11859828959339316, "var_lap_diagonal_results": 0.5895863517532252}, "var_of_defect": {"var_results": 15.853898321156906}, "var_sobel": {"var_sobel_results": 8.010040386646942}}