{"var_laplacian": {"var_lap_first_results": 0.031667660081230294, "var_lap_diagonal_results": 0.1879314673163958}, "var_of_defect": {"var_results": 0.40895907342901194}, "var_sobel": {"var_sobel_results": 3.937287472080462}}