{"var_laplacian": {"var_lap_first_results": 0.07089692958515006, "var_lap_diagonal_results": 0.4228042092784469}, "var_of_defect": {"var_results": 1.5236907594312854}, "var_sobel": {"var_sobel_results": 6.909909444661931}}