{"var_laplacian": {"var_lap_first_results": 0.09637917944564561, "var_lap_diagonal_results": 0.6278148104269382}, "var_of_defect": {"var_results": 1.6536031108926639}, "var_sobel": {"var_sobel_results": 9.22985282807273}}