{"var_laplacian": {"var_lap_first_results": 0.0016081691392410703, "var_lap_diagonal_results": 0.007807979580508426}, "var_of_defect": {"var_results": 0.0010155979875389714}, "var_sobel": {"var_sobel_results": 0.02220646651924796}}