{"var_laplacian": {"var_lap_first_results": 0.08616185592273998, "var_lap_diagonal_results": 0.6046780339060421}, "var_of_defect": {"var_results": 1.3098131824999144}, "var_sobel": {"var_sobel_results": 8.25917816138321}}