{"var_laplacian": {"var_lap_first_results": 0.15295056731850154, "var_lap_diagonal_results": 0.7245634123383744}, "var_of_defect": {"var_results": 23.136644543769567}, "var_sobel": {"var_sobel_results": 9.501643128084606}}