{"var_laplacian": {"var_lap_first_results": 0.1343010888829256, "var_lap_diagonal_results": 0.8746970048804631}, "var_of_defect": {"var_results": 1.3198698542402492}, "var_sobel": {"var_sobel_results": 12.226612555300381}}