{"var_laplacian": {"var_lap_first_results": 0.21867938874606152, "var_lap_diagonal_results": 1.1098437799049974}, "var_of_defect": {"var_results": 27.062561037518176}, "var_sobel": {"var_sobel_results": 12.71034294860758}}