{"var_laplacian": {"var_lap_first_results": 0.07422683995243515, "var_lap_diagonal_results": 0.32736783585864543}, "var_of_defect": {"var_results": 8.99820039013391}, "var_sobel": {"var_sobel_results": 2.810130880344966}}