{"var_laplacian": {"var_lap_first_results": 0.1560006435754183, "var_lap_diagonal_results": 0.7775632996851447}, "var_of_defect": {"var_results": 20.957860273371406}, "var_sobel": {"var_sobel_results": 11.065730413437867}}