{"var_laplacian": {"var_lap_first_results": 0.4214582382189303, "var_lap_diagonal_results": 2.4775014363447636}, "var_of_defect": {"var_results": 24.681379915829854}, "var_sobel": {"var_sobel_results": 15.411764722488321}}