{"var_laplacian": {"var_lap_first_results": 0.09647554280597807, "var_lap_diagonal_results": 0.5911927712119048}, "var_of_defect": {"var_results": 0.3948230185090308}, "var_sobel": {"var_sobel_results": 7.661242498915212}}