{"var_laplacian": {"var_lap_first_results": 0.6716287626322943, "var_lap_diagonal_results": 3.8854077696661093}, "var_of_defect": {"var_results": 136.67259414335678}, "var_sobel": {"var_sobel_results": 31.29609506374271}}