{"var_laplacian": {"var_lap_first_results": 0.1816490044794123, "var_lap_diagonal_results": 1.2811561575083088}, "var_of_defect": {"var_results": 1.7342750380791208}, "var_sobel": {"var_sobel_results": 11.527797423340822}}