{"var_laplacian": {"var_lap_first_results": 0.00034278383693874914, "var_lap_diagonal_results": 0.0018555792124062798}, "var_of_defect": {"var_results": 0.0002535829952939063}, "var_sobel": {"var_sobel_results": 0.01574246962265821}}