{"var_laplacian": {"var_lap_first_results": 1.2283756814188562, "var_lap_diagonal_results": 6.271567386157}, "var_of_defect": {"var_results": 11.796480217339347}, "var_sobel": {"var_sobel_results": 30.29633431828735}}