{"var_laplacian": {"var_lap_first_results": 0.6959879996213201, "var_lap_diagonal_results": 4.646831328845735}, "var_of_defect": {"var_results": 3.1358433860237955}, "var_sobel": {"var_sobel_results": 27.144398818774793}}