{"var_laplacian": {"var_lap_first_results": 0.21019355954950633, "var_lap_diagonal_results": 1.4819994996101473}, "var_of_defect": {"var_results": 1.9617114679399403}, "var_sobel": {"var_sobel_results": 12.700327705157774}}