{"var_laplacian": {"var_lap_first_results": 0.7267711198170288, "var_lap_diagonal_results": 4.355018908508139}, "var_of_defect": {"var_results": 101.44697210811921}, "var_sobel": {"var_sobel_results": 39.12095956121516}}