{"var_laplacian": {"var_lap_first_results": 0.03886353390377464, "var_lap_diagonal_results": 0.22663295634038444}, "var_of_defect": {"var_results": 0.8773481010920671}, "var_sobel": {"var_sobel_results": 2.9153420558460783}}