{"var_laplacian": {"var_lap_first_results": 0.1167476675086947, "var_lap_diagonal_results": 0.7190442475466883}, "var_of_defect": {"var_results": 0.4889037425066798}, "var_sobel": {"var_sobel_results": 8.622428448749073}}