{"var_laplacian": {"var_lap_first_results": 0.07133518901020501, "var_lap_diagonal_results": 0.4592260140741625}, "var_of_defect": {"var_results": 0.37408337712390355}, "var_sobel": {"var_sobel_results": 6.068362359331024}}