{"var_laplacian": {"var_lap_first_results": 0.015189992417387948, "var_lap_diagonal_results": 0.09094014661404895}, "var_of_defect": {"var_results": 0.054783015011431964}, "var_sobel": {"var_sobel_results": 1.166269643171168}}