{"var_laplacian": {"var_lap_first_results": 0.003980234652380629, "var_lap_diagonal_results": 0.021048932653639493}, "var_of_defect": {"var_results": 0.007600510224518107}, "var_sobel": {"var_sobel_results": 0.4507892447634946}}