{"var_laplacian": {"var_lap_first_results": 0.04085138252042184, "var_lap_diagonal_results": 0.2518036211599207}, "var_of_defect": {"var_results": 0.9680042306171681}, "var_sobel": {"var_sobel_results": 3.629724202800294}}