{"var_laplacian": {"var_lap_first_results": 0.8102563854900853, "var_lap_diagonal_results": 4.934265956134287}, "var_of_defect": {"var_results": 116.62599275483548}, "var_sobel": {"var_sobel_results": 33.12087114965558}}