{"var_laplacian": {"var_lap_first_results": 1.0351186055509625, "var_lap_diagonal_results": 7.581386542308516}, "var_of_defect": {"var_results": 30.177891757051462}, "var_sobel": {"var_sobel_results": 57.11575402687824}}