{"var_laplacian": {"var_lap_first_results": 0.19264674095093712, "var_lap_diagonal_results": 1.3690901605276142}, "var_of_defect": {"var_results": 0.6784070814193809}, "var_sobel": {"var_sobel_results": 9.162551869652226}}