{"var_laplacian": {"var_lap_first_results": 0.649841374191069, "var_lap_diagonal_results": 3.869717413879589}, "var_of_defect": {"var_results": 103.47975164341727}, "var_sobel": {"var_sobel_results": 38.192888938875704}}