{"var_laplacian": {"var_lap_first_results": 0.6947148021896851, "var_lap_diagonal_results": 4.064222634154694}, "var_of_defect": {"var_results": 126.33241843286922}, "var_sobel": {"var_sobel_results": 27.171863740957345}}