{"var_laplacian": {"var_lap_first_results": 0.8460365391628552, "var_lap_diagonal_results": 4.6818660183378995}, "var_of_defect": {"var_results": 5.940769554709135}, "var_sobel": {"var_sobel_results": 26.46413665503593}}