{"var_laplacian": {"var_lap_first_results": 0.025853103972204153, "var_lap_diagonal_results": 0.1578664460131224}, "var_of_defect": {"var_results": 0.5631570651670823}, "var_sobel": {"var_sobel_results": 2.0764701930141327}}