{"var_laplacian": {"var_lap_first_results": 1.5088568475118591, "var_lap_diagonal_results": 7.041226296080189}, "var_of_defect": {"var_results": 11.045562354844494}, "var_sobel": {"var_sobel_results": 30.21018169797617}}