{"var_laplacian": {"var_lap_first_results": 0.001465726349859734, "var_lap_diagonal_results": 0.007988920051734467}, "var_of_defect": {"var_results": 0.002326352387413136}, "var_sobel": {"var_sobel_results": 0.08729290180516185}}