{"var_laplacian": {"var_lap_first_results": 0.7760320198567545, "var_lap_diagonal_results": 4.966345519671421}, "var_of_defect": {"var_results": 11.561738195932135}, "var_sobel": {"var_sobel_results": 52.148401709915085}}