{"var_laplacian": {"var_lap_first_results": 0.8377240782066825, "var_lap_diagonal_results": 4.437666469985379}, "var_of_defect": {"var_results": 149.44969469154466}, "var_sobel": {"var_sobel_results": 38.17949900376398}}