{"var_laplacian": {"var_lap_first_results": 0.03122356682840765, "var_lap_diagonal_results": 0.202978599150451}, "var_of_defect": {"var_results": 0.6177306712504814}, "var_sobel": {"var_sobel_results": 2.757338749330373}}