{"var_laplacian": {"var_lap_first_results": 0.03504274623292051, "var_lap_diagonal_results": 0.2356561387313097}, "var_of_defect": {"var_results": 0.1097719880521754}, "var_sobel": {"var_sobel_results": 2.2750437643114063}}