{"var_laplacian": {"var_lap_first_results": 0.10760625526885054, "var_lap_diagonal_results": 0.7360457484350087}, "var_of_defect": {"var_results": 0.5508772115583757}, "var_sobel": {"var_sobel_results": 5.867326897692041}}