{"var_laplacian": {"var_lap_first_results": 0.5263009697343285, "var_lap_diagonal_results": 2.951084058155354}, "var_of_defect": {"var_results": 106.6732949697664}, "var_sobel": {"var_sobel_results": 33.75007425943491}}