{"var_laplacian": {"var_lap_first_results": 0.49712600277299324, "var_lap_diagonal_results": 3.0145294102741316}, "var_of_defect": {"var_results": 3.206824260196667}, "var_sobel": {"var_sobel_results": 18.4394460124891}}