{"var_laplacian": {"var_lap_first_results": 0.31863203853040234, "var_lap_diagonal_results": 2.1026163850488295}, "var_of_defect": {"var_results": 1.1255917664323598}, "var_sobel": {"var_sobel_results": 12.098422049834825}}