{"var_laplacian": {"var_lap_first_results": 0.7432417715535593, "var_lap_diagonal_results": 4.38052118219879}, "var_of_defect": {"var_results": 114.782592873933}, "var_sobel": {"var_sobel_results": 27.41254650075636}}