{"var_laplacian": {"var_lap_first_results": 0.12139388590095945, "var_lap_diagonal_results": 0.7416718775084612}, "var_of_defect": {"var_results": 0.5521908713768509}, "var_sobel": {"var_sobel_results": 4.538850020856264}}