{"var_laplacian": {"var_lap_first_results": 1.9718321867809854, "var_lap_diagonal_results": 13.449828908368524}, "var_of_defect": {"var_results": 56.770684856587756}, "var_sobel": {"var_sobel_results": 81.01903682397743}}