{"var_laplacian": {"var_lap_first_results": 0.24186042402732114, "var_lap_diagonal_results": 1.6495980151818967}, "var_of_defect": {"var_results": 3.2354691819357577}, "var_sobel": {"var_sobel_results": 21.100441374098338}}