{"var_laplacian": {"var_lap_first_results": 1.2306064425360892, "var_lap_diagonal_results": 7.459057252712101}, "var_of_defect": {"var_results": 16.14482279212748}, "var_sobel": {"var_sobel_results": 55.17396194372059}}