{"var_laplacian": {"var_lap_first_results": 0.5479509715708379, "var_lap_diagonal_results": 2.951985151098147}, "var_of_defect": {"var_results": 114.8221358172851}, "var_sobel": {"var_sobel_results": 32.69051742404585}}