{"var_laplacian": {"var_lap_first_results": 0.6916123424816862, "var_lap_diagonal_results": 4.155382603105462}, "var_of_defect": {"var_results": 101.97965339572856}, "var_sobel": {"var_sobel_results": 39.12197053092875}}