{"var_laplacian": {"var_lap_first_results": 7.486817069592584, "var_lap_diagonal_results": 22.39520684426331}, "var_of_defect": {"var_results": 44.97015699102665}, "var_sobel": {"var_sobel_results": 60.29705501915688}}