{"var_laplacian": {"var_lap_first_results": 0.053108322349134186, "var_lap_diagonal_results": 0.33558883328925126}, "var_of_defect": {"var_results": 0.2489947849768142}, "var_sobel": {"var_sobel_results": 8.098316764717264}}