{"var_laplacian": {"var_lap_first_results": 0.7947911146113121, "var_lap_diagonal_results": 4.930600606558011}, "var_of_defect": {"var_results": 116.48820208817683}, "var_sobel": {"var_sobel_results": 30.410433473189403}}