{"var_laplacian": {"var_lap_first_results": 0.7252919624730991, "var_lap_diagonal_results": 4.324094108608905}, "var_of_defect": {"var_results": 117.74566250951682}, "var_sobel": {"var_sobel_results": 27.135278990636184}}