{"var_laplacian": {"var_lap_first_results": 0.7677182896407037, "var_lap_diagonal_results": 4.239253287999564}, "var_of_defect": {"var_results": 136.57148553399992}, "var_sobel": {"var_sobel_results": 32.25081326359372}}