{"var_laplacian": {"var_lap_first_results": 5.585111634226253, "var_lap_diagonal_results": 19.695039699489794}, "var_of_defect": {"var_results": 27.564840705018277}, "var_sobel": {"var_sobel_results": 54.03711388860086}}