{"var_laplacian": {"var_lap_first_results": 0.14514245661925126, "var_lap_diagonal_results": 0.9211019279429599}, "var_of_defect": {"var_results": 0.6521177552957889}, "var_sobel": {"var_sobel_results": 10.384618368144217}}