{"var_laplacian": {"var_lap_first_results": 0.010786174143544257, "var_lap_diagonal_results": 0.055884116716665946}, "var_of_defect": {"var_results": 0.024178245089302296}, "var_sobel": {"var_sobel_results": 0.4983439520086345}}