{"var_laplacian": {"var_lap_first_results": 0.7675383343415815, "var_lap_diagonal_results": 4.423368916055176}, "var_of_defect": {"var_results": 131.5789416768582}, "var_sobel": {"var_sobel_results": 27.968337958314414}}