{"var_laplacian": {"var_lap_first_results": 0.7231026435052041, "var_lap_diagonal_results": 4.346807226744266}, "var_of_defect": {"var_results": 114.81200944172413}, "var_sobel": {"var_sobel_results": 27.84071112434572}}