{"var_laplacian": {"var_lap_first_results": 4.869160969892927, "var_lap_diagonal_results": 25.004738169218975}, "var_of_defect": {"var_results": 90.73567474730751}, "var_sobel": {"var_sobel_results": 82.7838407622295}}