{"var_laplacian": {"var_lap_first_results": 3.835248480744182e-05, "var_lap_diagonal_results": 0.00017066849271182055}, "var_of_defect": {"var_results": 3.83524554068541e-06}, "var_sobel": {"var_sobel_results": 0.0012329688931204065}}