{"var_laplacian": {"var_lap_first_results": 0.7893586338145206, "var_lap_diagonal_results": 4.814593595547518}, "var_of_defect": {"var_results": 116.15230296793267}, "var_sobel": {"var_sobel_results": 31.223018423627874}}