{"var_laplacian": {"var_lap_first_results": 1.5524999143958966, "var_lap_diagonal_results": 8.373775723436816}, "var_of_defect": {"var_results": 11.136486128175868}, "var_sobel": {"var_sobel_results": 32.88636722138664}}