{"var_laplacian": {"var_lap_first_results": 0.004120648125349063, "var_lap_diagonal_results": 0.0201249231571825}, "var_of_defect": {"var_results": 0.002009379265771224}, "var_sobel": {"var_sobel_results": 0.11067239916489532}}