{"var_laplacian": {"var_lap_first_results": 0.026904797900955242, "var_lap_diagonal_results": 0.1764022774758028}, "var_of_defect": {"var_results": 0.0639798792595044}, "var_sobel": {"var_sobel_results": 1.6392093440324722}}