{"var_laplacian": {"var_lap_first_results": 5.818879149727645, "var_lap_diagonal_results": 19.36366385059243}, "var_of_defect": {"var_results": 62.42146036034426}, "var_sobel": {"var_sobel_results": 67.33160458591131}}