{"var_laplacian": {"var_lap_first_results": 0.0007250496824586975, "var_lap_diagonal_results": 0.003606290672785272}, "var_of_defect": {"var_results": 0.0003582564561721105}, "var_sobel": {"var_sobel_results": 0.013313977183046355}}