{"var_laplacian": {"var_lap_first_results": 0.7813248022783452, "var_lap_diagonal_results": 4.85142504233275}, "var_of_defect": {"var_results": 115.92812818577882}, "var_sobel": {"var_sobel_results": 31.451628887742427}}