{"var_laplacian": {"var_lap_first_results": 0.5540703431304824, "var_lap_diagonal_results": 2.634460607340531}, "var_of_defect": {"var_results": 3.2673268837058447}, "var_sobel": {"var_sobel_results": 30.596951098160524}}