{"var_laplacian": {"var_lap_first_results": 0.13348211064790638, "var_lap_diagonal_results": 0.9382766765280416}, "var_of_defect": {"var_results": 0.5495283962623434}, "var_sobel": {"var_sobel_results": 9.893878553330449}}