{"var_laplacian": {"var_lap_first_results": 0.7084058607765099, "var_lap_diagonal_results": 4.336361525903533}, "var_of_defect": {"var_results": 101.5509383294319}, "var_sobel": {"var_sobel_results": 39.06560342963184}}