{"var_laplacian": {"var_lap_first_results": 7.361433950655104, "var_lap_diagonal_results": 30.947465060815695}, "var_of_defect": {"var_results": 41.64395189465567}, "var_sobel": {"var_sobel_results": 74.69786914911688}}