{"var_laplacian": {"var_lap_first_results": 0.03131607860644803, "var_lap_diagonal_results": 0.19114211516958265}, "var_of_defect": {"var_results": 0.12798151466206042}, "var_sobel": {"var_sobel_results": 1.7717663226141107}}