{"var_laplacian": {"var_lap_first_results": 0.7145721046847398, "var_lap_diagonal_results": 4.175573160147603}, "var_of_defect": {"var_results": 118.59997283669269}, "var_sobel": {"var_sobel_results": 38.87415465309825}}