{"var_laplacian": {"var_lap_first_results": 0.6926012170423536, "var_lap_diagonal_results": 4.090974776080166}, "var_of_defect": {"var_results": 105.01757695389905}, "var_sobel": {"var_sobel_results": 38.576209587476285}}