{"var_laplacian": {"var_lap_first_results": 0.06283541408262652, "var_lap_diagonal_results": 0.394491792638869}, "var_of_defect": {"var_results": 1.2979720640313537}, "var_sobel": {"var_sobel_results": 7.83552166969425}}