{"var_laplacian": {"var_lap_first_results": 0.031185286927764774, "var_lap_diagonal_results": 0.2144119827729803}, "var_of_defect": {"var_results": 0.1319327898624984}, "var_sobel": {"var_sobel_results": 3.475377387196177}}