{"var_laplacian": {"var_lap_first_results": 0.6696203497798354, "var_lap_diagonal_results": 3.9452711644866634}, "var_of_defect": {"var_results": 106.42465834484905}, "var_sobel": {"var_sobel_results": 39.4543477348944}}