{"var_laplacian": {"var_lap_first_results": 0.0939766702729481, "var_lap_diagonal_results": 0.6576412842427423}, "var_of_defect": {"var_results": 0.3059767284860899}, "var_sobel": {"var_sobel_results": 5.432920110119807}}