{"var_laplacian": {"var_lap_first_results": 0.03735024586496628, "var_lap_diagonal_results": 0.236598133156928}, "var_of_defect": {"var_results": 0.27491686239646546}, "var_sobel": {"var_sobel_results": 3.2861056415663756}}