{"var_laplacian": {"var_lap_first_results": 0.01886149889488832, "var_lap_diagonal_results": 0.11059110857517777}, "var_of_defect": {"var_results": 0.07486580956214767}, "var_sobel": {"var_sobel_results": 1.268744694109552}}