{"var_laplacian": {"var_lap_first_results": 2.3437007991051373, "var_lap_diagonal_results": 7.534326871253095}, "var_of_defect": {"var_results": 25.636415235758623}, "var_sobel": {"var_sobel_results": 39.692075581807515}}