{"var_laplacian": {"var_lap_first_results": 0.06552764806019303, "var_lap_diagonal_results": 0.3800401323969534}, "var_of_defect": {"var_results": 3.7143446040270445}, "var_sobel": {"var_sobel_results": 33.818633885601294}}