{"var_laplacian": {"var_lap_first_results": 0.7051919943232621, "var_lap_diagonal_results": 4.1059843106508405}, "var_of_defect": {"var_results": 132.1223800518618}, "var_sobel": {"var_sobel_results": 27.946511168817008}}