{"var_laplacian": {"var_lap_first_results": 0.15370589998376896, "var_lap_diagonal_results": 1.1157015425845824}, "var_of_defect": {"var_results": 0.985686313234296}, "var_sobel": {"var_sobel_results": 9.196498158041665}}