{"var_laplacian": {"var_lap_first_results": 0.024027859437873625, "var_lap_diagonal_results": 0.1523074445828773}, "var_of_defect": {"var_results": 0.5564537920844566}, "var_sobel": {"var_sobel_results": 2.1198691892903976}}