{"var_laplacian": {"var_lap_first_results": 0.6970208730439414, "var_lap_diagonal_results": 4.050902711794056}, "var_of_defect": {"var_results": 123.42989332949168}, "var_sobel": {"var_sobel_results": 33.38043783950071}}