{"var_laplacian": {"var_lap_first_results": 2.5969417285693703, "var_lap_diagonal_results": 7.419286578223728}, "var_of_defect": {"var_results": 25.234775963330023}, "var_sobel": {"var_sobel_results": 35.59378700918812}}