{"var_laplacian": {"var_lap_first_results": 0.0009317066412481899, "var_lap_diagonal_results": 0.004579858732839521}, "var_of_defect": {"var_results": 0.0006459702190296145}, "var_sobel": {"var_sobel_results": 0.03696776314525103}}