{"var_laplacian": {"var_lap_first_results": 0.14502950275129042, "var_lap_diagonal_results": 1.0256471942530283}, "var_of_defect": {"var_results": 1.0467730756600797}, "var_sobel": {"var_sobel_results": 14.300225835131886}}