{"var_laplacian": {"var_lap_first_results": 0.2914463667860197, "var_lap_diagonal_results": 1.936307851875229}, "var_of_defect": {"var_results": 1.7971402654808244}, "var_sobel": {"var_sobel_results": 16.084593869883772}}