{"var_laplacian": {"var_lap_first_results": 0.02980082222765344, "var_lap_diagonal_results": 0.18179918308793094}, "var_of_defect": {"var_results": 0.1205193090782497}, "var_sobel": {"var_sobel_results": 4.503397442389948}}