{"var_laplacian": {"var_lap_first_results": 0.33701746445580527, "var_lap_diagonal_results": 2.2137535659849306}, "var_of_defect": {"var_results": 1.1650011374746596}, "var_sobel": {"var_sobel_results": 12.15769303485008}}