{"var_laplacian": {"var_lap_first_results": 2.231468317667973, "var_lap_diagonal_results": 14.704881918920778}, "var_of_defect": {"var_results": 13.622349748757157}, "var_sobel": {"var_sobel_results": 63.33396313709861}}