{"var_laplacian": {"var_lap_first_results": 0.5119621354864468, "var_lap_diagonal_results": 2.80076624924472}, "var_of_defect": {"var_results": 110.86590224855578}, "var_sobel": {"var_sobel_results": 33.717561306839734}}