{"var_laplacian": {"var_lap_first_results": 0.6281679641603666, "var_lap_diagonal_results": 2.723181287586727}, "var_of_defect": {"var_results": 4.153584317979484}, "var_sobel": {"var_sobel_results": 32.26464731046687}}