{"var_laplacian": {"var_lap_first_results": 0.015145163697071027, "var_lap_diagonal_results": 0.10397910895728354}, "var_of_defect": {"var_results": 0.07572943080904568}, "var_sobel": {"var_sobel_results": 1.9623564413911527}}