{"var_laplacian": {"var_lap_first_results": 0.014551582252693563, "var_lap_diagonal_results": 0.0833447474623066}, "var_of_defect": {"var_results": 0.04098795309989529}, "var_sobel": {"var_sobel_results": 1.0445956510645609}}