{"var_laplacian": {"var_lap_first_results": 0.7099838802301913, "var_lap_diagonal_results": 4.136180594368471}, "var_of_defect": {"var_results": 116.10043859709705}, "var_sobel": {"var_sobel_results": 39.278256471310975}}