{"var_laplacian": {"var_lap_first_results": 0.7073685637079945, "var_lap_diagonal_results": 4.075978296652771}, "var_of_defect": {"var_results": 131.5453633150413}, "var_sobel": {"var_sobel_results": 28.168682795867667}}