{"var_laplacian": {"var_lap_first_results": 0.05381072678493275, "var_lap_diagonal_results": 0.3228693847260112}, "var_of_defect": {"var_results": 0.19586659146279942}, "var_sobel": {"var_sobel_results": 4.358490852020849}}