{"var_laplacian": {"var_lap_first_results": 0.11826093877659001, "var_lap_diagonal_results": 0.8518269185626632}, "var_of_defect": {"var_results": 0.5864427741943207}, "var_sobel": {"var_sobel_results": 14.905522169865998}}