{"var_laplacian": {"var_lap_first_results": 0.07262647526346451, "var_lap_diagonal_results": 0.4705417579599182}, "var_of_defect": {"var_results": 0.9687234320459164}, "var_sobel": {"var_sobel_results": 5.202486457880914}}