{"var_laplacian": {"var_lap_first_results": 0.16367698037140116, "var_lap_diagonal_results": 0.9696228661284606}, "var_of_defect": {"var_results": 0.8823929249165489}, "var_sobel": {"var_sobel_results": 6.45424167607786}}