{"var_laplacian": {"var_lap_first_results": 0.7165882736712726, "var_lap_diagonal_results": 3.9748156072536442}, "var_of_defect": {"var_results": 121.72646769652577}, "var_sobel": {"var_sobel_results": 34.864799983773096}}