{"var_laplacian": {"var_lap_first_results": 0.9028551663515872, "var_lap_diagonal_results": 5.62823700326717}, "var_of_defect": {"var_results": 94.96629039956117}, "var_sobel": {"var_sobel_results": 50.17544164376657}}