{"var_laplacian": {"var_lap_first_results": 0.04042825621274463, "var_lap_diagonal_results": 0.2383118433735829}, "var_of_defect": {"var_results": 0.8820031259539913}, "var_sobel": {"var_sobel_results": 3.130085884361959}}