{"var_laplacian": {"var_lap_first_results": 0.3250625713942517, "var_lap_diagonal_results": 1.9546845885066242}, "var_of_defect": {"var_results": 1.4331712166942214}, "var_sobel": {"var_sobel_results": 15.565579961497196}}