{"var_laplacian": {"var_lap_first_results": 0.709500292630893, "var_lap_diagonal_results": 4.109779356432591}, "var_of_defect": {"var_results": 121.87998286537545}, "var_sobel": {"var_sobel_results": 26.971205443085047}}