{"var_laplacian": {"var_lap_first_results": 0.12171735186659972, "var_lap_diagonal_results": 0.8078857081463026}, "var_of_defect": {"var_results": 0.7123566753371765}, "var_sobel": {"var_sobel_results": 14.997894905207083}}