{"var_laplacian": {"var_lap_first_results": 0.9379594923441843, "var_lap_diagonal_results": 3.7049063351860276}, "var_of_defect": {"var_results": 6.540841351717694}, "var_sobel": {"var_sobel_results": 37.67756075481142}}