{"var_laplacian": {"var_lap_first_results": 0.0072583859879674344, "var_lap_diagonal_results": 0.03454267223675852}, "var_of_defect": {"var_results": 0.006177498593933627}, "var_sobel": {"var_sobel_results": 0.24736619224366763}}