{"var_laplacian": {"var_lap_first_results": 1.175318702613863, "var_lap_diagonal_results": 5.547484902190853}, "var_of_defect": {"var_results": 8.618258689336889}, "var_sobel": {"var_sobel_results": 28.800159927895262}}