{"var_laplacian": {"var_lap_first_results": 0.9346575864338116, "var_lap_diagonal_results": 5.818032679541297}, "var_of_defect": {"var_results": 96.63486713934947}, "var_sobel": {"var_sobel_results": 51.32376834195742}}