{"var_laplacian": {"var_lap_first_results": 0.6636496202697093, "var_lap_diagonal_results": 3.932986871751768}, "var_of_defect": {"var_results": 4.377062765294806}, "var_sobel": {"var_sobel_results": 23.444728426173192}}