{"var_laplacian": {"var_lap_first_results": 0.08649828587368004, "var_lap_diagonal_results": 0.5168263450860748}, "var_of_defect": {"var_results": 4.7491175003373325}, "var_sobel": {"var_sobel_results": 36.47489087068955}}