{"var_laplacian": {"var_lap_first_results": 0.8185789451630413, "var_lap_diagonal_results": 4.548808348095023}, "var_of_defect": {"var_results": 128.8509657656588}, "var_sobel": {"var_sobel_results": 32.81904964259541}}