{"var_laplacian": {"var_lap_first_results": 0.6551028145873271, "var_lap_diagonal_results": 3.8186121971837417}, "var_of_defect": {"var_results": 109.93217672386247}, "var_sobel": {"var_sobel_results": 39.911152446404756}}