{"var_laplacian": {"var_lap_first_results": 0.75614529154802, "var_lap_diagonal_results": 4.25628496282615}, "var_of_defect": {"var_results": 124.28291820174844}, "var_sobel": {"var_sobel_results": 33.44988214560567}}