{"var_laplacian": {"var_lap_first_results": 0.7999451904799778, "var_lap_diagonal_results": 4.9903995318110095}, "var_of_defect": {"var_results": 116.02610354573619}, "var_sobel": {"var_sobel_results": 31.283334583181205}}