{"var_laplacian": {"var_lap_first_results": 0.007702930228453698, "var_lap_diagonal_results": 0.042932449118327214}, "var_of_defect": {"var_results": 0.01821098455257102}, "var_sobel": {"var_sobel_results": 0.5367818619404288}}