{"var_laplacian": {"var_lap_first_results": 0.701268464683268, "var_lap_diagonal_results": 4.1685427792260725}, "var_of_defect": {"var_results": 121.36843828718612}, "var_sobel": {"var_sobel_results": 26.323323948212}}