{"var_laplacian": {"var_lap_first_results": 0.40565426745822825, "var_lap_diagonal_results": 2.5065805180289615}, "var_of_defect": {"var_results": 2.94009101559282}, "var_sobel": {"var_sobel_results": 18.43237591942513}}