{"var_laplacian": {"var_lap_first_results": 0.8508578777365808, "var_lap_diagonal_results": 4.828260034203117}, "var_of_defect": {"var_results": 127.3008788945474}, "var_sobel": {"var_sobel_results": 33.72041400052097}}