{"var_laplacian": {"var_lap_first_results": 0.018333837038347803, "var_lap_diagonal_results": 0.11487190346423908}, "var_of_defect": {"var_results": 0.03474617233628365}, "var_sobel": {"var_sobel_results": 1.0144850936856558}}