{"var_laplacian": {"var_lap_first_results": 0.5188981555038317, "var_lap_diagonal_results": 2.908295112767859}, "var_of_defect": {"var_results": 106.07367498218727}, "var_sobel": {"var_sobel_results": 34.55154191850276}}