{"var_laplacian": {"var_lap_first_results": 0.24228764389983437, "var_lap_diagonal_results": 1.5269709078990434}, "var_of_defect": {"var_results": 1.0881165944699194}, "var_sobel": {"var_sobel_results": 13.629727700702789}}