{"var_laplacian": {"var_lap_first_results": 0.9949248545297031, "var_lap_diagonal_results": 6.167639658022292}, "var_of_defect": {"var_results": 96.96568220920393}, "var_sobel": {"var_sobel_results": 53.945577525157425}}