{"var_laplacian": {"var_lap_first_results": 0.008345246174923649, "var_lap_diagonal_results": 0.05048483487691924}, "var_of_defect": {"var_results": 0.013892730764430927}, "var_sobel": {"var_sobel_results": 0.4211776998072262}}