{"var_laplacian": {"var_lap_first_results": 0.25067723826771166, "var_lap_diagonal_results": 1.7467710724858183}, "var_of_defect": {"var_results": 0.8601952016571958}, "var_sobel": {"var_sobel_results": 10.766130305807057}}