{"var_laplacian": {"var_lap_first_results": 0.13504036979056142, "var_lap_diagonal_results": 0.8600434311482331}, "var_of_defect": {"var_results": 0.8601245665016475}, "var_sobel": {"var_sobel_results": 6.581569380525409}}