{"var_laplacian": {"var_lap_first_results": 0.1323989836549617, "var_lap_diagonal_results": 0.8703113808663532}, "var_of_defect": {"var_results": 2.002623836673126}, "var_sobel": {"var_sobel_results": 15.329998838983283}}