{"var_laplacian": {"var_lap_first_results": 0.020494111581689053, "var_lap_diagonal_results": 0.1367982990052459}, "var_of_defect": {"var_results": 0.08112291801560834}, "var_sobel": {"var_sobel_results": 1.134780865325027}}