{"var_laplacian": {"var_lap_first_results": 0.07464875353178994, "var_lap_diagonal_results": 0.5145443137415677}, "var_of_defect": {"var_results": 0.22711338837736816}, "var_sobel": {"var_sobel_results": 4.437682676385263}}