{"var_laplacian": {"var_lap_first_results": 0.6833647864760101, "var_lap_diagonal_results": 4.054852259633771}, "var_of_defect": {"var_results": 105.78002663283425}, "var_sobel": {"var_sobel_results": 38.40273381066344}}