{"var_laplacian": {"var_lap_first_results": 0.04929511645874897, "var_lap_diagonal_results": 0.34388322736470944}, "var_of_defect": {"var_results": 0.25511639917654255}, "var_sobel": {"var_sobel_results": 3.0425419196150023}}