{"var_laplacian": {"var_lap_first_results": 0.7189040610083752, "var_lap_diagonal_results": 4.388822290199895}, "var_of_defect": {"var_results": 100.96604035367409}, "var_sobel": {"var_sobel_results": 39.04229937511412}}