{"var_laplacian": {"var_lap_first_results": 0.07924717176456787, "var_lap_diagonal_results": 0.42908506965054005}, "var_of_defect": {"var_results": 3.910488147318444}, "var_sobel": {"var_sobel_results": 32.48755063523871}}