{"var_laplacian": {"var_lap_first_results": 0.6124722332135691, "var_lap_diagonal_results": 3.4140611617754137}, "var_of_defect": {"var_results": 120.4712134711874}, "var_sobel": {"var_sobel_results": 31.85343924776965}}