{"var_laplacian": {"var_lap_first_results": 0.3134355304545716, "var_lap_diagonal_results": 1.9780294730881725}, "var_of_defect": {"var_results": 1.4116861633592646}, "var_sobel": {"var_sobel_results": 15.402159927552965}}