{"var_laplacian": {"var_lap_first_results": 0.011597573476773298, "var_lap_diagonal_results": 0.06276584843822293}, "var_of_defect": {"var_results": 0.041142751552500696}, "var_sobel": {"var_sobel_results": 0.8793919724638175}}