{"var_laplacian": {"var_lap_first_results": 0.3859480530970741, "var_lap_diagonal_results": 2.4776345108916504}, "var_of_defect": {"var_results": 2.2694589200479585}, "var_sobel": {"var_sobel_results": 17.46343895269904}}