{"var_laplacian": {"var_lap_first_results": 0.5298313637372977, "var_lap_diagonal_results": 2.8921532239404524}, "var_of_defect": {"var_results": 106.57719064572491}, "var_sobel": {"var_sobel_results": 34.33156217154802}}