{"var_laplacian": {"var_lap_first_results": 0.6848473431473805, "var_lap_diagonal_results": 4.090554127004329}, "var_of_defect": {"var_results": 100.77709135309543}, "var_sobel": {"var_sobel_results": 38.24165989431076}}