{"var_laplacian": {"var_lap_first_results": 0.013928481095503913, "var_lap_diagonal_results": 0.08088978143731297}, "var_of_defect": {"var_results": 0.04122840041407915}, "var_sobel": {"var_sobel_results": 1.795101400969505}}