{"var_laplacian": {"var_lap_first_results": 0.8508522587643044, "var_lap_diagonal_results": 4.412538358347273}, "var_of_defect": {"var_results": 144.93748492514746}, "var_sobel": {"var_sobel_results": 37.15732040056982}}