{"var_laplacian": {"var_lap_first_results": 0.005297249246690873, "var_lap_diagonal_results": 0.032127631577018444}, "var_of_defect": {"var_results": 0.013678968437829914}, "var_sobel": {"var_sobel_results": 0.2281747974766689}}