{"var_laplacian": {"var_lap_first_results": 0.305112213748051, "var_lap_diagonal_results": 1.8070781513554552}, "var_of_defect": {"var_results": 1.9805670521349865}, "var_sobel": {"var_sobel_results": 24.58920583597109}}