{"var_laplacian": {"var_lap_first_results": 0.6706699028600981, "var_lap_diagonal_results": 4.28178186737127}, "var_of_defect": {"var_results": 6.98101831253111}, "var_sobel": {"var_sobel_results": 28.187713899426598}}