{"var_laplacian": {"var_lap_first_results": 0.02554911385622148, "var_lap_diagonal_results": 0.15300104751130544}, "var_of_defect": {"var_results": 0.5404103913383638}, "var_sobel": {"var_sobel_results": 2.2068025168307925}}