{"var_laplacian": {"var_lap_first_results": 3.1730661361077326, "var_lap_diagonal_results": 13.281434843043268}, "var_of_defect": {"var_results": 13.582315499844494}, "var_sobel": {"var_sobel_results": 46.33664160096018}}