{"var_laplacian": {"var_lap_first_results": 0.03832885570473425, "var_lap_diagonal_results": 0.2642534262208852}, "var_of_defect": {"var_results": 0.10420728333179806}, "var_sobel": {"var_sobel_results": 2.4335717881706063}}