{"var_laplacian": {"var_lap_first_results": 0.6951362657914805, "var_lap_diagonal_results": 4.016745299431734}, "var_of_defect": {"var_results": 127.7900158378474}, "var_sobel": {"var_sobel_results": 27.156706324048717}}