{"var_laplacian": {"var_lap_first_results": 0.7121394232252678, "var_lap_diagonal_results": 4.173042649828554}, "var_of_defect": {"var_results": 121.30978763826838}, "var_sobel": {"var_sobel_results": 32.547974534581705}}