{"var_laplacian": {"var_lap_first_results": 2.0440865049019292, "var_lap_diagonal_results": 11.723990613999318}, "var_of_defect": {"var_results": 125.49484459747751}, "var_sobel": {"var_sobel_results": 51.02444571661175}}