{"var_laplacian": {"var_lap_first_results": 1.4598469823873408, "var_lap_diagonal_results": 7.201139932204762}, "var_of_defect": {"var_results": 13.981576544350636}, "var_sobel": {"var_sobel_results": 31.70076290198702}}