{"var_laplacian": {"var_lap_first_results": 0.48665742191774286, "var_lap_diagonal_results": 3.192146612288435}, "var_of_defect": {"var_results": 2.917621563011015}, "var_sobel": {"var_sobel_results": 19.43377907136913}}