{"var_laplacian": {"var_lap_first_results": 0.25864124251200804, "var_lap_diagonal_results": 1.7857140090928936}, "var_of_defect": {"var_results": 1.5664602792799323}, "var_sobel": {"var_sobel_results": 12.997458181269515}}