{"var_laplacian": {"var_lap_first_results": 0.7294133810727654, "var_lap_diagonal_results": 4.210796008778441}, "var_of_defect": {"var_results": 120.28171167009512}, "var_sobel": {"var_sobel_results": 25.795339141399232}}