{"var_laplacian": {"var_lap_first_results": 0.6429286070368299, "var_lap_diagonal_results": 3.7736481584629202}, "var_of_defect": {"var_results": 108.48372514670874}, "var_sobel": {"var_sobel_results": 38.43892231326062}}