{"var_laplacian": {"var_lap_first_results": 0.8010492717508574, "var_lap_diagonal_results": 3.186196773432144}, "var_of_defect": {"var_results": 5.080536661025006}, "var_sobel": {"var_sobel_results": 34.963206995028294}}