{"var_laplacian": {"var_lap_first_results": 0.9809393192412116, "var_lap_diagonal_results": 5.1247990743983705}, "var_of_defect": {"var_results": 9.338985884534498}, "var_sobel": {"var_sobel_results": 29.15895694490308}}