{"var_laplacian": {"var_lap_first_results": 0.7731246005438867, "var_lap_diagonal_results": 4.523878982827493}, "var_of_defect": {"var_results": 115.27378851438652}, "var_sobel": {"var_sobel_results": 27.075515254783074}}