{"var_laplacian": {"var_lap_first_results": 0.12552163897562493, "var_lap_diagonal_results": 0.8231043085486335}, "var_of_defect": {"var_results": 0.7737653331082887}, "var_sobel": {"var_sobel_results": 9.486346686282355}}