{"var_laplacian": {"var_lap_first_results": 0.72180079988017, "var_lap_diagonal_results": 4.386152967809811}, "var_of_defect": {"var_results": 116.4266219324335}, "var_sobel": {"var_sobel_results": 26.880854330520485}}