{"var_laplacian": {"var_lap_first_results": 0.7060104601295879, "var_lap_diagonal_results": 3.947322882222684}, "var_of_defect": {"var_results": 132.55893211902813}, "var_sobel": {"var_sobel_results": 32.44085701759451}}