{"var_laplacian": {"var_lap_first_results": 0.7071487089121384, "var_lap_diagonal_results": 4.057204576567003}, "var_of_defect": {"var_results": 125.35600378583071}, "var_sobel": {"var_sobel_results": 26.59379629331248}}