{"var_laplacian": {"var_lap_first_results": 0.9028205962489403, "var_lap_diagonal_results": 5.751155582502933}, "var_of_defect": {"var_results": 88.21938199568572}, "var_sobel": {"var_sobel_results": 54.63638989857601}}