{"var_laplacian": {"var_lap_first_results": 0.12656517637420572, "var_lap_diagonal_results": 0.7361707620253409}, "var_of_defect": {"var_results": 0.6571070819724298}, "var_sobel": {"var_sobel_results": 5.316639690908594}}