{"var_laplacian": {"var_lap_first_results": 0.06507384762192642, "var_lap_diagonal_results": 0.33916587160045025}, "var_of_defect": {"var_results": 3.6882272693226157}, "var_sobel": {"var_sobel_results": 32.45045635911972}}