{"var_laplacian": {"var_lap_first_results": 0.07706948269696604, "var_lap_diagonal_results": 0.4732988985306032}, "var_of_defect": {"var_results": 0.29230875196645417}, "var_sobel": {"var_sobel_results": 6.087388724047838}}