{"var_laplacian": {"var_lap_first_results": 0.0007704853566694156, "var_lap_diagonal_results": 0.004378357235409117}, "var_of_defect": {"var_results": 0.00043495199186313437}, "var_sobel": {"var_sobel_results": 0.026797602958470692}}