{"var_laplacian": {"var_lap_first_results": 0.028118750405000288, "var_lap_diagonal_results": 0.1654951555087828}, "var_of_defect": {"var_results": 0.08288362018347992}, "var_sobel": {"var_sobel_results": 2.0783968032340154}}