{"var_laplacian": {"var_lap_first_results": 0.7193384445824719, "var_lap_diagonal_results": 4.259214242536801}, "var_of_defect": {"var_results": 118.51937043924849}, "var_sobel": {"var_sobel_results": 39.677196787436074}}