{"var_laplacian": {"var_lap_first_results": 0.5115851627906799, "var_lap_diagonal_results": 2.910513984071471}, "var_of_defect": {"var_results": 105.7418024020423}, "var_sobel": {"var_sobel_results": 34.12940691360097}}