{"var_laplacian": {"var_lap_first_results": 2.863315439425091, "var_lap_diagonal_results": 18.19551156078175}, "var_of_defect": {"var_results": 66.01797077961824}, "var_sobel": {"var_sobel_results": 82.45548893470679}}