{"var_laplacian": {"var_lap_first_results": 0.7113625816576262, "var_lap_diagonal_results": 4.140774324615239}, "var_of_defect": {"var_results": 117.59392491943552}, "var_sobel": {"var_sobel_results": 39.513028263804706}}