{"var_laplacian": {"var_lap_first_results": 0.08194598156706462, "var_lap_diagonal_results": 0.5247899876690418}, "var_of_defect": {"var_results": 0.44278074038476456}, "var_sobel": {"var_sobel_results": 11.370727786467295}}