{"var_laplacian": {"var_lap_first_results": 0.48404170547033415, "var_lap_diagonal_results": 2.6374149028655327}, "var_of_defect": {"var_results": 107.89563919016729}, "var_sobel": {"var_sobel_results": 33.45613685897958}}