{"var_laplacian": {"var_lap_first_results": 1.7307189055760663, "var_lap_diagonal_results": 10.530961793167489}, "var_of_defect": {"var_results": 119.29078148042258}, "var_sobel": {"var_sobel_results": 53.78646052334929}}