{"var_laplacian": {"var_lap_first_results": 2.178595013188634, "var_lap_diagonal_results": 11.94188103158812}, "var_of_defect": {"var_results": 57.81710204295008}, "var_sobel": {"var_sobel_results": 52.891362425156686}}