{"var_laplacian": {"var_lap_first_results": 0.6412312522949742, "var_lap_diagonal_results": 3.687719103073502}, "var_of_defect": {"var_results": 54.06366279432367}, "var_sobel": {"var_sobel_results": 33.874563547399504}}