{"var_laplacian": {"var_lap_first_results": 0.385663660254015, "var_lap_diagonal_results": 2.332938700647735}, "var_of_defect": {"var_results": 38.20057854906147}, "var_sobel": {"var_sobel_results": 32.28848329305456}}