{"var_laplacian": {"var_lap_first_results": 0.008103097127950178, "var_lap_diagonal_results": 0.03812094375492028}, "var_of_defect": {"var_results": 0.13357052616847137}, "var_sobel": {"var_sobel_results": 0.13873133255194342}}