{"var_laplacian": {"var_lap_first_results": 1.8366113582349193, "var_lap_diagonal_results": 8.321987284556666}, "var_of_defect": {"var_results": 52.355830971832255}, "var_sobel": {"var_sobel_results": 39.57869565500373}}