{"var_laplacian": {"var_lap_first_results": 0.9716744843179524, "var_lap_diagonal_results": 5.448047504269899}, "var_of_defect": {"var_results": 41.37638762649895}, "var_sobel": {"var_sobel_results": 35.72441566216874}}