{"var_laplacian": {"var_lap_first_results": 0.1414828224354582, "var_lap_diagonal_results": 0.9548478110742716}, "var_of_defect": {"var_results": 2.5890336481053646}, "var_sobel": {"var_sobel_results": 10.607259186958933}}