{"var_laplacian": {"var_lap_first_results": 0.7541638597527891, "var_lap_diagonal_results": 4.342427108801327}, "var_of_defect": {"var_results": 20.525757964733934}, "var_sobel": {"var_sobel_results": 27.392986223698973}}