{"var_laplacian": {"var_lap_first_results": 0.005641605130245967, "var_lap_diagonal_results": 0.026596208765174146}, "var_of_defect": {"var_results": 0.036973527045850586}, "var_sobel": {"var_sobel_results": 0.08638502690410557}}