{"var_laplacian": {"var_lap_first_results": 0.0019797691641739337, "var_lap_diagonal_results": 0.010763825611079582}, "var_of_defect": {"var_results": 0.003415429759028434}, "var_sobel": {"var_sobel_results": 0.13706990055070445}}