{"var_laplacian": {"var_lap_first_results": 0.03783240728758356, "var_lap_diagonal_results": 0.23878004288936636}, "var_of_defect": {"var_results": 0.36031168649620665}, "var_sobel": {"var_sobel_results": 4.67275228436208}}