{"var_laplacian": {"var_lap_first_results": 0.3900532030314977, "var_lap_diagonal_results": 2.477174653932313}, "var_of_defect": {"var_results": 29.806423012556436}, "var_sobel": {"var_sobel_results": 27.071873609162953}}