{"var_laplacian": {"var_lap_first_results": 0.004366465463170703, "var_lap_diagonal_results": 0.019968065681604596}, "var_of_defect": {"var_results": 0.02133059696048396}, "var_sobel": {"var_sobel_results": 0.06688081757676435}}