{"var_laplacian": {"var_lap_first_results": 2.451408709476484, "var_lap_diagonal_results": 12.776770125732599}, "var_of_defect": {"var_results": 26.35171368208735}, "var_sobel": {"var_sobel_results": 46.4683766186913}}