{"var_laplacian": {"var_lap_first_results": 0.3123496558844197, "var_lap_diagonal_results": 2.059454054864026}, "var_of_defect": {"var_results": 4.967796544586598}, "var_sobel": {"var_sobel_results": 17.457493220155637}}