{"var_laplacian": {"var_lap_first_results": 0.10472985703482932, "var_lap_diagonal_results": 0.7328503667149969}, "var_of_defect": {"var_results": 0.6608711110157054}, "var_sobel": {"var_sobel_results": 8.238511510030694}}