{"var_laplacian": {"var_lap_first_results": 1.2616307001906737, "var_lap_diagonal_results": 7.530450837721458}, "var_of_defect": {"var_results": 38.89604103422603}, "var_sobel": {"var_sobel_results": 43.85521912167367}}