{"var_laplacian": {"var_lap_first_results": 0.11408274699555446, "var_lap_diagonal_results": 0.7991894688830007}, "var_of_defect": {"var_results": 0.9026284360315906}, "var_sobel": {"var_sobel_results": 6.681601815961468}}