{"var_laplacian": {"var_lap_first_results": 0.0032309434786106706, "var_lap_diagonal_results": 0.017033746709306956}, "var_of_defect": {"var_results": 0.009369814567311946}, "var_sobel": {"var_sobel_results": 0.21987027103227452}}