{"var_laplacian": {"var_lap_first_results": 0.4496967840769438, "var_lap_diagonal_results": 2.983491377080409}, "var_of_defect": {"var_results": 22.322136606576148}, "var_sobel": {"var_sobel_results": 32.05259542015193}}