{"var_laplacian": {"var_lap_first_results": 0.440670826218953, "var_lap_diagonal_results": 2.5956094293596506}, "var_of_defect": {"var_results": 2.563371396872867}, "var_sobel": {"var_sobel_results": 16.25075551407166}}