{"var_laplacian": {"var_lap_first_results": 0.001138092525308207, "var_lap_diagonal_results": 0.005236347215679659}, "var_of_defect": {"var_results": 0.0015813186129119276}, "var_sobel": {"var_sobel_results": 0.025349777399029938}}