{"var_laplacian": {"var_lap_first_results": 0.38449166902116183, "var_lap_diagonal_results": 2.4615565018503776}, "var_of_defect": {"var_results": 29.671190081482255}, "var_sobel": {"var_sobel_results": 26.703236754311877}}