{"var_laplacian": {"var_lap_first_results": 0.43206620155737585, "var_lap_diagonal_results": 2.7130302983976757}, "var_of_defect": {"var_results": 35.16394937329373}, "var_sobel": {"var_sobel_results": 31.47466052086804}}