{"var_laplacian": {"var_lap_first_results": 0.9640494578598118, "var_lap_diagonal_results": 4.816805079548374}, "var_of_defect": {"var_results": 6.183402179457399}, "var_sobel": {"var_sobel_results": 22.914049482916}}