{"var_laplacian": {"var_lap_first_results": 0.27215951196844096, "var_lap_diagonal_results": 1.5246968870450424}, "var_of_defect": {"var_results": 34.77051836628958}, "var_sobel": {"var_sobel_results": 26.236137172395885}}