{"var_laplacian": {"var_lap_first_results": 0.6398558516333116, "var_lap_diagonal_results": 3.946553949420575}, "var_of_defect": {"var_results": 16.62693974059264}, "var_sobel": {"var_sobel_results": 25.623762066765863}}