{"var_laplacian": {"var_lap_first_results": 0.05440675912312316, "var_lap_diagonal_results": 0.3109694614567421}, "var_of_defect": {"var_results": 2.3950296256182484}, "var_sobel": {"var_sobel_results": 4.316105304586795}}