{"var_laplacian": {"var_lap_first_results": 0.08510978738945703, "var_lap_diagonal_results": 0.5100799209345642}, "var_of_defect": {"var_results": 4.041824879064052}, "var_sobel": {"var_sobel_results": 7.067900089301473}}