{"var_laplacian": {"var_lap_first_results": 0.001001004898071414, "var_lap_diagonal_results": 0.005593602642430854}, "var_of_defect": {"var_results": 0.0011448579328103884}, "var_sobel": {"var_sobel_results": 0.09455815943367396}}