{"var_laplacian": {"var_lap_first_results": 0.3578751020336899, "var_lap_diagonal_results": 2.0509358603295498}, "var_of_defect": {"var_results": 42.79670041321774}, "var_sobel": {"var_sobel_results": 29.149041803639136}}