{"var_laplacian": {"var_lap_first_results": 0.011813461268549508, "var_lap_diagonal_results": 0.05916031403676882}, "var_of_defect": {"var_results": 0.4798692749978401}, "var_sobel": {"var_sobel_results": 0.3488223990145364}}