{"var_laplacian": {"var_lap_first_results": 0.008651430110587544, "var_lap_diagonal_results": 0.04265405841736388}, "var_of_defect": {"var_results": 0.18370963234010085}, "var_sobel": {"var_sobel_results": 0.1693237308812731}}