{"var_laplacian": {"var_lap_first_results": 0.5612883064921321, "var_lap_diagonal_results": 3.5641929692588676}, "var_of_defect": {"var_results": 36.52182712179296}, "var_sobel": {"var_sobel_results": 33.813297491772644}}