{"var_laplacian": {"var_lap_first_results": 0.7102046876695496, "var_lap_diagonal_results": 3.932126710508183}, "var_of_defect": {"var_results": 56.28409311250794}, "var_sobel": {"var_sobel_results": 34.45157565292452}}