{"var_laplacian": {"var_lap_first_results": 0.3001550377110898, "var_lap_diagonal_results": 1.95451158612565}, "var_of_defect": {"var_results": 16.34082360153056}, "var_sobel": {"var_sobel_results": 24.9977204080175}}