{"var_laplacian": {"var_lap_first_results": 0.43412512827985306, "var_lap_diagonal_results": 2.764046136448315}, "var_of_defect": {"var_results": 32.512071509367146}, "var_sobel": {"var_sobel_results": 29.96186528761774}}