{"var_laplacian": {"var_lap_first_results": 0.673932448362944, "var_lap_diagonal_results": 4.274253780278384}, "var_of_defect": {"var_results": 37.02219336508478}, "var_sobel": {"var_sobel_results": 36.78537968522942}}