{"var_laplacian": {"var_lap_first_results": 0.46778067384573824, "var_lap_diagonal_results": 2.7637712038835414}, "var_of_defect": {"var_results": 46.03344470642714}, "var_sobel": {"var_sobel_results": 31.217960628824272}}