{"var_laplacian": {"var_lap_first_results": 2.560890216044055, "var_lap_diagonal_results": 8.963537349136253}, "var_of_defect": {"var_results": 13.028876532747526}, "var_sobel": {"var_sobel_results": 25.633372986636907}}