{"var_laplacian": {"var_lap_first_results": 0.06257262360657309, "var_lap_diagonal_results": 0.40552191007616156}, "var_of_defect": {"var_results": 0.6709086453960975}, "var_sobel": {"var_sobel_results": 6.4544869632191375}}