{"var_laplacian": {"var_lap_first_results": 0.012984594246144524, "var_lap_diagonal_results": 0.07637846250330281}, "var_of_defect": {"var_results": 0.14313761878667888}, "var_sobel": {"var_sobel_results": 0.7868793148168168}}