{"var_laplacian": {"var_lap_first_results": 0.7396936711612743, "var_lap_diagonal_results": 4.528500085830131}, "var_of_defect": {"var_results": 24.584410650689037}, "var_sobel": {"var_sobel_results": 28.406867270294327}}