{"var_laplacian": {"var_lap_first_results": 0.909138169494124, "var_lap_diagonal_results": 5.64904618613225}, "var_of_defect": {"var_results": 31.55994191796163}, "var_sobel": {"var_sobel_results": 39.21929045918173}}