{"var_laplacian": {"var_lap_first_results": 0.28229330316170037, "var_lap_diagonal_results": 1.8378531102346722}, "var_of_defect": {"var_results": 15.018969154701262}, "var_sobel": {"var_sobel_results": 23.146843732989993}}