{"var_laplacian": {"var_lap_first_results": 0.2911375495515715, "var_lap_diagonal_results": 1.9304857192040237}, "var_of_defect": {"var_results": 14.068705101446575}, "var_sobel": {"var_sobel_results": 23.868522171217492}}