{"var_laplacian": {"var_lap_first_results": 0.04552837199696032, "var_lap_diagonal_results": 0.3078652647207691}, "var_of_defect": {"var_results": 0.23693784912498062}, "var_sobel": {"var_sobel_results": 4.832731973256779}}