{"var_laplacian": {"var_lap_first_results": 0.0067874233774037375, "var_lap_diagonal_results": 0.033172475243888805}, "var_of_defect": {"var_results": 0.0870493518605114}, "var_sobel": {"var_sobel_results": 0.1233961853759619}}