{"var_laplacian": {"var_lap_first_results": 0.5432799307343313, "var_lap_diagonal_results": 3.176129465177543}, "var_of_defect": {"var_results": 3.7288694605548263}, "var_sobel": {"var_sobel_results": 17.06021558965145}}