{"var_laplacian": {"var_lap_first_results": 0.011022804321759847, "var_lap_diagonal_results": 0.05749805302385566}, "var_of_defect": {"var_results": 0.39692814366260715}, "var_sobel": {"var_sobel_results": 0.29157723793044243}}