{"var_laplacian": {"var_lap_first_results": 0.39151462472131726, "var_lap_diagonal_results": 2.487352579200724}, "var_of_defect": {"var_results": 30.01494275461046}, "var_sobel": {"var_sobel_results": 26.906825822321093}}