{"var_laplacian": {"var_lap_first_results": 0.009167678920965937, "var_lap_diagonal_results": 0.04434991133968605}, "var_of_defect": {"var_results": 0.20737535336385743}, "var_sobel": {"var_sobel_results": 0.1707434843315641}}