{"var_laplacian": {"var_lap_first_results": 0.12067272948408429, "var_lap_diagonal_results": 0.8058735422903889}, "var_of_defect": {"var_results": 2.6015128212347687}, "var_sobel": {"var_sobel_results": 9.18331336382371}}