{"var_laplacian": {"var_lap_first_results": 0.06536633871532392, "var_lap_diagonal_results": 0.41566208427387347}, "var_of_defect": {"var_results": 1.240874448798541}, "var_sobel": {"var_sobel_results": 5.338328510269322}}