{"var_laplacian": {"var_lap_first_results": 0.22673825744598672, "var_lap_diagonal_results": 1.5522255833560143}, "var_of_defect": {"var_results": 3.848534033817479}, "var_sobel": {"var_sobel_results": 14.546695246691456}}