{"var_laplacian": {"var_lap_first_results": 0.04621109385096003, "var_lap_diagonal_results": 0.29974326256613515}, "var_of_defect": {"var_results": 0.8889668182347185}, "var_sobel": {"var_sobel_results": 3.781030520954915}}