{"var_laplacian": {"var_lap_first_results": 0.32961175958441996, "var_lap_diagonal_results": 2.154611058042388}, "var_of_defect": {"var_results": 2.1765731461791327}, "var_sobel": {"var_sobel_results": 13.833531457919868}}