{"var_laplacian": {"var_lap_first_results": 1.368149253231499, "var_lap_diagonal_results": 7.644359260026851}, "var_of_defect": {"var_results": 50.46188672644411}, "var_sobel": {"var_sobel_results": 45.13813807486356}}