{"var_laplacian": {"var_lap_first_results": 0.002514373647855703, "var_lap_diagonal_results": 0.011822226011610483}, "var_of_defect": {"var_results": 0.0018762526836352328}, "var_sobel": {"var_sobel_results": 0.03587840237313351}}