{"var_laplacian": {"var_lap_first_results": 0.38654289035124473, "var_lap_diagonal_results": 2.4664254479970538}, "var_of_defect": {"var_results": 29.99971390318204}, "var_sobel": {"var_sobel_results": 27.37268436944734}}