{"var_laplacian": {"var_lap_first_results": 0.27381571738545996, "var_lap_diagonal_results": 1.5563636063848096}, "var_of_defect": {"var_results": 35.447435716605185}, "var_sobel": {"var_sobel_results": 27.28936751052248}}