{"var_laplacian": {"var_lap_first_results": 0.6716450844700164, "var_lap_diagonal_results": 3.8229330075876695}, "var_of_defect": {"var_results": 9.683051043735308}, "var_sobel": {"var_sobel_results": 19.74632549429628}}