{"var_laplacian": {"var_lap_first_results": 0.06955383705714346, "var_lap_diagonal_results": 0.412590083902145}, "var_of_defect": {"var_results": 3.1674990384997113}, "var_sobel": {"var_sobel_results": 5.938561688904691}}