{"var_laplacian": {"var_lap_first_results": 0.11841657043734245, "var_lap_diagonal_results": 0.8016868405048672}, "var_of_defect": {"var_results": 2.2364013322715097}, "var_sobel": {"var_sobel_results": 9.333860296562083}}