{"var_laplacian": {"var_lap_first_results": 0.3874066657469114, "var_lap_diagonal_results": 2.462239907106891}, "var_of_defect": {"var_results": 30.26974089707561}, "var_sobel": {"var_sobel_results": 28.413300334095442}}