{"var_laplacian": {"var_lap_first_results": 0.1621204893442342, "var_lap_diagonal_results": 1.1028301263477145}, "var_of_defect": {"var_results": 2.9503709601293697}, "var_sobel": {"var_sobel_results": 11.771568577531323}}