{"var_laplacian": {"var_lap_first_results": 0.4242803377883722, "var_lap_diagonal_results": 2.678886333925205}, "var_of_defect": {"var_results": 35.73218016204708}, "var_sobel": {"var_sobel_results": 32.016165223863936}}