{"var_laplacian": {"var_lap_first_results": 2.4654185478829875, "var_lap_diagonal_results": 11.135200402343141}, "var_of_defect": {"var_results": 20.101509289261084}, "var_sobel": {"var_sobel_results": 38.095415038406735}}