{"var_laplacian": {"var_lap_first_results": 0.08670511663225607, "var_lap_diagonal_results": 0.6147130954251717}, "var_of_defect": {"var_results": 0.6716440748174894}, "var_sobel": {"var_sobel_results": 5.261414412501943}}