{"var_laplacian": {"var_lap_first_results": 0.020119048953935122, "var_lap_diagonal_results": 0.1243585702141219}, "var_of_defect": {"var_results": 0.16717725187731663}, "var_sobel": {"var_sobel_results": 2.8686089976604663}}