{"var_laplacian": {"var_lap_first_results": 0.008001814317882935, "var_lap_diagonal_results": 0.039731590321823884}, "var_of_defect": {"var_results": 0.13734082318807445}, "var_sobel": {"var_sobel_results": 0.1491454493623334}}