{"var_laplacian": {"var_lap_first_results": 0.0038468120821360157, "var_lap_diagonal_results": 0.017450012959675267}, "var_of_defect": {"var_results": 0.014880137879191912}, "var_sobel": {"var_sobel_results": 0.05819333846059354}}