{"var_laplacian": {"var_lap_first_results": 0.2631812405391221, "var_lap_diagonal_results": 1.77035966984723}, "var_of_defect": {"var_results": 4.372505069907246}, "var_sobel": {"var_sobel_results": 15.969091971758548}}