{"var_laplacian": {"var_lap_first_results": 0.7429763519503426, "var_lap_diagonal_results": 3.8339621518708418}, "var_of_defect": {"var_results": 4.41823587823236}, "var_sobel": {"var_sobel_results": 20.26739679803577}}