{"var_laplacian": {"var_lap_first_results": 0.009642552294579424, "var_lap_diagonal_results": 0.05597864288891241}, "var_of_defect": {"var_results": 0.05551196521987518}, "var_sobel": {"var_sobel_results": 1.146391021191949}}