{"var_laplacian": {"var_lap_first_results": 0.28283051510071083, "var_lap_diagonal_results": 1.842105169748557}, "var_of_defect": {"var_results": 6.978485767431056}, "var_sobel": {"var_sobel_results": 16.744428369164286}}