{"var_laplacian": {"var_lap_first_results": 0.4216649887528009, "var_lap_diagonal_results": 2.665115801962467}, "var_of_defect": {"var_results": 31.920774294692862}, "var_sobel": {"var_sobel_results": 28.97284229619234}}