{"var_laplacian": {"var_lap_first_results": 0.24461486097905447, "var_lap_diagonal_results": 1.6526538771122088}, "var_of_defect": {"var_results": 1.559514181105549}, "var_sobel": {"var_sobel_results": 11.837818981973207}}