{"var_laplacian": {"var_lap_first_results": 0.006450609577874813, "var_lap_diagonal_results": 0.031655070650174436}, "var_of_defect": {"var_results": 0.08315136675829751}, "var_sobel": {"var_sobel_results": 0.134426406266434}}