{"var_laplacian": {"var_lap_first_results": 0.34359068112911006, "var_lap_diagonal_results": 2.174073492544531}, "var_of_defect": {"var_results": 3.0506086330547753}, "var_sobel": {"var_sobel_results": 14.725488556633882}}