{"var_laplacian": {"var_lap_first_results": 0.6930767213867846, "var_lap_diagonal_results": 4.12219881290546}, "var_of_defect": {"var_results": 49.00669638193463}, "var_sobel": {"var_sobel_results": 38.23865762445819}}