{"var_laplacian": {"var_lap_first_results": 0.0959663075940087, "var_lap_diagonal_results": 0.6327482123369176}, "var_of_defect": {"var_results": 1.057863638556086}, "var_sobel": {"var_sobel_results": 8.010979911539405}}