{"var_laplacian": {"var_lap_first_results": 0.08428748763300933, "var_lap_diagonal_results": 0.5546148283176067}, "var_of_defect": {"var_results": 1.6639862777973067}, "var_sobel": {"var_sobel_results": 6.972688865279013}}