{"var_laplacian": {"var_lap_first_results": 0.2907693996539142, "var_lap_diagonal_results": 1.624097627039781}, "var_of_defect": {"var_results": 38.059634878612655}, "var_sobel": {"var_sobel_results": 27.362214593421044}}