{"var_laplacian": {"var_lap_first_results": 0.6561946453091285, "var_lap_diagonal_results": 3.749466235097249}, "var_of_defect": {"var_results": 9.548544791047842}, "var_sobel": {"var_sobel_results": 19.530799305443246}}