{"var_laplacian": {"var_lap_first_results": 0.012992764970517401, "var_lap_diagonal_results": 0.06571892557345477}, "var_of_defect": {"var_results": 0.4735646247446628}, "var_sobel": {"var_sobel_results": 0.3153791561097902}}