{"var_laplacian": {"var_lap_first_results": 0.41597774256877423, "var_lap_diagonal_results": 2.449625116679232}, "var_of_defect": {"var_results": 45.08978336634176}, "var_sobel": {"var_sobel_results": 31.37587610886112}}