{"var_laplacian": {"var_lap_first_results": 0.15276484750128433, "var_lap_diagonal_results": 1.031660093765761}, "var_of_defect": {"var_results": 0.8040424898179034}, "var_sobel": {"var_sobel_results": 9.716840603691933}}