{"var_laplacian": {"var_lap_first_results": 0.7864346149208954, "var_lap_diagonal_results": 4.5582649506859605}, "var_of_defect": {"var_results": 20.42684880504514}, "var_sobel": {"var_sobel_results": 27.951242768253618}}