{"var_laplacian": {"var_lap_first_results": 0.3620919202526351, "var_lap_diagonal_results": 2.386101660075316}, "var_of_defect": {"var_results": 5.7100399726846165}, "var_sobel": {"var_sobel_results": 19.01992344604588}}