{"var_laplacian": {"var_lap_first_results": 2.1605174736913826, "var_lap_diagonal_results": 11.68584653415003}, "var_of_defect": {"var_results": 57.99181410030802}, "var_sobel": {"var_sobel_results": 52.79353564910409}}