{"var_laplacian": {"var_lap_first_results": 0.29205074675542314, "var_lap_diagonal_results": 1.9346645309183257}, "var_of_defect": {"var_results": 14.086402671105711}, "var_sobel": {"var_sobel_results": 24.02375612262379}}