{"var_laplacian": {"var_lap_first_results": 0.3377417050985824, "var_lap_diagonal_results": 2.147799286813965}, "var_of_defect": {"var_results": 8.78784869564869}, "var_sobel": {"var_sobel_results": 17.927277920201746}}