{"var_laplacian": {"var_lap_first_results": 0.30455321263506663, "var_lap_diagonal_results": 2.0487323344242174}, "var_of_defect": {"var_results": 2.105987189708865}, "var_sobel": {"var_sobel_results": 14.30512415356051}}