{"var_laplacian": {"var_lap_first_results": 0.05497488745199642, "var_lap_diagonal_results": 0.35780176103455386}, "var_of_defect": {"var_results": 1.0953900938464847}, "var_sobel": {"var_sobel_results": 4.876826621023262}}