{"var_laplacian": {"var_lap_first_results": 0.053635226858398874, "var_lap_diagonal_results": 0.3405758364534565}, "var_of_defect": {"var_results": 0.964760416117085}, "var_sobel": {"var_sobel_results": 4.58423125036077}}