{"var_laplacian": {"var_lap_first_results": 0.19685743472469, "var_lap_diagonal_results": 1.335970643273577}, "var_of_defect": {"var_results": 0.7531873807982652}, "var_sobel": {"var_sobel_results": 9.898239388898324}}