{"var_laplacian": {"var_lap_first_results": 0.04804202559186402, "var_lap_diagonal_results": 0.33162707365514066}, "var_of_defect": {"var_results": 0.3358089429448483}, "var_sobel": {"var_sobel_results": 3.0541958949680876}}