{"var_laplacian": {"var_lap_first_results": 0.34041320327180735, "var_lap_diagonal_results": 2.144753462740261}, "var_of_defect": {"var_results": 3.04418406303285}, "var_sobel": {"var_sobel_results": 14.622208293925933}}