{"var_laplacian": {"var_lap_first_results": 2.4923273415541862, "var_lap_diagonal_results": 12.779717596988961}, "var_of_defect": {"var_results": 26.110004535037174}, "var_sobel": {"var_sobel_results": 46.25883998503714}}