{"var_laplacian": {"var_lap_first_results": 0.05368267244622762, "var_lap_diagonal_results": 0.3419219599552159}, "var_of_defect": {"var_results": 0.9592986998192716}, "var_sobel": {"var_sobel_results": 4.524275106964558}}