{"var_laplacian": {"var_lap_first_results": 0.48973142274175857, "var_lap_diagonal_results": 2.9012461154985227}, "var_of_defect": {"var_results": 48.57147008782932}, "var_sobel": {"var_sobel_results": 30.898295677351605}}