{"var_laplacian": {"var_lap_first_results": 0.05432992869773363, "var_lap_diagonal_results": 0.3510055355357836}, "var_of_defect": {"var_results": 0.9984702751970621}, "var_sobel": {"var_sobel_results": 4.628739970104865}}