{"var_laplacian": {"var_lap_first_results": 0.07731774256992058, "var_lap_diagonal_results": 0.5195730047932038}, "var_of_defect": {"var_results": 1.61244713724838}, "var_sobel": {"var_sobel_results": 6.28859339379052}}