{"var_laplacian": {"var_lap_first_results": 0.48453057001965794, "var_lap_diagonal_results": 2.975268804759629}, "var_of_defect": {"var_results": 3.2762415639042106}, "var_sobel": {"var_sobel_results": 17.476205228351954}}