{"var_laplacian": {"var_lap_first_results": 0.6182220905910142, "var_lap_diagonal_results": 3.791143547012404}, "var_of_defect": {"var_results": 47.90021035026478}, "var_sobel": {"var_sobel_results": 37.79306736605582}}