{"var_laplacian": {"var_lap_first_results": 0.010060770513554224, "var_lap_diagonal_results": 0.062103021032475725}, "var_of_defect": {"var_results": 0.02491123047841934}, "var_sobel": {"var_sobel_results": 1.5228451393799487}}