{"var_laplacian": {"var_lap_first_results": 0.3957869876859194, "var_lap_diagonal_results": 2.48658946505576}, "var_of_defect": {"var_results": 31.311069620090024}, "var_sobel": {"var_sobel_results": 28.78174862298238}}