{"var_laplacian": {"var_lap_first_results": 0.2739644332291496, "var_lap_diagonal_results": 1.5523055594360247}, "var_of_defect": {"var_results": 35.15246235969881}, "var_sobel": {"var_sobel_results": 27.057354460509956}}