{"var_laplacian": {"var_lap_first_results": 0.13983381188199845, "var_lap_diagonal_results": 0.966699790616584}, "var_of_defect": {"var_results": 1.1552863790875776}, "var_sobel": {"var_sobel_results": 7.93883306453491}}