{"var_laplacian": {"var_lap_first_results": 0.013038442286592414, "var_lap_diagonal_results": 0.08352820146538158}, "var_of_defect": {"var_results": 0.06206469913576406}, "var_sobel": {"var_sobel_results": 0.7072787636435856}}