{"var_laplacian": {"var_lap_first_results": 0.044989630613176596, "var_lap_diagonal_results": 0.2538056638022687}, "var_of_defect": {"var_results": 1.9098393005966436}, "var_sobel": {"var_sobel_results": 3.423758739280845}}