{"var_laplacian": {"var_lap_first_results": 2.1651378517637268, "var_lap_diagonal_results": 11.67140754867413}, "var_of_defect": {"var_results": 57.67549041987951}, "var_sobel": {"var_sobel_results": 52.74170427958917}}