{"var_laplacian": {"var_lap_first_results": 0.10809822799097049, "var_lap_diagonal_results": 0.6792582759549247}, "var_of_defect": {"var_results": 5.250440069699783}, "var_sobel": {"var_sobel_results": 9.006392201453602}}