{"var_laplacian": {"var_lap_first_results": 0.007804953293011848, "var_lap_diagonal_results": 0.03602171700718576}, "var_of_defect": {"var_results": 0.16351273896922372}, "var_sobel": {"var_sobel_results": 0.1609549765004161}}