{"var_laplacian": {"var_lap_first_results": 0.014818117823748289, "var_lap_diagonal_results": 0.0954176985342174}, "var_of_defect": {"var_results": 0.054503662382965334}, "var_sobel": {"var_sobel_results": 1.838225348412621}}