{"var_laplacian": {"var_lap_first_results": 0.025343450179899616, "var_lap_diagonal_results": 0.16037547135693989}, "var_of_defect": {"var_results": 0.4333894209771871}, "var_sobel": {"var_sobel_results": 2.006749097715049}}