{"var_laplacian": {"var_lap_first_results": 0.002397022654631169, "var_lap_diagonal_results": 0.012718296783956692}, "var_of_defect": {"var_results": 0.0046368932420582975}, "var_sobel": {"var_sobel_results": 0.13808387637170702}}