{"var_laplacian": {"var_lap_first_results": 0.2932112740974694, "var_lap_diagonal_results": 1.9332334006994256}, "var_of_defect": {"var_results": 14.139628720825002}, "var_sobel": {"var_sobel_results": 24.001818893927847}}