{"var_laplacian": {"var_lap_first_results": 0.02141205939121485, "var_lap_diagonal_results": 0.14219496961153422}, "var_of_defect": {"var_results": 0.12408954271396554}, "var_sobel": {"var_sobel_results": 1.2668149522235026}}