{"var_laplacian": {"var_lap_first_results": 0.42755746554313107, "var_lap_diagonal_results": 2.648683921636452}, "var_of_defect": {"var_results": 35.30685708108242}, "var_sobel": {"var_sobel_results": 31.20577831595413}}