{"var_laplacian": {"var_lap_first_results": 0.006997639187450178, "var_lap_diagonal_results": 0.03425653100906434}, "var_of_defect": {"var_results": 0.14937029570692842}, "var_sobel": {"var_sobel_results": 0.14668687672319722}}