{"var_laplacian": {"var_lap_first_results": 0.014538612556468624, "var_lap_diagonal_results": 0.08771420125602007}, "var_of_defect": {"var_results": 0.055935408668339806}, "var_sobel": {"var_sobel_results": 1.7793265864579118}}