{"var_laplacian": {"var_lap_first_results": 0.4288198046104468, "var_lap_diagonal_results": 2.687060873794121}, "var_of_defect": {"var_results": 33.34773016254699}, "var_sobel": {"var_sobel_results": 30.381769695933535}}