{"var_laplacian": {"var_lap_first_results": 0.9609895696728423, "var_lap_diagonal_results": 5.4389979065673755}, "var_of_defect": {"var_results": 49.51222855292262}, "var_sobel": {"var_sobel_results": 40.416735224211344}}