{"var_laplacian": {"var_lap_first_results": 0.18425158206226097, "var_lap_diagonal_results": 1.1810468487777046}, "var_of_defect": {"var_results": 8.394970508103935}, "var_sobel": {"var_sobel_results": 13.10401079990888}}