{"var_laplacian": {"var_lap_first_results": 0.7828029774582383, "var_lap_diagonal_results": 4.343854709829827}, "var_of_defect": {"var_results": 59.367778860122876}, "var_sobel": {"var_sobel_results": 35.32454296028622}}