{"var_laplacian": {"var_lap_first_results": 0.9657433609608752, "var_lap_diagonal_results": 5.39079850786993}, "var_of_defect": {"var_results": 55.48757569626787}, "var_sobel": {"var_sobel_results": 40.56648592005634}}