{"var_laplacian": {"var_lap_first_results": 0.9156067937281067, "var_lap_diagonal_results": 5.153706960793115}, "var_of_defect": {"var_results": 29.073572197690165}, "var_sobel": {"var_sobel_results": 29.707592129449594}}