{"var_laplacian": {"var_lap_first_results": 0.39579595194539796, "var_lap_diagonal_results": 2.383061753573858}, "var_of_defect": {"var_results": 38.06907537490259}, "var_sobel": {"var_sobel_results": 32.594447045247925}}