{"var_laplacian": {"var_lap_first_results": 0.43194114396965494, "var_lap_diagonal_results": 2.6789000470213717}, "var_of_defect": {"var_results": 35.134236470321135}, "var_sobel": {"var_sobel_results": 31.32673256433001}}