{"var_laplacian": {"var_lap_first_results": 0.006434917785068554, "var_lap_diagonal_results": 0.03742147946992386}, "var_of_defect": {"var_results": 0.013681281502546654}, "var_sobel": {"var_sobel_results": 0.5612364172275466}}