{"var_laplacian": {"var_lap_first_results": 0.03388977347911048, "var_lap_diagonal_results": 0.22048290625385575}, "var_of_defect": {"var_results": 0.16905170435396524}, "var_sobel": {"var_sobel_results": 3.9035444605537113}}