{"var_laplacian": {"var_lap_first_results": 0.008669366903349561, "var_lap_diagonal_results": 0.042664882326565255}, "var_of_defect": {"var_results": 0.22417205129831977}, "var_sobel": {"var_sobel_results": 0.2112758182238886}}