{"var_laplacian": {"var_lap_first_results": 0.584635722153007, "var_lap_diagonal_results": 3.6024285265694913}, "var_of_defect": {"var_results": 20.6756423461314}, "var_sobel": {"var_sobel_results": 25.324029133851756}}