{"var_laplacian": {"var_lap_first_results": 0.037894433876201006, "var_lap_diagonal_results": 0.2590038793924085}, "var_of_defect": {"var_results": 0.2950117114104084}, "var_sobel": {"var_sobel_results": 4.944800510698796}}