{"var_laplacian": {"var_lap_first_results": 0.038830446941630646, "var_lap_diagonal_results": 0.23695724869331572}, "var_of_defect": {"var_results": 1.5273976226151667}, "var_sobel": {"var_sobel_results": 3.200894457260989}}