{"var_laplacian": {"var_lap_first_results": 0.0016697946145995148, "var_lap_diagonal_results": 0.008007024664317335}, "var_of_defect": {"var_results": 0.0007419188151916679}, "var_sobel": {"var_sobel_results": 0.020543326134810466}}