{"var_laplacian": {"var_lap_first_results": 0.42339239481834434, "var_lap_diagonal_results": 2.5233485487955627}, "var_of_defect": {"var_results": 41.490626027469716}, "var_sobel": {"var_sobel_results": 34.09803451818343}}