{"var_laplacian": {"var_lap_first_results": 0.004906359383430628, "var_lap_diagonal_results": 0.02374558196626984}, "var_of_defect": {"var_results": 0.028248276350786115}, "var_sobel": {"var_sobel_results": 0.08033800737542211}}