{"var_laplacian": {"var_lap_first_results": 0.005932467922057916, "var_lap_diagonal_results": 0.028845723622713832}, "var_of_defect": {"var_results": 0.04953905565752694}, "var_sobel": {"var_sobel_results": 0.11184412025139703}}