{"var_laplacian": {"var_lap_first_results": 0.4668922971223348, "var_lap_diagonal_results": 2.923784818478429}, "var_of_defect": {"var_results": 34.47495063895833}, "var_sobel": {"var_sobel_results": 31.35266694373382}}