{"var_laplacian": {"var_lap_first_results": 0.48707512826392935, "var_lap_diagonal_results": 2.9433195518126367}, "var_of_defect": {"var_results": 12.757813689852876}, "var_sobel": {"var_sobel_results": 21.05122485038069}}