{"var_laplacian": {"var_lap_first_results": 0.3197954364193906, "var_lap_diagonal_results": 2.0784308810950045}, "var_of_defect": {"var_results": 1.3072989912696125}, "var_sobel": {"var_sobel_results": 11.414584379729286}}