{"var_laplacian": {"var_lap_first_results": 0.39754985217046807, "var_lap_diagonal_results": 2.4759314478745447}, "var_of_defect": {"var_results": 14.785476016709929}, "var_sobel": {"var_sobel_results": 20.810552894148437}}