{"var_laplacian": {"var_lap_first_results": 0.0067826401482277586, "var_lap_diagonal_results": 0.03293131322674548}, "var_of_defect": {"var_results": 0.14141376331218156}, "var_sobel": {"var_sobel_results": 0.15619522945820022}}