{"var_laplacian": {"var_lap_first_results": 0.7772114218509104, "var_lap_diagonal_results": 4.490300695529178}, "var_of_defect": {"var_results": 51.81313656311324}, "var_sobel": {"var_sobel_results": 39.54915010408314}}