{"var_laplacian": {"var_lap_first_results": 0.03251274181254261, "var_lap_diagonal_results": 0.2236582317833906}, "var_of_defect": {"var_results": 0.21609207966678323}, "var_sobel": {"var_sobel_results": 2.0735308813831463}}