{"var_laplacian": {"var_lap_first_results": 0.040109815702929444, "var_lap_diagonal_results": 0.23347390785491698}, "var_of_defect": {"var_results": 1.629467808618074}, "var_sobel": {"var_sobel_results": 3.2285836481602317}}