{"var_laplacian": {"var_lap_first_results": 0.8360511129000002, "var_lap_diagonal_results": 4.965103919052257}, "var_of_defect": {"var_results": 40.03941925065764}, "var_sobel": {"var_sobel_results": 35.65436569757671}}