{"var_laplacian": {"var_lap_first_results": 0.007368841419383129, "var_lap_diagonal_results": 0.035950616011449936}, "var_of_defect": {"var_results": 0.17844814128101238}, "var_sobel": {"var_sobel_results": 0.16121877319465117}}