{"var_laplacian": {"var_lap_first_results": 0.051503810807938415, "var_lap_diagonal_results": 0.33004113573051685}, "var_of_defect": {"var_results": 0.9567296218037165}, "var_sobel": {"var_sobel_results": 4.448121881023106}}