{"var_laplacian": {"var_lap_first_results": 0.0005359186810226301, "var_lap_diagonal_results": 0.002719807224592744}, "var_of_defect": {"var_results": 0.00034095526435922255}, "var_sobel": {"var_sobel_results": 0.02119972645355288}}