{"var_laplacian": {"var_lap_first_results": 0.5572144472712035, "var_lap_diagonal_results": 3.7719281045722814}, "var_of_defect": {"var_results": 5.971844778132347}, "var_sobel": {"var_sobel_results": 24.130901943532724}}