{"var_laplacian": {"var_lap_first_results": 0.6628353348874955, "var_lap_diagonal_results": 3.6356562496462135}, "var_of_defect": {"var_results": 4.703761312726346}, "var_sobel": {"var_sobel_results": 18.70411157591213}}