{"var_laplacian": {"var_lap_first_results": 1.5180614690117882, "var_lap_diagonal_results": 8.325584829178512}, "var_of_defect": {"var_results": 52.80759625314883}, "var_sobel": {"var_sobel_results": 46.21879286431207}}