{"var_laplacian": {"var_lap_first_results": 0.7453469823214216, "var_lap_diagonal_results": 4.184094346287543}, "var_of_defect": {"var_results": 58.701982992753976}, "var_sobel": {"var_sobel_results": 34.68853408426639}}