{"var_laplacian": {"var_lap_first_results": 0.19153913480019924, "var_lap_diagonal_results": 1.361618074806835}, "var_of_defect": {"var_results": 1.2447184163769622}, "var_sobel": {"var_sobel_results": 11.366724366164966}}