{"var_laplacian": {"var_lap_first_results": 0.01207389853368367, "var_lap_diagonal_results": 0.07663611185619018}, "var_of_defect": {"var_results": 0.06937967354478321}, "var_sobel": {"var_sobel_results": 1.50928147834934}}