{"var_laplacian": {"var_lap_first_results": 0.2405975912677257, "var_lap_diagonal_results": 1.5568618704891335}, "var_of_defect": {"var_results": 10.13877645723582}, "var_sobel": {"var_sobel_results": 15.726786020962873}}