{"var_laplacian": {"var_lap_first_results": 0.8921945485735205, "var_lap_diagonal_results": 4.67445956593702}, "var_of_defect": {"var_results": 5.502872818492054}, "var_sobel": {"var_sobel_results": 22.106607398368162}}