{"var_laplacian": {"var_lap_first_results": 0.8866036497009198, "var_lap_diagonal_results": 5.296421396220825}, "var_of_defect": {"var_results": 29.438563627262976}, "var_sobel": {"var_sobel_results": 30.536716087681853}}