{"var_laplacian": {"var_lap_first_results": 1.6355961039152822, "var_lap_diagonal_results": 9.475170342871282}, "var_of_defect": {"var_results": 46.93778693304645}, "var_sobel": {"var_sobel_results": 47.93425434688306}}