{"var_laplacian": {"var_lap_first_results": 0.29452858747358995, "var_lap_diagonal_results": 1.6411352209164007}, "var_of_defect": {"var_results": 37.74246318196472}, "var_sobel": {"var_sobel_results": 27.767342996342332}}