{"var_laplacian": {"var_lap_first_results": 0.3245685899115187, "var_lap_diagonal_results": 2.1253725183615253}, "var_of_defect": {"var_results": 17.88795133474286}, "var_sobel": {"var_sobel_results": 27.466143344622605}}