{"var_laplacian": {"var_lap_first_results": 0.22284130131836946, "var_lap_diagonal_results": 1.4565896134031393}, "var_of_defect": {"var_results": 1.2479068820772912}, "var_sobel": {"var_sobel_results": 11.983841410153481}}