{"var_laplacian": {"var_lap_first_results": 0.31041678674114087, "var_lap_diagonal_results": 1.9419137167361096}, "var_of_defect": {"var_results": 12.213139998846529}, "var_sobel": {"var_sobel_results": 18.10875677004886}}