{"var_laplacian": {"var_lap_first_results": 0.28246143735634544, "var_lap_diagonal_results": 1.9422049658553369}, "var_of_defect": {"var_results": 10.351907113639916}, "var_sobel": {"var_sobel_results": 23.946132158460063}}