{"var_laplacian": {"var_lap_first_results": 0.14703424883193375, "var_lap_diagonal_results": 1.017666439679566}, "var_of_defect": {"var_results": 3.2299239107337954}, "var_sobel": {"var_sobel_results": 10.649970570660095}}