{"var_laplacian": {"var_lap_first_results": 0.012998989046236363, "var_lap_diagonal_results": 0.07135856096094367}, "var_of_defect": {"var_results": 0.4277735614469026}, "var_sobel": {"var_sobel_results": 0.8481701924392352}}