{"var_laplacian": {"var_lap_first_results": 0.8315779047146532, "var_lap_diagonal_results": 5.614817882713122}, "var_of_defect": {"var_results": 10.125714335838154}, "var_sobel": {"var_sobel_results": 28.13626912041247}}