{"var_laplacian": {"var_lap_first_results": 0.07431081915421922, "var_lap_diagonal_results": 0.4154940010634834}, "var_of_defect": {"var_results": 2.081359364459198}, "var_sobel": {"var_sobel_results": 3.7099657270794464}}