{"var_laplacian": {"var_lap_first_results": 0.037396150009892076, "var_lap_diagonal_results": 0.22058770562379715}, "var_of_defect": {"var_results": 0.36374514411466696}, "var_sobel": {"var_sobel_results": 1.2033245771415566}}