{"var_laplacian": {"var_lap_first_results": 0.4420467528158953, "var_lap_diagonal_results": 2.95884558789132}, "var_of_defect": {"var_results": 6.819955063710958}, "var_sobel": {"var_sobel_results": 18.437962384443082}}