{"var_laplacian": {"var_lap_first_results": 0.030372835478584485, "var_lap_diagonal_results": 0.16656337016552306}, "var_of_defect": {"var_results": 1.119294042320871}, "var_sobel": {"var_sobel_results": 1.4683840830728259}}