{"var_laplacian": {"var_lap_first_results": 0.8123711367058977, "var_lap_diagonal_results": 5.20639537552502}, "var_of_defect": {"var_results": 17.310977754092566}, "var_sobel": {"var_sobel_results": 34.29537716808241}}