{"var_laplacian": {"var_lap_first_results": 0.48251166397703066, "var_lap_diagonal_results": 3.2267698705772325}, "var_of_defect": {"var_results": 35.9359027722095}, "var_sobel": {"var_sobel_results": 31.545420128937202}}