{"var_laplacian": {"var_lap_first_results": 0.0482970437237321, "var_lap_diagonal_results": 0.3022594698825053}, "var_of_defect": {"var_results": 0.6031246076484146}, "var_sobel": {"var_sobel_results": 1.87231419041059}}