{"var_laplacian": {"var_lap_first_results": 1.8969576013231655, "var_lap_diagonal_results": 11.213209453641944}, "var_of_defect": {"var_results": 89.26843528988789}, "var_sobel": {"var_sobel_results": 62.05652127469026}}