{"var_laplacian": {"var_lap_first_results": 0.3134213147352207, "var_lap_diagonal_results": 2.2934583022149697}, "var_of_defect": {"var_results": 3.632831322263809}, "var_sobel": {"var_sobel_results": 18.016979267036074}}