{"var_laplacian": {"var_lap_first_results": 0.19211261613832983, "var_lap_diagonal_results": 1.353388800640132}, "var_of_defect": {"var_results": 0.8800434401581996}, "var_sobel": {"var_sobel_results": 14.5368291341566}}