{"var_laplacian": {"var_lap_first_results": 0.04321191618179922, "var_lap_diagonal_results": 0.28943862091986405}, "var_of_defect": {"var_results": 0.6118354214982908}, "var_sobel": {"var_sobel_results": 4.190102777474143}}