{"var_laplacian": {"var_lap_first_results": 0.04113694696011479, "var_lap_diagonal_results": 0.27179788007023703}, "var_of_defect": {"var_results": 0.5345840801798725}, "var_sobel": {"var_sobel_results": 4.476033196521044}}