{"var_laplacian": {"var_lap_first_results": 0.0006017473619757317, "var_lap_diagonal_results": 0.0029189919209444766}, "var_of_defect": {"var_results": 0.0009976551758253975}, "var_sobel": {"var_sobel_results": 0.029012816892838935}}