{"var_laplacian": {"var_lap_first_results": 0.4278676316321847, "var_lap_diagonal_results": 2.930434518371681}, "var_of_defect": {"var_results": 33.554172072564306}, "var_sobel": {"var_sobel_results": 30.769744251731648}}