{"var_laplacian": {"var_lap_first_results": 1.8627631262016247, "var_lap_diagonal_results": 9.606167811453261}, "var_of_defect": {"var_results": 13.987392529121552}, "var_sobel": {"var_sobel_results": 32.073267670634635}}