{"var_laplacian": {"var_lap_first_results": 0.2776118751673367, "var_lap_diagonal_results": 1.9182871587400885}, "var_of_defect": {"var_results": 9.414772245986965}, "var_sobel": {"var_sobel_results": 21.595112675935738}}