{"var_laplacian": {"var_lap_first_results": 0.8561794639961422, "var_lap_diagonal_results": 5.527824123649517}, "var_of_defect": {"var_results": 4.486617916636459}, "var_sobel": {"var_sobel_results": 21.519207055531755}}