{"var_laplacian": {"var_lap_first_results": 0.6624117589946603, "var_lap_diagonal_results": 4.319341541280859}, "var_of_defect": {"var_results": 38.76105940621331}, "var_sobel": {"var_sobel_results": 46.788803276286686}}