{"var_laplacian": {"var_lap_first_results": 0.001320918006867481, "var_lap_diagonal_results": 0.006802507558387415}, "var_of_defect": {"var_results": 0.0009868293539596997}, "var_sobel": {"var_sobel_results": 0.05230720330827591}}