{"var_laplacian": {"var_lap_first_results": 0.007525340941707822, "var_lap_diagonal_results": 0.03977516548810991}, "var_of_defect": {"var_results": 0.03340595557768858}, "var_sobel": {"var_sobel_results": 0.16843975360063948}}