{"var_laplacian": {"var_lap_first_results": 1.7719734005933263, "var_lap_diagonal_results": 9.027854395191419}, "var_of_defect": {"var_results": 9.537222096881745}, "var_sobel": {"var_sobel_results": 32.920409589379744}}