{"var_laplacian": {"var_lap_first_results": 0.015225149465502505, "var_lap_diagonal_results": 0.08711332270236752}, "var_of_defect": {"var_results": 0.11867322882593458}, "var_sobel": {"var_sobel_results": 0.478682108602589}}