{"var_laplacian": {"var_lap_first_results": 5.545234937044566, "var_lap_diagonal_results": 24.48993527228097}, "var_of_defect": {"var_results": 135.90679506836997}, "var_sobel": {"var_sobel_results": 74.63682582851686}}