{"var_laplacian": {"var_lap_first_results": 0.47733106812442516, "var_lap_diagonal_results": 3.4237053576777634}, "var_of_defect": {"var_results": 9.868272921599877}, "var_sobel": {"var_sobel_results": 28.537925893738894}}