{"var_laplacian": {"var_lap_first_results": 0.013649977325114738, "var_lap_diagonal_results": 0.07405693048322472}, "var_of_defect": {"var_results": 0.08155125903936378}, "var_sobel": {"var_sobel_results": 0.3716218811004058}}