{"var_laplacian": {"var_lap_first_results": 2.3565786816587586, "var_lap_diagonal_results": 11.106568784028273}, "var_of_defect": {"var_results": 12.89711722631634}, "var_sobel": {"var_sobel_results": 35.27563435943603}}