{"var_laplacian": {"var_lap_first_results": 0.7046088721720194, "var_lap_diagonal_results": 4.541183031282474}, "var_of_defect": {"var_results": 66.56922468230846}, "var_sobel": {"var_sobel_results": 45.22800149967408}}