{"var_laplacian": {"var_lap_first_results": 0.49288431448134346, "var_lap_diagonal_results": 3.1379397888930525}, "var_of_defect": {"var_results": 53.46605691423885}, "var_sobel": {"var_sobel_results": 38.999329948891244}}