{"var_laplacian": {"var_lap_first_results": 0.122937470114342, "var_lap_diagonal_results": 0.8762533791333363}, "var_of_defect": {"var_results": 1.187360810050387}, "var_sobel": {"var_sobel_results": 10.220967256021357}}