{"var_laplacian": {"var_lap_first_results": 0.024533272420741593, "var_lap_diagonal_results": 0.1327130708284854}, "var_of_defect": {"var_results": 0.6444967372550746}, "var_sobel": {"var_sobel_results": 1.5968683493649043}}