{"var_laplacian": {"var_lap_first_results": 0.23091800199634843, "var_lap_diagonal_results": 1.6870879785718107}, "var_of_defect": {"var_results": 2.613482558154896}, "var_sobel": {"var_sobel_results": 15.508194790628497}}