{"var_laplacian": {"var_lap_first_results": 0.291586441434139, "var_lap_diagonal_results": 1.9485117409446668}, "var_of_defect": {"var_results": 3.035565826154595}, "var_sobel": {"var_sobel_results": 13.645816119748355}}