{"var_laplacian": {"var_lap_first_results": 0.00037860926974563996, "var_lap_diagonal_results": 0.0019186737120859595}, "var_of_defect": {"var_results": 0.00010908696537014535}, "var_sobel": {"var_sobel_results": 0.004183648759977134}}