{"var_laplacian": {"var_lap_first_results": 3.3780321325385088, "var_lap_diagonal_results": 12.02168104383078}, "var_of_defect": {"var_results": 20.45553445940964}, "var_sobel": {"var_sobel_results": 35.27885709751243}}