{"var_laplacian": {"var_lap_first_results": 0.06189002376581757, "var_lap_diagonal_results": 0.35108384960209377}, "var_of_defect": {"var_results": 2.813257092639034}, "var_sobel": {"var_sobel_results": 3.568480089802809}}