{"var_laplacian": {"var_lap_first_results": 0.0037229743465226153, "var_lap_diagonal_results": 0.023249168137682467}, "var_of_defect": {"var_results": 0.007326972733851748}, "var_sobel": {"var_sobel_results": 0.1774003439131116}}