{"var_laplacian": {"var_lap_first_results": 3.578184237157444, "var_lap_diagonal_results": 14.788187816060347}, "var_of_defect": {"var_results": 57.68227053702079}, "var_sobel": {"var_sobel_results": 42.64878392313205}}