{"var_laplacian": {"var_lap_first_results": 0.3868844196692511, "var_lap_diagonal_results": 2.8000540650621013}, "var_of_defect": {"var_results": 7.935455017417294}, "var_sobel": {"var_sobel_results": 13.79170910050651}}