{"var_laplacian": {"var_lap_first_results": 0.07579081142396749, "var_lap_diagonal_results": 0.5032002456264604}, "var_of_defect": {"var_results": 1.9876836000596383}, "var_sobel": {"var_sobel_results": 7.631722369484225}}