{"var_laplacian": {"var_lap_first_results": 0.06252879278490028, "var_lap_diagonal_results": 0.37739903411632053}, "var_of_defect": {"var_results": 2.760527116493011}, "var_sobel": {"var_sobel_results": 4.507790587332553}}