{"var_laplacian": {"var_lap_first_results": 0.06391100772262905, "var_lap_diagonal_results": 0.36684088923298297}, "var_of_defect": {"var_results": 2.459011613232492}, "var_sobel": {"var_sobel_results": 4.124320367595464}}