{"var_laplacian": {"var_lap_first_results": 0.9021981772333728, "var_lap_diagonal_results": 4.196377740954116}, "var_of_defect": {"var_results": 4.773220109981685}, "var_sobel": {"var_sobel_results": 19.809922985584453}}