{"var_laplacian": {"var_lap_first_results": 2.202460762450133, "var_lap_diagonal_results": 8.89505332453258}, "var_of_defect": {"var_results": 10.781755003633751}, "var_sobel": {"var_sobel_results": 31.40301253491223}}