{"var_laplacian": {"var_lap_first_results": 0.03630217372376543, "var_lap_diagonal_results": 0.21400874103032674}, "var_of_defect": {"var_results": 1.3621314535139943}, "var_sobel": {"var_sobel_results": 2.763980460915421}}