{"var_laplacian": {"var_lap_first_results": 0.9421381333275108, "var_lap_diagonal_results": 5.440356302785282}, "var_of_defect": {"var_results": 45.77320475813343}, "var_sobel": {"var_sobel_results": 39.67928422742935}}