{"var_laplacian": {"var_lap_first_results": 0.931271016524392, "var_lap_diagonal_results": 4.210771462793165}, "var_of_defect": {"var_results": 3.4783677952926833}, "var_sobel": {"var_sobel_results": 20.45532302512096}}