{"var_laplacian": {"var_lap_first_results": 1.1755080402060822, "var_lap_diagonal_results": 7.84238845543486}, "var_of_defect": {"var_results": 65.25318368451082}, "var_sobel": {"var_sobel_results": 58.248956212082284}}