{"var_laplacian": {"var_lap_first_results": 0.021716514092401846, "var_lap_diagonal_results": 0.13208893186113943}, "var_of_defect": {"var_results": 0.612839862867715}, "var_sobel": {"var_sobel_results": 1.296916090046495}}