{"var_laplacian": {"var_lap_first_results": 0.13574518414466866, "var_lap_diagonal_results": 0.9894863468805485}, "var_of_defect": {"var_results": 2.349061538515169}, "var_sobel": {"var_sobel_results": 9.473207538641262}}