{"var_laplacian": {"var_lap_first_results": 0.8918412094664189, "var_lap_diagonal_results": 5.60922191714151}, "var_of_defect": {"var_results": 43.62699290696205}, "var_sobel": {"var_sobel_results": 52.291865950825525}}