{"var_laplacian": {"var_lap_first_results": 0.07356553013920546, "var_lap_diagonal_results": 0.5059437850431107}, "var_of_defect": {"var_results": 0.6536478511913659}, "var_sobel": {"var_sobel_results": 6.104644682012728}}