{"var_laplacian": {"var_lap_first_results": 0.19493194206564776, "var_lap_diagonal_results": 1.3567996741765986}, "var_of_defect": {"var_results": 1.9148000743401667}, "var_sobel": {"var_sobel_results": 15.052330251829003}}