{"var_laplacian": {"var_lap_first_results": 0.02383142174488396, "var_lap_diagonal_results": 0.1483630947557403}, "var_of_defect": {"var_results": 0.9302485900436158}, "var_sobel": {"var_sobel_results": 1.4104535275296417}}