{"var_laplacian": {"var_lap_first_results": 0.47422038242635806, "var_lap_diagonal_results": 3.4133371677856976}, "var_of_defect": {"var_results": 8.914691960064424}, "var_sobel": {"var_sobel_results": 24.85669773382961}}