{"var_laplacian": {"var_lap_first_results": 0.5560742603674049, "var_lap_diagonal_results": 3.8993366474274413}, "var_of_defect": {"var_results": 11.344168106121808}, "var_sobel": {"var_sobel_results": 34.69907831284744}}