{"var_laplacian": {"var_lap_first_results": 0.680556335768981, "var_lap_diagonal_results": 4.839816493617}, "var_of_defect": {"var_results": 3.9227488364521688}, "var_sobel": {"var_sobel_results": 33.83425923640822}}