{"var_laplacian": {"var_lap_first_results": 0.638231669414491, "var_lap_diagonal_results": 3.56856287298722}, "var_of_defect": {"var_results": 9.028872773405855}, "var_sobel": {"var_sobel_results": 19.772949415708638}}