{"var_laplacian": {"var_lap_first_results": 0.023578950654891295, "var_lap_diagonal_results": 0.12873758468578614}, "var_of_defect": {"var_results": 0.7427533749678789}, "var_sobel": {"var_sobel_results": 1.784401543419034}}