{"var_laplacian": {"var_lap_first_results": 2.729595886860492, "var_lap_diagonal_results": 10.628332356071839}, "var_of_defect": {"var_results": 13.502667261684271}, "var_sobel": {"var_sobel_results": 34.462566812836485}}