{"var_laplacian": {"var_lap_first_results": 0.15978362518374278, "var_lap_diagonal_results": 1.1219280880416358}, "var_of_defect": {"var_results": 1.7396218686322527}, "var_sobel": {"var_sobel_results": 12.493375434057336}}