{"var_laplacian": {"var_lap_first_results": 0.0038901133288395014, "var_lap_diagonal_results": 0.02249498886454974}, "var_of_defect": {"var_results": 0.01485800478734613}, "var_sobel": {"var_sobel_results": 0.1930749955751607}}