{"var_laplacian": {"var_lap_first_results": 0.7879085999124413, "var_lap_diagonal_results": 5.010978020167673}, "var_of_defect": {"var_results": 69.24266530910187}, "var_sobel": {"var_sobel_results": 48.412267193233326}}