{"var_laplacian": {"var_lap_first_results": 0.0724294291783704, "var_lap_diagonal_results": 0.5213205307178184}, "var_of_defect": {"var_results": 1.2391765642640749}, "var_sobel": {"var_sobel_results": 7.226792338272792}}