{"var_laplacian": {"var_lap_first_results": 0.40228573253305766, "var_lap_diagonal_results": 2.7651228558208527}, "var_of_defect": {"var_results": 8.073003706062202}, "var_sobel": {"var_sobel_results": 14.279839421842533}}