{"var_laplacian": {"var_lap_first_results": 0.01367783092662032, "var_lap_diagonal_results": 0.0710344842863764}, "var_of_defect": {"var_results": 0.41274603131378024}, "var_sobel": {"var_sobel_results": 0.7347050699972771}}