{"var_laplacian": {"var_lap_first_results": 0.48652826574811614, "var_lap_diagonal_results": 3.0917762900648578}, "var_of_defect": {"var_results": 53.784101989031036}, "var_sobel": {"var_sobel_results": 39.058239744509294}}