{"var_laplacian": {"var_lap_first_results": 0.023528657610966053, "var_lap_diagonal_results": 0.12392815225501051}, "var_of_defect": {"var_results": 0.6432210229799904}, "var_sobel": {"var_sobel_results": 1.7866045862277924}}