{"var_laplacian": {"var_lap_first_results": 0.1805905300139553, "var_lap_diagonal_results": 1.2535076483667273}, "var_of_defect": {"var_results": 1.9327796359117586}, "var_sobel": {"var_sobel_results": 11.967540288121638}}