{"var_laplacian": {"var_lap_first_results": 0.028894801266708396, "var_lap_diagonal_results": 0.16175715937184376}, "var_of_defect": {"var_results": 0.9186223493766743}, "var_sobel": {"var_sobel_results": 1.2786666115632852}}