{"var_laplacian": {"var_lap_first_results": 0.7294441977325159, "var_lap_diagonal_results": 4.877335056453679}, "var_of_defect": {"var_results": 55.27018945456021}, "var_sobel": {"var_sobel_results": 52.961853788289595}}