{"var_laplacian": {"var_lap_first_results": 0.128380805786784, "var_lap_diagonal_results": 0.9089242107714623}, "var_of_defect": {"var_results": 2.5982481959281594}, "var_sobel": {"var_sobel_results": 11.100647008775711}}