{"var_laplacian": {"var_lap_first_results": 0.8738654181172227, "var_lap_diagonal_results": 4.294425261358603}, "var_of_defect": {"var_results": 15.682726074617298}, "var_sobel": {"var_sobel_results": 23.357493740851005}}