{"var_laplacian": {"var_lap_first_results": 3.1528494683929837, "var_lap_diagonal_results": 15.168195673263451}, "var_of_defect": {"var_results": 45.82112940018773}, "var_sobel": {"var_sobel_results": 41.8241763683188}}