{"var_laplacian": {"var_lap_first_results": 0.31825130344365554, "var_lap_diagonal_results": 2.2062277921607762}, "var_of_defect": {"var_results": 5.179004432742293}, "var_sobel": {"var_sobel_results": 16.735661085366555}}