{"var_laplacian": {"var_lap_first_results": 0.2597905465261321, "var_lap_diagonal_results": 1.7845928296391278}, "var_of_defect": {"var_results": 5.861876375927843}, "var_sobel": {"var_sobel_results": 13.113550733543963}}