{"var_laplacian": {"var_lap_first_results": 5.339395441202109, "var_lap_diagonal_results": 24.708096243317016}, "var_of_defect": {"var_results": 57.949583063961235}, "var_sobel": {"var_sobel_results": 68.51792208539827}}