{"var_laplacian": {"var_lap_first_results": 0.5422786736182479, "var_lap_diagonal_results": 3.8124714408914233}, "var_of_defect": {"var_results": 2.6580507417293893}, "var_sobel": {"var_sobel_results": 24.428653178610546}}