{"var_laplacian": {"var_lap_first_results": 0.34198177949119574, "var_lap_diagonal_results": 2.495250453800213}, "var_of_defect": {"var_results": 1.7871514976550686}, "var_sobel": {"var_sobel_results": 17.00465158225652}}