{"var_laplacian": {"var_lap_first_results": 0.5169923783677047, "var_lap_diagonal_results": 3.508013068752167}, "var_of_defect": {"var_results": 38.062644894577886}, "var_sobel": {"var_sobel_results": 33.09892576980675}}