{"var_laplacian": {"var_lap_first_results": 7.124701555171884, "var_lap_diagonal_results": 27.764873008023713}, "var_of_defect": {"var_results": 78.91351375623864}, "var_sobel": {"var_sobel_results": 75.2096669189588}}