{"var_laplacian": {"var_lap_first_results": 0.015347365299769492, "var_lap_diagonal_results": 0.08021624533406617}, "var_of_defect": {"var_results": 0.4305216456438878}, "var_sobel": {"var_sobel_results": 0.8786894583826554}}