{"var_laplacian": {"var_lap_first_results": 1.0699584337043886, "var_lap_diagonal_results": 7.128969465792589}, "var_of_defect": {"var_results": 11.344193664124388}, "var_sobel": {"var_sobel_results": 37.06889830602257}}