{"var_laplacian": {"var_lap_first_results": 0.10080437049696721, "var_lap_diagonal_results": 0.7225274009900461}, "var_of_defect": {"var_results": 1.0928951111744951}, "var_sobel": {"var_sobel_results": 9.416072234674967}}