{"var_laplacian": {"var_lap_first_results": 0.9971030666521707, "var_lap_diagonal_results": 4.8837815035491525}, "var_of_defect": {"var_results": 13.047379330354264}, "var_sobel": {"var_sobel_results": 20.9112801336659}}