{"var_laplacian": {"var_lap_first_results": 0.06388828663381521, "var_lap_diagonal_results": 0.4201901469651826}, "var_of_defect": {"var_results": 0.8820581547975412}, "var_sobel": {"var_sobel_results": 6.836880993067795}}