{"var_laplacian": {"var_lap_first_results": 0.2526661299289818, "var_lap_diagonal_results": 1.8055505893099193}, "var_of_defect": {"var_results": 9.057342844586898}, "var_sobel": {"var_sobel_results": 21.10963204480635}}