{"var_laplacian": {"var_lap_first_results": 0.0037079366020320997, "var_lap_diagonal_results": 0.021221743528545077}, "var_of_defect": {"var_results": 0.014586622778585998}, "var_sobel": {"var_sobel_results": 0.1919144661985171}}