{"var_laplacian": {"var_lap_first_results": 0.9483294830114692, "var_lap_diagonal_results": 6.046976441603602}, "var_of_defect": {"var_results": 7.169375136633728}, "var_sobel": {"var_sobel_results": 25.960152308138902}}