{"var_laplacian": {"var_lap_first_results": 0.3920635009651524, "var_lap_diagonal_results": 2.788307592584117}, "var_of_defect": {"var_results": 3.9559238060119535}, "var_sobel": {"var_sobel_results": 24.053930654070534}}