{"var_laplacian": {"var_lap_first_results": 0.026489560055937476, "var_lap_diagonal_results": 0.1708649624938332}, "var_of_defect": {"var_results": 0.2804188801663194}, "var_sobel": {"var_sobel_results": 2.6182664989905318}}