{"var_laplacian": {"var_lap_first_results": 0.8377026194745933, "var_lap_diagonal_results": 4.259440972910684}, "var_of_defect": {"var_results": 13.938865840326441}, "var_sobel": {"var_sobel_results": 22.573184083770677}}