{"var_laplacian": {"var_lap_first_results": 1.1631595232830367, "var_lap_diagonal_results": 7.740428359047678}, "var_of_defect": {"var_results": 64.62046335085734}, "var_sobel": {"var_sobel_results": 57.52106053798766}}