{"var_laplacian": {"var_lap_first_results": 7.468460450032157, "var_lap_diagonal_results": 27.545945507676517}, "var_of_defect": {"var_results": 50.039444534842794}, "var_sobel": {"var_sobel_results": 68.70585744174917}}