{"var_laplacian": {"var_lap_first_results": 0.05657136108123455, "var_lap_diagonal_results": 0.3321993956542397}, "var_of_defect": {"var_results": 0.6565749377267408}, "var_sobel": {"var_sobel_results": 1.7375287499581347}}