{"var_laplacian": {"var_lap_first_results": 0.03745048973916688, "var_lap_diagonal_results": 0.23681623646494188}, "var_of_defect": {"var_results": 1.149811844283038}, "var_sobel": {"var_sobel_results": 4.091218352777358}}