{"var_laplacian": {"var_lap_first_results": 3.1114426294963424, "var_lap_diagonal_results": 14.207091089064626}, "var_of_defect": {"var_results": 57.66095037883424}, "var_sobel": {"var_sobel_results": 42.9625626467493}}