{"var_laplacian": {"var_lap_first_results": 0.003409538869827616, "var_lap_diagonal_results": 0.019142623709826397}, "var_of_defect": {"var_results": 0.006105397298993746}, "var_sobel": {"var_sobel_results": 0.1619524168322735}}