{"var_laplacian": {"var_lap_first_results": 0.5095000948529547, "var_lap_diagonal_results": 3.5382119203080786}, "var_of_defect": {"var_results": 13.54368016705346}, "var_sobel": {"var_sobel_results": 30.585914289693804}}