{"var_laplacian": {"var_lap_first_results": 0.0041264759183534195, "var_lap_diagonal_results": 0.017819270864622573}, "var_of_defect": {"var_results": 0.011449183622248432}, "var_sobel": {"var_sobel_results": 0.0866695870597048}}