{"var_laplacian": {"var_lap_first_results": 0.020334576697804717, "var_lap_diagonal_results": 0.11723333715031886}, "var_of_defect": {"var_results": 0.6230564738163851}, "var_sobel": {"var_sobel_results": 1.7662928596246665}}