{"var_laplacian": {"var_lap_first_results": 0.02500381358102888, "var_lap_diagonal_results": 0.15158505627802768}, "var_of_defect": {"var_results": 0.6691415379279378}, "var_sobel": {"var_sobel_results": 1.5338676355537246}}