{"var_laplacian": {"var_lap_first_results": 0.41688992030000305, "var_lap_diagonal_results": 3.077986672491832}, "var_of_defect": {"var_results": 4.83804803507546}, "var_sobel": {"var_sobel_results": 20.16117739843414}}