{"var_laplacian": {"var_lap_first_results": 0.10512847097527873, "var_lap_diagonal_results": 0.7455892714134114}, "var_of_defect": {"var_results": 0.6292069554874093}, "var_sobel": {"var_sobel_results": 10.919486170633306}}