{"var_laplacian": {"var_lap_first_results": 0.6221000855282177, "var_lap_diagonal_results": 4.055750147220275}, "var_of_defect": {"var_results": 48.21549455740136}, "var_sobel": {"var_sobel_results": 44.06106597108194}}