{"var_laplacian": {"var_lap_first_results": 0.009119897624638221, "var_lap_diagonal_results": 0.04921234221629847}, "var_of_defect": {"var_results": 0.08824249168536649}, "var_sobel": {"var_sobel_results": 0.277577340065398}}