{"var_laplacian": {"var_lap_first_results": 0.001353946042301652, "var_lap_diagonal_results": 0.0073425612757060145}, "var_of_defect": {"var_results": 0.002138111630507077}, "var_sobel": {"var_sobel_results": 0.06743061014254062}}