{"var_laplacian": {"var_lap_first_results": 0.7292533794193049, "var_lap_diagonal_results": 4.699573138386296}, "var_of_defect": {"var_results": 65.15762844954344}, "var_sobel": {"var_sobel_results": 44.04394663980276}}