{"var_laplacian": {"var_lap_first_results": 0.46537406513493906, "var_lap_diagonal_results": 3.347226617892146}, "var_of_defect": {"var_results": 8.930182429737588}, "var_sobel": {"var_sobel_results": 24.941507708448157}}