{"var_laplacian": {"var_lap_first_results": 0.29002488126142856, "var_lap_diagonal_results": 2.0465442831920884}, "var_of_defect": {"var_results": 2.7842131132432164}, "var_sobel": {"var_sobel_results": 18.34736565211702}}