{"var_laplacian": {"var_lap_first_results": 0.6405262358925988, "var_lap_diagonal_results": 4.4416540895939}, "var_of_defect": {"var_results": 36.45606870013544}, "var_sobel": {"var_sobel_results": 43.57888999040159}}