{"var_laplacian": {"var_lap_first_results": 0.11271774756792605, "var_lap_diagonal_results": 0.7923409376427787}, "var_of_defect": {"var_results": 0.553234632202545}, "var_sobel": {"var_sobel_results": 10.209854245274569}}