{"var_laplacian": {"var_lap_first_results": 0.7124992531645448, "var_lap_diagonal_results": 4.674207993098788}, "var_of_defect": {"var_results": 64.34624479619319}, "var_sobel": {"var_sobel_results": 43.1551734968757}}