{"var_laplacian": {"var_lap_first_results": 0.029688483400956384, "var_lap_diagonal_results": 0.1974064635246095}, "var_of_defect": {"var_results": 0.12538789232635036}, "var_sobel": {"var_sobel_results": 2.575909292801793}}