{"var_laplacian": {"var_lap_first_results": 0.0064900300383287455, "var_lap_diagonal_results": 0.032612792073863035}, "var_of_defect": {"var_results": 0.015756593436021014}, "var_sobel": {"var_sobel_results": 0.11892673433925044}}