{"var_laplacian": {"var_lap_first_results": 0.041011921697966275, "var_lap_diagonal_results": 0.22635050976737592}, "var_of_defect": {"var_results": 1.2022086128831089}, "var_sobel": {"var_sobel_results": 2.861476187225303}}