{"var_laplacian": {"var_lap_first_results": 0.09355806879613494, "var_lap_diagonal_results": 0.5174353808215033}, "var_of_defect": {"var_results": 2.5323740730397444}, "var_sobel": {"var_sobel_results": 5.1233196365774445}}