{"var_laplacian": {"var_lap_first_results": 0.5160681198106203, "var_lap_diagonal_results": 3.3162378355378346}, "var_of_defect": {"var_results": 37.754636718844445}, "var_sobel": {"var_sobel_results": 36.10154794241508}}