{"var_laplacian": {"var_lap_first_results": 0.04289436418354289, "var_lap_diagonal_results": 0.21257970427887998}, "var_of_defect": {"var_results": 0.9716908567563003}, "var_sobel": {"var_sobel_results": 1.3004000395605497}}