{"var_laplacian": {"var_lap_first_results": 0.4654565724871674, "var_lap_diagonal_results": 3.3843521926950593}, "var_of_defect": {"var_results": 9.10326186328321}, "var_sobel": {"var_sobel_results": 25.4870462175613}}