{"var_laplacian": {"var_lap_first_results": 0.5859734133436502, "var_lap_diagonal_results": 3.679776842181233}, "var_of_defect": {"var_results": 58.85204299738297}, "var_sobel": {"var_sobel_results": 45.59277943228144}}