{"var_laplacian": {"var_lap_first_results": 0.6787805280111556, "var_lap_diagonal_results": 4.690109471646616}, "var_of_defect": {"var_results": 3.61453542411811}, "var_sobel": {"var_sobel_results": 23.165626400194103}}