{"var_laplacian": {"var_lap_first_results": 0.0851916595231935, "var_lap_diagonal_results": 0.5186085434782824}, "var_of_defect": {"var_results": 2.5931554375048314}, "var_sobel": {"var_sobel_results": 5.124058801131894}}