{"var_laplacian": {"var_lap_first_results": 0.0013899424453480665, "var_lap_diagonal_results": 0.007995092291450357}, "var_of_defect": {"var_results": 0.008220028727976144}, "var_sobel": {"var_sobel_results": 0.11160938670541141}}