{"var_laplacian": {"var_lap_first_results": 0.2449079358377165, "var_lap_diagonal_results": 1.774589891714234}, "var_of_defect": {"var_results": 4.8241989457726735}, "var_sobel": {"var_sobel_results": 11.870314443909832}}