{"var_laplacian": {"var_lap_first_results": 2.8140757337756894, "var_lap_diagonal_results": 12.934150417588402}, "var_of_defect": {"var_results": 35.606567150839254}, "var_sobel": {"var_sobel_results": 41.08195597228249}}