{"var_laplacian": {"var_lap_first_results": 0.033091735369974805, "var_lap_diagonal_results": 0.23764066100278441}, "var_of_defect": {"var_results": 0.1413614631774036}, "var_sobel": {"var_sobel_results": 2.3825415976199227}}