{"var_laplacian": {"var_lap_first_results": 0.024592781478190447, "var_lap_diagonal_results": 0.1450223709585783}, "var_of_defect": {"var_results": 0.9970698459160597}, "var_sobel": {"var_sobel_results": 2.176700843956137}}