{"var_laplacian": {"var_lap_first_results": 0.48477328348142024, "var_lap_diagonal_results": 2.985338339434006}, "var_of_defect": {"var_results": 53.374837053936815}, "var_sobel": {"var_sobel_results": 39.25742908935557}}