{"var_laplacian": {"var_lap_first_results": 1.68577358642253, "var_lap_diagonal_results": 10.039066704800161}, "var_of_defect": {"var_results": 18.781157811411816}, "var_sobel": {"var_sobel_results": 42.08885884704993}}