{"var_laplacian": {"var_lap_first_results": 0.5116963888244079, "var_lap_diagonal_results": 3.212184484500792}, "var_of_defect": {"var_results": 56.71751998948767}, "var_sobel": {"var_sobel_results": 43.21164154119191}}