{"var_laplacian": {"var_lap_first_results": 0.8543480741381829, "var_lap_diagonal_results": 4.002297396309941}, "var_of_defect": {"var_results": 9.866997220516215}, "var_sobel": {"var_sobel_results": 19.29417031573545}}