{"var_laplacian": {"var_lap_first_results": 0.45249259504283074, "var_lap_diagonal_results": 3.032401534567095}, "var_of_defect": {"var_results": 10.66625291126852}, "var_sobel": {"var_sobel_results": 16.861161884246428}}