{"var_laplacian": {"var_lap_first_results": 0.10897547650050998, "var_lap_diagonal_results": 0.7521554461103891}, "var_of_defect": {"var_results": 1.0629368944597517}, "var_sobel": {"var_sobel_results": 8.670103713633164}}