{"var_laplacian": {"var_lap_first_results": 3.5993585297915427, "var_lap_diagonal_results": 12.159825382206025}, "var_of_defect": {"var_results": 24.304113320128067}, "var_sobel": {"var_sobel_results": 39.206213608840955}}