{"var_laplacian": {"var_lap_first_results": 2.051409748651875, "var_lap_diagonal_results": 11.485309503529214}, "var_of_defect": {"var_results": 87.40590823583024}, "var_sobel": {"var_sobel_results": 58.82771498781005}}