{"var_laplacian": {"var_lap_first_results": 0.05472789994574664, "var_lap_diagonal_results": 0.390119065416784}, "var_of_defect": {"var_results": 0.8420385372564494}, "var_sobel": {"var_sobel_results": 5.945688586034703}}