{"var_laplacian": {"var_lap_first_results": 0.00767013614702279, "var_lap_diagonal_results": 0.037633584778913494}, "var_of_defect": {"var_results": 0.06190719380501348}, "var_sobel": {"var_sobel_results": 0.2609322043064823}}