{"var_laplacian": {"var_lap_first_results": 0.02998152904363628, "var_lap_diagonal_results": 0.1715549047059582}, "var_of_defect": {"var_results": 0.9007833414444634}, "var_sobel": {"var_sobel_results": 1.6254479577098837}}