{"var_laplacian": {"var_lap_first_results": 3.7157747337966986, "var_lap_diagonal_results": 15.17106237894872}, "var_of_defect": {"var_results": 22.823302207407753}, "var_sobel": {"var_sobel_results": 43.28998642246436}}