{"var_laplacian": {"var_lap_first_results": 0.013443216484438452, "var_lap_diagonal_results": 0.07134651462851803}, "var_of_defect": {"var_results": 0.4320677289918499}, "var_sobel": {"var_sobel_results": 0.8275874538851985}}