{"var_laplacian": {"var_lap_first_results": 0.04316442240717432, "var_lap_diagonal_results": 0.29215041652758894}, "var_of_defect": {"var_results": 0.6239871433408897}, "var_sobel": {"var_sobel_results": 4.206346452263887}}