{"var_laplacian": {"var_lap_first_results": 0.05157341811891315, "var_lap_diagonal_results": 0.30061946348528346}, "var_of_defect": {"var_results": 1.691677948487621}, "var_sobel": {"var_sobel_results": 3.0802778972177745}}