{"var_laplacian": {"var_lap_first_results": 0.00907520770721662, "var_lap_diagonal_results": 0.04828146116990082}, "var_of_defect": {"var_results": 0.15996655430296425}, "var_sobel": {"var_sobel_results": 0.42123770690515977}}