{"var_laplacian": {"var_lap_first_results": 0.019956395980048447, "var_lap_diagonal_results": 0.12755733030371846}, "var_of_defect": {"var_results": 0.15361792019504292}, "var_sobel": {"var_sobel_results": 2.3419772416507385}}