{"var_laplacian": {"var_lap_first_results": 0.08090272454859769, "var_lap_diagonal_results": 0.5580237346338911}, "var_of_defect": {"var_results": 0.39251653947230186}, "var_sobel": {"var_sobel_results": 6.772881981789197}}