{"var_laplacian": {"var_lap_first_results": 0.6750261957003563, "var_lap_diagonal_results": 4.379124196445207}, "var_of_defect": {"var_results": 51.83416557426675}, "var_sobel": {"var_sobel_results": 48.623562815374534}}