{"var_laplacian": {"var_lap_first_results": 0.0007414188100067154, "var_lap_diagonal_results": 0.003654660490348351}, "var_of_defect": {"var_results": 0.0004579639614864419}, "var_sobel": {"var_sobel_results": 0.01609675842100827}}