{"var_laplacian": {"var_lap_first_results": 0.0018642620664489386, "var_lap_diagonal_results": 0.008739399075675829}, "var_of_defect": {"var_results": 0.0010481111194508323}, "var_sobel": {"var_sobel_results": 0.03247515768396712}}