{"var_laplacian": {"var_lap_first_results": 0.051489450901516354, "var_lap_diagonal_results": 0.31714483982052516}, "var_of_defect": {"var_results": 1.2080406156882704}, "var_sobel": {"var_sobel_results": 4.820141628024505}}