{"var_laplacian": {"var_lap_first_results": 0.4933824604727084, "var_lap_diagonal_results": 3.141487551303471}, "var_of_defect": {"var_results": 53.582486709492315}, "var_sobel": {"var_sobel_results": 39.4343416410546}}