{"var_laplacian": {"var_lap_first_results": 0.20470066313479132, "var_lap_diagonal_results": 1.4647055466768955}, "var_of_defect": {"var_results": 3.837006836819972}, "var_sobel": {"var_sobel_results": 10.963194908800801}}