{"var_laplacian": {"var_lap_first_results": 0.04406797536102542, "var_lap_diagonal_results": 0.29541841921099093}, "var_of_defect": {"var_results": 0.6147559722384685}, "var_sobel": {"var_sobel_results": 4.23897826172721}}