{"var_laplacian": {"var_lap_first_results": 0.018090976145824427, "var_lap_diagonal_results": 0.09664907275003737}, "var_of_defect": {"var_results": 0.2747275199945971}, "var_sobel": {"var_sobel_results": 0.6198333189225569}}