{"var_laplacian": {"var_lap_first_results": 1.1428557747354846, "var_lap_diagonal_results": 7.729211978917344}, "var_of_defect": {"var_results": 64.5580256624083}, "var_sobel": {"var_sobel_results": 57.72771085637539}}