{"var_laplacian": {"var_lap_first_results": 0.28440930374793827, "var_lap_diagonal_results": 2.020280473736628}, "var_of_defect": {"var_results": 2.8449594137826812}, "var_sobel": {"var_sobel_results": 20.026004832151983}}