{"var_laplacian": {"var_lap_first_results": 0.6893402340086914, "var_lap_diagonal_results": 4.555176160513077}, "var_of_defect": {"var_results": 53.170798873285186}, "var_sobel": {"var_sobel_results": 50.78554987525311}}