{"var_laplacian": {"var_lap_first_results": 0.6468745680385131, "var_lap_diagonal_results": 4.551507727569305}, "var_of_defect": {"var_results": 6.994047811943614}, "var_sobel": {"var_sobel_results": 31.129773024045846}}