{"var_laplacian": {"var_lap_first_results": 0.4441428551842995, "var_lap_diagonal_results": 2.9867863333944547}, "var_of_defect": {"var_results": 34.45130433223226}, "var_sobel": {"var_sobel_results": 31.320434629769753}}