{"var_laplacian": {"var_lap_first_results": 0.039510019363395724, "var_lap_diagonal_results": 0.236952116517462}, "var_of_defect": {"var_results": 1.6632216035021317}, "var_sobel": {"var_sobel_results": 2.091524480488771}}