{"var_laplacian": {"var_lap_first_results": 1.7394219616890507, "var_lap_diagonal_results": 10.325816409890143}, "var_of_defect": {"var_results": 19.15346009615072}, "var_sobel": {"var_sobel_results": 42.21483890720292}}