{"var_laplacian": {"var_lap_first_results": 0.6070390954036908, "var_lap_diagonal_results": 4.176345491860778}, "var_of_defect": {"var_results": 38.00822057618217}, "var_sobel": {"var_sobel_results": 44.953694301874755}}