{"var_laplacian": {"var_lap_first_results": 0.3673829800874088, "var_lap_diagonal_results": 2.610551983809988}, "var_of_defect": {"var_results": 1.9491921621555854}, "var_sobel": {"var_sobel_results": 16.58484056656638}}