{"var_laplacian": {"var_lap_first_results": 1.298066635975038, "var_lap_diagonal_results": 8.480300220431346}, "var_of_defect": {"var_results": 16.633164057265766}, "var_sobel": {"var_sobel_results": 32.5285481220543}}