{"var_laplacian": {"var_lap_first_results": 0.023388589344357082, "var_lap_diagonal_results": 0.14042260407382187}, "var_of_defect": {"var_results": 0.6098485354186483}, "var_sobel": {"var_sobel_results": 1.4101074303946142}}