{"var_laplacian": {"var_lap_first_results": 0.047936947781443716, "var_lap_diagonal_results": 0.2568916879086088}, "var_of_defect": {"var_results": 1.792717716354654}, "var_sobel": {"var_sobel_results": 2.4684557752018916}}