{"var_laplacian": {"var_lap_first_results": 0.04638350362935403, "var_lap_diagonal_results": 0.30447531845207}, "var_of_defect": {"var_results": 0.6189317578025411}, "var_sobel": {"var_sobel_results": 4.295069853564628}}