{"var_laplacian": {"var_lap_first_results": 0.0015077540637693247, "var_lap_diagonal_results": 0.008286458870373343}, "var_of_defect": {"var_results": 0.0016767578368652146}, "var_sobel": {"var_sobel_results": 0.0982793191045414}}