{"var_laplacian": {"var_lap_first_results": 0.04977393981517848, "var_lap_diagonal_results": 0.33217650236440144}, "var_of_defect": {"var_results": 0.4723098061454869}, "var_sobel": {"var_sobel_results": 5.424115324635034}}