{"var_laplacian": {"var_lap_first_results": 1.1711794490949576, "var_lap_diagonal_results": 4.903668412307195}, "var_of_defect": {"var_results": 4.6488969643169185}, "var_sobel": {"var_sobel_results": 22.824385480871552}}