{"var_laplacian": {"var_lap_first_results": 6.009869343984468, "var_lap_diagonal_results": 24.786303615207956}, "var_of_defect": {"var_results": 34.57251438680294}, "var_sobel": {"var_sobel_results": 62.52203372287859}}