{"var_laplacian": {"var_lap_first_results": 1.0222644110379677, "var_lap_diagonal_results": 4.663955095096258}, "var_of_defect": {"var_results": 11.497194282481816}, "var_sobel": {"var_sobel_results": 20.237843353850426}}