{"var_laplacian": {"var_lap_first_results": 0.5277532196148371, "var_lap_diagonal_results": 3.835929168239003}, "var_of_defect": {"var_results": 3.6055320126613304}, "var_sobel": {"var_sobel_results": 30.73327948141943}}