{"var_laplacian": {"var_lap_first_results": 0.6513466900748972, "var_lap_diagonal_results": 4.589928531754246}, "var_of_defect": {"var_results": 5.403702012009937}, "var_sobel": {"var_sobel_results": 23.823390138620947}}