{"var_laplacian": {"var_lap_first_results": 7.979110995364229, "var_lap_diagonal_results": 29.162772638176257}, "var_of_defect": {"var_results": 57.10072935493157}, "var_sobel": {"var_sobel_results": 71.00666358786052}}