{"var_laplacian": {"var_lap_first_results": 0.015153066998327362, "var_lap_diagonal_results": 0.09997731162960999}, "var_of_defect": {"var_results": 0.1414578001420438}, "var_sobel": {"var_sobel_results": 1.6136869323404834}}