{"var_laplacian": {"var_lap_first_results": 0.6183679097158843, "var_lap_diagonal_results": 4.178911999043846}, "var_of_defect": {"var_results": 35.59892438338096}, "var_sobel": {"var_sobel_results": 42.560792864149725}}