{"var_laplacian": {"var_lap_first_results": 6.354740939494397, "var_lap_diagonal_results": 26.47246932412238}, "var_of_defect": {"var_results": 43.8317224428114}, "var_sobel": {"var_sobel_results": 64.96701771024651}}