{"var_laplacian": {"var_lap_first_results": 0.01032153583793496, "var_lap_diagonal_results": 0.052743656446285564}, "var_of_defect": {"var_results": 0.12354695364353266}, "var_sobel": {"var_sobel_results": 0.3516251877409128}}