{"var_laplacian": {"var_lap_first_results": 0.7003399330186749, "var_lap_diagonal_results": 4.093993937375533}, "var_of_defect": {"var_results": 10.474088554420225}, "var_sobel": {"var_sobel_results": 20.627742589267193}}