{"var_laplacian": {"var_lap_first_results": 0.038857201722886536, "var_lap_diagonal_results": 0.2649916876388329}, "var_of_defect": {"var_results": 0.3022839504749392}, "var_sobel": {"var_sobel_results": 3.1044227262880493}}