{"var_laplacian": {"var_lap_first_results": 3.11539885832992, "var_lap_diagonal_results": 11.49155710049531}, "var_of_defect": {"var_results": 21.225763243555793}, "var_sobel": {"var_sobel_results": 37.497895277524}}