{"var_laplacian": {"var_lap_first_results": 0.5937876953587113, "var_lap_diagonal_results": 3.8987024056755097}, "var_of_defect": {"var_results": 48.204762144019725}, "var_sobel": {"var_sobel_results": 44.290431487268584}}