{"var_laplacian": {"var_lap_first_results": 0.2928144303002543, "var_lap_diagonal_results": 2.060369942108144}, "var_of_defect": {"var_results": 7.05136377580935}, "var_sobel": {"var_sobel_results": 14.385371979126635}}