{"var_laplacian": {"var_lap_first_results": 0.14432967694324048, "var_lap_diagonal_results": 1.0256099410103052}, "var_of_defect": {"var_results": 0.6414890526475362}, "var_sobel": {"var_sobel_results": 9.486301981971767}}