{"var_laplacian": {"var_lap_first_results": 0.6525602142563202, "var_lap_diagonal_results": 3.403334817564853}, "var_of_defect": {"var_results": 2.3977552395012562}, "var_sobel": {"var_sobel_results": 17.775638380459885}}