{"var_laplacian": {"var_lap_first_results": 0.023445221945805533, "var_lap_diagonal_results": 0.13896472239401872}, "var_of_defect": {"var_results": 0.2032438939472326}, "var_sobel": {"var_sobel_results": 0.8712666719829217}}