{"var_laplacian": {"var_lap_first_results": 0.6982631633361793, "var_lap_diagonal_results": 4.623112006596312}, "var_of_defect": {"var_results": 40.4647882773219}, "var_sobel": {"var_sobel_results": 48.712468168562715}}