{"var_laplacian": {"var_lap_first_results": 0.056611110022029246, "var_lap_diagonal_results": 0.33945234133086377}, "var_of_defect": {"var_results": 1.5112720570335725}, "var_sobel": {"var_sobel_results": 5.3585156100278795}}