{"var_laplacian": {"var_lap_first_results": 0.3969176029908708, "var_lap_diagonal_results": 2.309325108118003}, "var_of_defect": {"var_results": 1.81245291356648}, "var_sobel": {"var_sobel_results": 14.107163403831626}}