{"var_laplacian": {"var_lap_first_results": 0.035691291808513416, "var_lap_diagonal_results": 0.20460765724121982}, "var_of_defect": {"var_results": 1.3823595575235135}, "var_sobel": {"var_sobel_results": 2.2993179410227476}}