{"var_laplacian": {"var_lap_first_results": 0.01191648042250728, "var_lap_diagonal_results": 0.07859694521077491}, "var_of_defect": {"var_results": 0.04192318018131654}, "var_sobel": {"var_sobel_results": 1.2248300872544473}}