{"var_laplacian": {"var_lap_first_results": 0.07759124628786328, "var_lap_diagonal_results": 0.44807764130330807}, "var_of_defect": {"var_results": 2.1916475565545332}, "var_sobel": {"var_sobel_results": 5.188619834289404}}