{"var_laplacian": {"var_lap_first_results": 0.033067579824206585, "var_lap_diagonal_results": 0.18894854282944387}, "var_of_defect": {"var_results": 1.1127161149443274}, "var_sobel": {"var_sobel_results": 2.3842569599080923}}