{"var_laplacian": {"var_lap_first_results": 2.6216591916788365, "var_lap_diagonal_results": 13.508456954715935}, "var_of_defect": {"var_results": 94.56899244850142}, "var_sobel": {"var_sobel_results": 61.46964669476617}}