{"var_laplacian": {"var_lap_first_results": 0.6643341468063251, "var_lap_diagonal_results": 4.805215932265607}, "var_of_defect": {"var_results": 8.033696413171137}, "var_sobel": {"var_sobel_results": 25.63254216353146}}