{"var_laplacian": {"var_lap_first_results": 1.4800289700382068, "var_lap_diagonal_results": 6.556851766434532}, "var_of_defect": {"var_results": 8.608930625245472}, "var_sobel": {"var_sobel_results": 26.193419986713874}}