{"var_laplacian": {"var_lap_first_results": 0.9146471459645008, "var_lap_diagonal_results": 5.816383174944723}, "var_of_defect": {"var_results": 72.94445624807254}, "var_sobel": {"var_sobel_results": 50.93458324936145}}