{"var_laplacian": {"var_lap_first_results": 0.021526193504740873, "var_lap_diagonal_results": 0.11758994440669664}, "var_of_defect": {"var_results": 0.4736610172524051}, "var_sobel": {"var_sobel_results": 1.1469233001110435}}