{"var_laplacian": {"var_lap_first_results": 0.48747282350087784, "var_lap_diagonal_results": 3.294766357358195}, "var_of_defect": {"var_results": 35.670666144365384}, "var_sobel": {"var_sobel_results": 32.5121361345842}}