{"var_laplacian": {"var_lap_first_results": 0.7773793122166183, "var_lap_diagonal_results": 5.151863961259557}, "var_of_defect": {"var_results": 57.15791344685205}, "var_sobel": {"var_sobel_results": 54.331504062521034}}