{"var_laplacian": {"var_lap_first_results": 0.019665871050067608, "var_lap_diagonal_results": 0.1098726524458869}, "var_of_defect": {"var_results": 0.1567821449977202}, "var_sobel": {"var_sobel_results": 0.6009144727375614}}