{"var_laplacian": {"var_lap_first_results": 0.2068227992210427, "var_lap_diagonal_results": 1.4446236146298306}, "var_of_defect": {"var_results": 1.0801749823077509}, "var_sobel": {"var_sobel_results": 15.722460492987004}}