{"var_laplacian": {"var_lap_first_results": 0.029259169805004766, "var_lap_diagonal_results": 0.19357344126372736}, "var_of_defect": {"var_results": 0.10183379034475015}, "var_sobel": {"var_sobel_results": 3.5725801967271362}}