{"var_laplacian": {"var_lap_first_results": 0.2928300547208729, "var_lap_diagonal_results": 1.9895027728689187}, "var_of_defect": {"var_results": 8.779872018226216}, "var_sobel": {"var_sobel_results": 21.22805299712006}}