{"var_laplacian": {"var_lap_first_results": 0.4946749995924546, "var_lap_diagonal_results": 3.123529219670912}, "var_of_defect": {"var_results": 53.28172253482057}, "var_sobel": {"var_sobel_results": 39.14362730076585}}