{"var_laplacian": {"var_lap_first_results": 0.02770890784515332, "var_lap_diagonal_results": 0.1497988555976472}, "var_of_defect": {"var_results": 0.6118118512117295}, "var_sobel": {"var_sobel_results": 1.4020364452606677}}