{"var_laplacian": {"var_lap_first_results": 0.6195036565049121, "var_lap_diagonal_results": 4.083470629735185}, "var_of_defect": {"var_results": 48.28320002831745}, "var_sobel": {"var_sobel_results": 44.22113834219148}}