{"var_laplacian": {"var_lap_first_results": 1.8938369165193294, "var_lap_diagonal_results": 9.231365382363364}, "var_of_defect": {"var_results": 9.263397290709202}, "var_sobel": {"var_sobel_results": 39.09402652913257}}