{"var_laplacian": {"var_lap_first_results": 0.8723978257193531, "var_lap_diagonal_results": 5.890734963542876}, "var_of_defect": {"var_results": 67.91531556213414}, "var_sobel": {"var_sobel_results": 54.39443397283793}}