{"var_laplacian": {"var_lap_first_results": 0.09124968481376573, "var_lap_diagonal_results": 0.5957478858020853}, "var_of_defect": {"var_results": 1.8440509324124887}, "var_sobel": {"var_sobel_results": 8.258042040573187}}