{"var_laplacian": {"var_lap_first_results": 3.4778208094343266, "var_lap_diagonal_results": 11.670084124269295}, "var_of_defect": {"var_results": 20.531152692587963}, "var_sobel": {"var_sobel_results": 35.82874120347396}}