{"var_laplacian": {"var_lap_first_results": 0.3458816128708626, "var_lap_diagonal_results": 2.3957227403866126}, "var_of_defect": {"var_results": 11.957832754448035}, "var_sobel": {"var_sobel_results": 27.481705527011073}}