{"var_laplacian": {"var_lap_first_results": 0.48830893578070295, "var_lap_diagonal_results": 3.232257418669633}, "var_of_defect": {"var_results": 34.4791440984906}, "var_sobel": {"var_sobel_results": 31.548346306561818}}