{"var_laplacian": {"var_lap_first_results": 0.14040066225657208, "var_lap_diagonal_results": 0.6868027414043761}, "var_of_defect": {"var_results": 5.686213468432144}, "var_sobel": {"var_sobel_results": 5.096668750732333}}