{"var_laplacian": {"var_lap_first_results": 0.1217915650365263, "var_lap_diagonal_results": 0.6071647368472322}, "var_of_defect": {"var_results": 12.323445097350008}, "var_sobel": {"var_sobel_results": 5.248523248895889}}