{"var_laplacian": {"var_lap_first_results": 0.09334178105363412, "var_lap_diagonal_results": 0.5905385441259609}, "var_of_defect": {"var_results": 2.6968377509683537}, "var_sobel": {"var_sobel_results": 5.700081462161743}}