{"var_laplacian": {"var_lap_first_results": 0.02630772882439299, "var_lap_diagonal_results": 0.13479891094249158}, "var_of_defect": {"var_results": 1.1663264259118145}, "var_sobel": {"var_sobel_results": 0.9311951921213651}}