{"var_laplacian": {"var_lap_first_results": 0.13250967625844154, "var_lap_diagonal_results": 0.6613727872628825}, "var_of_defect": {"var_results": 13.529897976818972}, "var_sobel": {"var_sobel_results": 7.437337754424484}}