{"var_laplacian": {"var_lap_first_results": 0.2314169408164282, "var_lap_diagonal_results": 1.3549204713841718}, "var_of_defect": {"var_results": 14.627979879931544}, "var_sobel": {"var_sobel_results": 12.799043695802327}}