{"var_laplacian": {"var_lap_first_results": 0.34184197428221885, "var_lap_diagonal_results": 1.5878764724982626}, "var_of_defect": {"var_results": 28.82971507639527}, "var_sobel": {"var_sobel_results": 13.720082825693261}}