{"var_laplacian": {"var_lap_first_results": 0.1803319092212996, "var_lap_diagonal_results": 0.9292781778765783}, "var_of_defect": {"var_results": 20.29068080327627}, "var_sobel": {"var_sobel_results": 10.555853853832406}}