{"var_laplacian": {"var_lap_first_results": 0.49889273567545067, "var_lap_diagonal_results": 2.5516024043414443}, "var_of_defect": {"var_results": 26.184415642273212}, "var_sobel": {"var_sobel_results": 17.227500733331343}}