{"var_laplacian": {"var_lap_first_results": 0.004911680896613363, "var_lap_diagonal_results": 0.024497005486379377}, "var_of_defect": {"var_results": 0.011086170523577169}, "var_sobel": {"var_sobel_results": 0.11834501185141368}}