{"var_laplacian": {"var_lap_first_results": 0.11226007163228859, "var_lap_diagonal_results": 0.5928285170666876}, "var_of_defect": {"var_results": 4.468771215687095}, "var_sobel": {"var_sobel_results": 4.1658930896976685}}