{"var_laplacian": {"var_lap_first_results": 0.08877526003406272, "var_lap_diagonal_results": 0.4956768962791788}, "var_of_defect": {"var_results": 4.919803584358511}, "var_sobel": {"var_sobel_results": 5.476403351895568}}