{"var_laplacian": {"var_lap_first_results": 0.00030429876834758737, "var_lap_diagonal_results": 0.0015066644776510745}, "var_of_defect": {"var_results": 0.00010365001157775355}, "var_sobel": {"var_sobel_results": 0.005461575903878621}}