{"var_laplacian": {"var_lap_first_results": 0.12993315535278074, "var_lap_diagonal_results": 0.8451797794115393}, "var_of_defect": {"var_results": 1.4369301613774859}, "var_sobel": {"var_sobel_results": 6.997418342204085}}