{"var_laplacian": {"var_lap_first_results": 0.08522252288319968, "var_lap_diagonal_results": 0.4203185728988862}, "var_of_defect": {"var_results": 6.474999341484314}, "var_sobel": {"var_sobel_results": 3.6434375603884708}}