{"var_laplacian": {"var_lap_first_results": 0.2940756944444931, "var_lap_diagonal_results": 1.6104944752153512}, "var_of_defect": {"var_results": 29.371390698692966}, "var_sobel": {"var_sobel_results": 15.295026820118045}}