{"var_laplacian": {"var_lap_first_results": 0.3140653455061746, "var_lap_diagonal_results": 1.7525318715359939}, "var_of_defect": {"var_results": 24.8733251566692}, "var_sobel": {"var_sobel_results": 15.000488641487433}}