{"var_laplacian": {"var_lap_first_results": 0.09560167461228668, "var_lap_diagonal_results": 0.5181612319162089}, "var_of_defect": {"var_results": 5.846891125191387}, "var_sobel": {"var_sobel_results": 5.50697732691404}}