{"var_laplacian": {"var_lap_first_results": 0.17300678978143558, "var_lap_diagonal_results": 0.902085012840177}, "var_of_defect": {"var_results": 18.951539910376773}, "var_sobel": {"var_sobel_results": 10.383084721173132}}