{"var_laplacian": {"var_lap_first_results": 0.0006502437381337438, "var_lap_diagonal_results": 0.0031892448260254546}, "var_of_defect": {"var_results": 0.00046247027943952684}, "var_sobel": {"var_sobel_results": 0.012348477435039484}}