{"var_laplacian": {"var_lap_first_results": 0.10544015694087064, "var_lap_diagonal_results": 0.6954109849134027}, "var_of_defect": {"var_results": 1.94092260201534}, "var_sobel": {"var_sobel_results": 7.245019613505535}}