{"var_laplacian": {"var_lap_first_results": 0.08840528652896179, "var_lap_diagonal_results": 0.4109001658363173}, "var_of_defect": {"var_results": 8.39807045663764}, "var_sobel": {"var_sobel_results": 3.4814184034696276}}