{"var_laplacian": {"var_lap_first_results": 0.05591516071061184, "var_lap_diagonal_results": 0.3244386867103859}, "var_of_defect": {"var_results": 1.865189523086955}, "var_sobel": {"var_sobel_results": 2.1886895646241937}}