{"var_laplacian": {"var_lap_first_results": 0.2307629076659388, "var_lap_diagonal_results": 1.140636127668302}, "var_of_defect": {"var_results": 11.65023761435031}, "var_sobel": {"var_sobel_results": 9.108248423857532}}