{"var_laplacian": {"var_lap_first_results": 0.03145015015620493, "var_lap_diagonal_results": 0.14288731268151753}, "var_of_defect": {"var_results": 2.22827914261228}, "var_sobel": {"var_sobel_results": 0.5423788276313378}}