{"var_laplacian": {"var_lap_first_results": 0.003909264509733533, "var_lap_diagonal_results": 0.019138121752691025}, "var_of_defect": {"var_results": 0.04057772529160562}, "var_sobel": {"var_sobel_results": 0.06794234792020856}}