{"var_laplacian": {"var_lap_first_results": 0.09049784636408555, "var_lap_diagonal_results": 0.430853167422502}, "var_of_defect": {"var_results": 8.216865616029365}, "var_sobel": {"var_sobel_results": 3.644510077303478}}