{"var_laplacian": {"var_lap_first_results": 0.23680967738389447, "var_lap_diagonal_results": 1.1400195246651412}, "var_of_defect": {"var_results": 11.777359685728438}, "var_sobel": {"var_sobel_results": 9.147927652271525}}