{"var_laplacian": {"var_lap_first_results": 0.1622055025789777, "var_lap_diagonal_results": 1.016763221544199}, "var_of_defect": {"var_results": 3.856418519534499}, "var_sobel": {"var_sobel_results": 9.054338061085797}}