{"var_laplacian": {"var_lap_first_results": 6.866201927068215e-05, "var_lap_diagonal_results": 0.0003106943707345565}, "var_of_defect": {"var_results": 3.2613662971818056e-05}, "var_sobel": {"var_sobel_results": 0.0011440446098750644}}