{"var_laplacian": {"var_lap_first_results": 0.19481166785602427, "var_lap_diagonal_results": 1.2405923510262948}, "var_of_defect": {"var_results": 5.049573856949003}, "var_sobel": {"var_sobel_results": 10.622373266318347}}