{"var_laplacian": {"var_lap_first_results": 0.0032188632247673555, "var_lap_diagonal_results": 0.015653829364831805}, "var_of_defect": {"var_results": 0.0024110727698611507}, "var_sobel": {"var_sobel_results": 0.06858210155632778}}