{"var_laplacian": {"var_lap_first_results": 0.16375613004144618, "var_lap_diagonal_results": 1.0776310576557948}, "var_of_defect": {"var_results": 3.2202896669047636}, "var_sobel": {"var_sobel_results": 10.691851164278596}}