{"var_laplacian": {"var_lap_first_results": 0.20434123098450543, "var_lap_diagonal_results": 0.94230112985186}, "var_of_defect": {"var_results": 9.031802607018289}, "var_sobel": {"var_sobel_results": 7.277208699692985}}