{"var_laplacian": {"var_lap_first_results": 0.1408347756356046, "var_lap_diagonal_results": 0.7494711220688862}, "var_of_defect": {"var_results": 12.826055498566749}, "var_sobel": {"var_sobel_results": 7.686893993920729}}