{"var_laplacian": {"var_lap_first_results": 0.029668294828175023, "var_lap_diagonal_results": 0.18172440338224727}, "var_of_defect": {"var_results": 0.5271887527299207}, "var_sobel": {"var_sobel_results": 1.9921303744063428}}