{"var_laplacian": {"var_lap_first_results": 0.022282399558835014, "var_lap_diagonal_results": 0.11587457664707092}, "var_of_defect": {"var_results": 1.0617306907289554}, "var_sobel": {"var_sobel_results": 0.7463350681675031}}