{"var_laplacian": {"var_lap_first_results": 0.12213816122122244, "var_lap_diagonal_results": 0.6312926754479271}, "var_of_defect": {"var_results": 11.570520600579487}, "var_sobel": {"var_sobel_results": 6.805633773463661}}