{"var_laplacian": {"var_lap_first_results": 0.1762968712882113, "var_lap_diagonal_results": 0.9047692859083774}, "var_of_defect": {"var_results": 19.119523489443875}, "var_sobel": {"var_sobel_results": 9.45458480913118}}