{"var_laplacian": {"var_lap_first_results": 0.00634080837665059, "var_lap_diagonal_results": 0.03563020302927436}, "var_of_defect": {"var_results": 0.026997909118548182}, "var_sobel": {"var_sobel_results": 0.249723923331515}}