{"var_laplacian": {"var_lap_first_results": 0.005134769278206544, "var_lap_diagonal_results": 0.026408134026373847}, "var_of_defect": {"var_results": 0.0130601406177523}, "var_sobel": {"var_sobel_results": 0.19623771364831832}}