{"var_laplacian": {"var_lap_first_results": 0.26364799502590525, "var_lap_diagonal_results": 1.437877214725378}, "var_of_defect": {"var_results": 22.41862230690945}, "var_sobel": {"var_sobel_results": 12.946085597835669}}