{"var_laplacian": {"var_lap_first_results": 0.03873020134991586, "var_lap_diagonal_results": 0.2628239198001631}, "var_of_defect": {"var_results": 0.37333990444300186}, "var_sobel": {"var_sobel_results": 2.5994036428443836}}