{"var_laplacian": {"var_lap_first_results": 0.10592200316732063, "var_lap_diagonal_results": 0.6806420139598943}, "var_of_defect": {"var_results": 1.1444417003379463}, "var_sobel": {"var_sobel_results": 6.034930960791155}}