{"var_laplacian": {"var_lap_first_results": 0.09045103836760275, "var_lap_diagonal_results": 0.4199571175330255}, "var_of_defect": {"var_results": 8.25027175471215}, "var_sobel": {"var_sobel_results": 3.6594608767063095}}