{"var_laplacian": {"var_lap_first_results": 0.01997133985685253, "var_lap_diagonal_results": 0.09732649294263791}, "var_of_defect": {"var_results": 0.9030286920540446}, "var_sobel": {"var_sobel_results": 0.532280382599588}}