{"var_laplacian": {"var_lap_first_results": 0.004442186325164554, "var_lap_diagonal_results": 0.02314267482604625}, "var_of_defect": {"var_results": 0.00533830857248579}, "var_sobel": {"var_sobel_results": 0.14293555414601994}}