{"var_laplacian": {"var_lap_first_results": 0.10507687694649279, "var_lap_diagonal_results": 0.6915979340174656}, "var_of_defect": {"var_results": 0.7167492783972607}, "var_sobel": {"var_sobel_results": 5.973090333825445}}