{"var_laplacian": {"var_lap_first_results": 0.20653912276487243, "var_lap_diagonal_results": 1.0571156496892702}, "var_of_defect": {"var_results": 22.73135416240389}, "var_sobel": {"var_sobel_results": 11.338424348614327}}