{"var_laplacian": {"var_lap_first_results": 0.1748659544675363, "var_lap_diagonal_results": 1.1327377250475392}, "var_of_defect": {"var_results": 3.2737233248702413}, "var_sobel": {"var_sobel_results": 10.883763799834604}}