{"var_laplacian": {"var_lap_first_results": 0.003707210964418272, "var_lap_diagonal_results": 0.01758603763910703}, "var_of_defect": {"var_results": 0.003391161131170135}, "var_sobel": {"var_sobel_results": 0.06320848651628667}}