{"var_laplacian": {"var_lap_first_results": 0.14699079926589775, "var_lap_diagonal_results": 0.7738487705856806}, "var_of_defect": {"var_results": 12.768596806245387}, "var_sobel": {"var_sobel_results": 7.818161886318141}}