{"var_laplacian": {"var_lap_first_results": 0.12545300113555508, "var_lap_diagonal_results": 0.6127524057512869}, "var_of_defect": {"var_results": 12.589018919500734}, "var_sobel": {"var_sobel_results": 7.025455636204658}}