{"var_laplacian": {"var_lap_first_results": 0.018491324395988266, "var_lap_diagonal_results": 0.08921455403624506}, "var_of_defect": {"var_results": 0.895471586120001}, "var_sobel": {"var_sobel_results": 0.5203338171007209}}