{"var_laplacian": {"var_lap_first_results": 0.1746497213062782, "var_lap_diagonal_results": 0.9158348896495037}, "var_of_defect": {"var_results": 17.037161483466573}, "var_sobel": {"var_sobel_results": 9.339875631863034}}