{"var_laplacian": {"var_lap_first_results": 0.02462921593659439, "var_lap_diagonal_results": 0.11110753284174094}, "var_of_defect": {"var_results": 1.3616474055992804}, "var_sobel": {"var_sobel_results": 0.40417295764672934}}