{"var_laplacian": {"var_lap_first_results": 0.08213839820201062, "var_lap_diagonal_results": 0.4664638909656989}, "var_of_defect": {"var_results": 5.355118013225991}, "var_sobel": {"var_sobel_results": 5.3603230053723046}}