{"var_laplacian": {"var_lap_first_results": 0.0538836331591597, "var_lap_diagonal_results": 0.2649444837682803}, "var_of_defect": {"var_results": 3.845105599265064}, "var_sobel": {"var_sobel_results": 1.4083067440522208}}