{"var_laplacian": {"var_lap_first_results": 0.042276477966719954, "var_lap_diagonal_results": 0.26000895213645886}, "var_of_defect": {"var_results": 0.36317952412520654}, "var_sobel": {"var_sobel_results": 2.8208292156951558}}