{"var_laplacian": {"var_lap_first_results": 0.21416460111176086, "var_lap_diagonal_results": 1.1710440299534286}, "var_of_defect": {"var_results": 23.35787206429108}, "var_sobel": {"var_sobel_results": 12.065863103601236}}