{"var_laplacian": {"var_lap_first_results": 0.3518528735807674, "var_lap_diagonal_results": 1.871505961465223}, "var_of_defect": {"var_results": 2.7470462606631063}, "var_sobel": {"var_sobel_results": 11.654167295042203}}