{"var_laplacian": {"var_lap_first_results": 0.021452562359306114, "var_lap_diagonal_results": 0.1326659582931428}, "var_of_defect": {"var_results": 0.3371514209978025}, "var_sobel": {"var_sobel_results": 1.331753029679364}}