{"var_laplacian": {"var_lap_first_results": 0.20102154103542455, "var_lap_diagonal_results": 1.3199041652257382}, "var_of_defect": {"var_results": 2.4235716423023588}, "var_sobel": {"var_sobel_results": 9.500526147815519}}