{"var_laplacian": {"var_lap_first_results": 0.5560623392383651, "var_lap_diagonal_results": 2.9996449004198626}, "var_of_defect": {"var_results": 28.46397855302571}, "var_sobel": {"var_sobel_results": 19.147090266939855}}