{"var_laplacian": {"var_lap_first_results": 0.3553549096955189, "var_lap_diagonal_results": 2.005185081790692}, "var_of_defect": {"var_results": 26.50340799318037}, "var_sobel": {"var_sobel_results": 16.150505911754486}}