{"var_laplacian": {"var_lap_first_results": 0.1816672709954142, "var_lap_diagonal_results": 1.173843860693104}, "var_of_defect": {"var_results": 4.149089748224175}, "var_sobel": {"var_sobel_results": 8.863223533885}}