{"var_laplacian": {"var_lap_first_results": 0.027005194514224576, "var_lap_diagonal_results": 0.16944451234222316}, "var_of_defect": {"var_results": 0.3282483468739485}, "var_sobel": {"var_sobel_results": 1.773011638150324}}