{"var_laplacian": {"var_lap_first_results": 0.005024954625079244, "var_lap_diagonal_results": 0.02512941602808253}, "var_of_defect": {"var_results": 0.018076777074831456}, "var_sobel": {"var_sobel_results": 0.14020655938671864}}