{"var_laplacian": {"var_lap_first_results": 0.0907160510226405, "var_lap_diagonal_results": 0.4257134911030661}, "var_of_defect": {"var_results": 8.807723889634966}, "var_sobel": {"var_sobel_results": 3.490498263722962}}