{"var_laplacian": {"var_lap_first_results": 0.15011856223247905, "var_lap_diagonal_results": 0.7660624439923591}, "var_of_defect": {"var_results": 16.63776297380406}, "var_sobel": {"var_sobel_results": 8.379623083309745}}