{"var_laplacian": {"var_lap_first_results": 0.07434297133149417, "var_lap_diagonal_results": 0.32831565137222135}, "var_of_defect": {"var_results": 7.242587383461074}, "var_sobel": {"var_sobel_results": 1.5724117846821644}}