{"var_laplacian": {"var_lap_first_results": 0.17109211669091443, "var_lap_diagonal_results": 0.9091944426138822}, "var_of_defect": {"var_results": 14.751137222349817}, "var_sobel": {"var_sobel_results": 9.489767802303602}}