{"var_laplacian": {"var_lap_first_results": 0.029737001972393446, "var_lap_diagonal_results": 0.15911071588934161}, "var_of_defect": {"var_results": 1.293805766113601}, "var_sobel": {"var_sobel_results": 1.2782764060884877}}