{"var_laplacian": {"var_lap_first_results": 0.1901398708221595, "var_lap_diagonal_results": 0.9943933664897944}, "var_of_defect": {"var_results": 18.670390708873388}, "var_sobel": {"var_sobel_results": 10.247779487671782}}