{"var_laplacian": {"var_lap_first_results": 0.12126399755610316, "var_lap_diagonal_results": 0.6193489243816253}, "var_of_defect": {"var_results": 11.531290570090992}, "var_sobel": {"var_sobel_results": 6.988603720196005}}