{"var_laplacian": {"var_lap_first_results": 0.08930927629298603, "var_lap_diagonal_results": 0.41821216653208027}, "var_of_defect": {"var_results": 9.98574131784344}, "var_sobel": {"var_sobel_results": 1.9806830702630116}}