{"var_laplacian": {"var_lap_first_results": 0.11780293589922484, "var_lap_diagonal_results": 0.6279854135500649}, "var_of_defect": {"var_results": 8.767730110339397}, "var_sobel": {"var_sobel_results": 6.435757437106629}}