{"var_laplacian": {"var_lap_first_results": 0.05917051623105274, "var_lap_diagonal_results": 0.38407429522889314}, "var_of_defect": {"var_results": 0.9257562348109338}, "var_sobel": {"var_sobel_results": 3.9876996480668034}}