{"var_laplacian": {"var_lap_first_results": 0.16692290097766013, "var_lap_diagonal_results": 0.8640271556321216}, "var_of_defect": {"var_results": 15.15904347293333}, "var_sobel": {"var_sobel_results": 9.094661495267838}}