{"var_laplacian": {"var_lap_first_results": 0.08762723549304184, "var_lap_diagonal_results": 0.5662060768708501}, "var_of_defect": {"var_results": 1.5442427842289645}, "var_sobel": {"var_sobel_results": 5.749979055950829}}