{"var_laplacian": {"var_lap_first_results": 0.10864992291156013, "var_lap_diagonal_results": 0.49347752486933943}, "var_of_defect": {"var_results": 11.839938750331685}, "var_sobel": {"var_sobel_results": 2.245077575701058}}