{"var_laplacian": {"var_lap_first_results": 0.013547559909698402, "var_lap_diagonal_results": 0.08019417154965587}, "var_of_defect": {"var_results": 0.08408842090422881}, "var_sobel": {"var_sobel_results": 0.8802687940151022}}