{"var_laplacian": {"var_lap_first_results": 0.32017930812049106, "var_lap_diagonal_results": 1.9832832299541465}, "var_of_defect": {"var_results": 3.056515111242934}, "var_sobel": {"var_sobel_results": 14.357669724386172}}