{"var_laplacian": {"var_lap_first_results": 0.25225172017987335, "var_lap_diagonal_results": 1.339753493038996}, "var_of_defect": {"var_results": 26.643014068102424}, "var_sobel": {"var_sobel_results": 13.398268398788995}}