{"var_laplacian": {"var_lap_first_results": 0.2020613195128417, "var_lap_diagonal_results": 1.1490938045086154}, "var_of_defect": {"var_results": 12.970323996715834}, "var_sobel": {"var_sobel_results": 10.759238028108}}