{"var_laplacian": {"var_lap_first_results": 0.09078012104962681, "var_lap_diagonal_results": 0.4269085725208977}, "var_of_defect": {"var_results": 8.258198134834991}, "var_sobel": {"var_sobel_results": 3.717903802836733}}