{"var_laplacian": {"var_lap_first_results": 0.006613046468202716, "var_lap_diagonal_results": 0.03485753700806598}, "var_of_defect": {"var_results": 0.0832659285259684}, "var_sobel": {"var_sobel_results": 0.19811915968394334}}