{"var_laplacian": {"var_lap_first_results": 0.017859784986938073, "var_lap_diagonal_results": 0.08190746313831032}, "var_of_defect": {"var_results": 0.8584891956814329}, "var_sobel": {"var_sobel_results": 0.3196839205199169}}