{"var_laplacian": {"var_lap_first_results": 0.4298458867286278, "var_lap_diagonal_results": 2.3322029693972124}, "var_of_defect": {"var_results": 28.484487458067097}, "var_sobel": {"var_sobel_results": 17.77468071514163}}