{"var_laplacian": {"var_lap_first_results": 0.008669040391633057, "var_lap_diagonal_results": 0.04717164317466111}, "var_of_defect": {"var_results": 0.03964700801266441}, "var_sobel": {"var_sobel_results": 0.45715325315374206}}