{"var_laplacian": {"var_lap_first_results": 0.03190168637304054, "var_lap_diagonal_results": 0.19716508026368643}, "var_of_defect": {"var_results": 0.19698636947708648}, "var_sobel": {"var_sobel_results": 2.035485015434252}}