{"var_laplacian": {"var_lap_first_results": 0.2913557013366001, "var_lap_diagonal_results": 1.59138572646472}, "var_of_defect": {"var_results": 23.594731595819905}, "var_sobel": {"var_sobel_results": 13.938506458819461}}