{"var_laplacian": {"var_lap_first_results": 0.1833070647359426, "var_lap_diagonal_results": 1.005353855640391}, "var_of_defect": {"var_results": 16.269182649054997}, "var_sobel": {"var_sobel_results": 8.281646157359143}}