{"var_laplacian": {"var_lap_first_results": 0.0866217043680584, "var_lap_diagonal_results": 0.548829915391784}, "var_of_defect": {"var_results": 2.6253787223145357}, "var_sobel": {"var_sobel_results": 5.053386656484989}}