{"var_laplacian": {"var_lap_first_results": 0.00530905629340928, "var_lap_diagonal_results": 0.0273392727476232}, "var_of_defect": {"var_results": 0.030598370906031583}, "var_sobel": {"var_sobel_results": 0.18676959286566952}}