{"var_laplacian": {"var_lap_first_results": 0.13738981279891813, "var_lap_diagonal_results": 0.7060568520069128}, "var_of_defect": {"var_results": 15.544550746299592}, "var_sobel": {"var_sobel_results": 8.05409088256136}}