{"var_laplacian": {"var_lap_first_results": 0.00022610839852889216, "var_lap_diagonal_results": 0.0011826077169200748}, "var_of_defect": {"var_results": 4.522106367371706e-05}, "var_sobel": {"var_sobel_results": 0.0031747230905482112}}