{"var_laplacian": {"var_lap_first_results": 0.33434147953089977, "var_lap_diagonal_results": 1.7859882238838605}, "var_of_defect": {"var_results": 21.49734135236145}, "var_sobel": {"var_sobel_results": 13.99749506181846}}