{"var_laplacian": {"var_lap_first_results": 0.2720166237021582, "var_lap_diagonal_results": 1.472451738417552}, "var_of_defect": {"var_results": 27.871772476932776}, "var_sobel": {"var_sobel_results": 14.22250957324882}}