{"var_laplacian": {"var_lap_first_results": 0.020337475968780206, "var_lap_diagonal_results": 0.09629251064670823}, "var_of_defect": {"var_results": 0.8937921496357955}, "var_sobel": {"var_sobel_results": 0.5344778388510899}}