{"var_laplacian": {"var_lap_first_results": 0.0034489673367179997, "var_lap_diagonal_results": 0.016479848904377085}, "var_of_defect": {"var_results": 0.006152084211582649}, "var_sobel": {"var_sobel_results": 0.06769913359047654}}