{"var_laplacian": {"var_lap_first_results": 0.1636416352723029, "var_lap_diagonal_results": 1.0598537618331783}, "var_of_defect": {"var_results": 1.8418998939192452}, "var_sobel": {"var_sobel_results": 8.032280218823622}}