{"var_laplacian": {"var_lap_first_results": 0.1691007585417279, "var_lap_diagonal_results": 0.9061680730303795}, "var_of_defect": {"var_results": 14.701420483879433}, "var_sobel": {"var_sobel_results": 9.487632225245537}}