{"var_laplacian": {"var_lap_first_results": 0.04945875314928514, "var_lap_diagonal_results": 0.2318186442626268}, "var_of_defect": {"var_results": 2.9968102853187135}, "var_sobel": {"var_sobel_results": 1.2055050534803033}}