{"var_laplacian": {"var_lap_first_results": 0.19616945543456327, "var_lap_diagonal_results": 1.210440561128223}, "var_of_defect": {"var_results": 4.978574870457941}, "var_sobel": {"var_sobel_results": 10.541728660137267}}