{"var_laplacian": {"var_lap_first_results": 0.18174204269860708, "var_lap_diagonal_results": 0.9502537165543716}, "var_of_defect": {"var_results": 21.092637830626472}, "var_sobel": {"var_sobel_results": 10.667249974078732}}