{"var_laplacian": {"var_lap_first_results": 0.11903000968290223, "var_lap_diagonal_results": 0.6108189011371598}, "var_of_defect": {"var_results": 11.568392260463886}, "var_sobel": {"var_sobel_results": 6.993418840190993}}