{"var_laplacian": {"var_lap_first_results": 0.1888004938109918, "var_lap_diagonal_results": 0.979103423925458}, "var_of_defect": {"var_results": 17.858462127783003}, "var_sobel": {"var_sobel_results": 9.81993353377999}}