{"var_laplacian": {"var_lap_first_results": 0.09423476711494182, "var_lap_diagonal_results": 0.4598412897607457}, "var_of_defect": {"var_results": 8.049727849331976}, "var_sobel": {"var_sobel_results": 2.308007592657662}}