{"var_laplacian": {"var_lap_first_results": 0.002715445660839603, "var_lap_diagonal_results": 0.013532537590809331}, "var_of_defect": {"var_results": 0.0007101292883030071}, "var_sobel": {"var_sobel_results": 0.031041243025303117}}