{"var_laplacian": {"var_lap_first_results": 0.0027014963612622188, "var_lap_diagonal_results": 0.01382441710781917}, "var_of_defect": {"var_results": 0.005544100584144781}, "var_sobel": {"var_sobel_results": 0.03148865166769186}}