{"var_laplacian": {"var_lap_first_results": 0.42629253408876716, "var_lap_diagonal_results": 2.32875487846632}, "var_of_defect": {"var_results": 28.638054777275322}, "var_sobel": {"var_sobel_results": 18.050975866741584}}