{"var_laplacian": {"var_lap_first_results": 0.18067583950981614, "var_lap_diagonal_results": 0.9317873326645439}, "var_of_defect": {"var_results": 18.519423132874927}, "var_sobel": {"var_sobel_results": 11.202731288681008}}