{"var_laplacian": {"var_lap_first_results": 0.04069602132001893, "var_lap_diagonal_results": 0.19018348138993466}, "var_of_defect": {"var_results": 2.2884297802745346}, "var_sobel": {"var_sobel_results": 0.9856116452790311}}