{"var_laplacian": {"var_lap_first_results": 0.10322113830961799, "var_lap_diagonal_results": 0.4881302535569767}, "var_of_defect": {"var_results": 10.301727899851464}, "var_sobel": {"var_sobel_results": 3.859176993558096}}