{"var_laplacian": {"var_lap_first_results": 0.09551638339296058, "var_lap_diagonal_results": 0.4510375115686849}, "var_of_defect": {"var_results": 8.131343518074937}, "var_sobel": {"var_sobel_results": 2.3104703933994086}}