{"var_laplacian": {"var_lap_first_results": 0.0002430302051296023, "var_lap_diagonal_results": 0.0012521334232385027}, "var_of_defect": {"var_results": 0.00011026391140804825}, "var_sobel": {"var_sobel_results": 0.005192153637747441}}