{"var_laplacian": {"var_lap_first_results": 0.053737348619701815, "var_lap_diagonal_results": 0.33581577632777965}, "var_of_defect": {"var_results": 0.5055531068057694}, "var_sobel": {"var_sobel_results": 3.4666236188334345}}