{"var_laplacian": {"var_lap_first_results": 0.1423239187698576, "var_lap_diagonal_results": 1.0050300226937854}, "var_of_defect": {"var_results": 1.5830428926244353}, "var_sobel": {"var_sobel_results": 7.928924570176981}}