{"var_laplacian": {"var_lap_first_results": 0.080655130998811, "var_lap_diagonal_results": 0.49003669825772783}, "var_of_defect": {"var_results": 2.3887202868339688}, "var_sobel": {"var_sobel_results": 4.500448420994203}}