{"var_laplacian": {"var_lap_first_results": 0.15071542320800982, "var_lap_diagonal_results": 0.7821069748451027}, "var_of_defect": {"var_results": 12.773381455758749}, "var_sobel": {"var_sobel_results": 7.882072750134433}}