{"var_laplacian": {"var_lap_first_results": 0.20323445255281528, "var_lap_diagonal_results": 1.3213090378724692}, "var_of_defect": {"var_results": 2.393201729544896}, "var_sobel": {"var_sobel_results": 9.40772012527872}}