{"var_laplacian": {"var_lap_first_results": 0.018329797626870474, "var_lap_diagonal_results": 0.0977126551014897}, "var_of_defect": {"var_results": 0.97299495541264}, "var_sobel": {"var_sobel_results": 0.599320278987712}}