{"var_laplacian": {"var_lap_first_results": 0.24381394276153073, "var_lap_diagonal_results": 1.3394251925019867}, "var_of_defect": {"var_results": 19.157278507779125}, "var_sobel": {"var_sobel_results": 11.809487041529021}}