{"var_laplacian": {"var_lap_first_results": 0.08008861671357459, "var_lap_diagonal_results": 0.37165498354937243}, "var_of_defect": {"var_results": 6.163075582842933}, "var_sobel": {"var_sobel_results": 1.911567779414002}}