{"var_laplacian": {"var_lap_first_results": 0.06298225036259017, "var_lap_diagonal_results": 0.2677941560923021}, "var_of_defect": {"var_results": 5.124443018271243}, "var_sobel": {"var_sobel_results": 1.1934652191465818}}