{"var_laplacian": {"var_lap_first_results": 0.08675561503498992, "var_lap_diagonal_results": 0.44236234023999704}, "var_of_defect": {"var_results": 7.046570669685839}, "var_sobel": {"var_sobel_results": 4.022464176161884}}