{"var_laplacian": {"var_lap_first_results": 0.049735896837192595, "var_lap_diagonal_results": 0.3284717754618216}, "var_of_defect": {"var_results": 1.0883899874825247}, "var_sobel": {"var_sobel_results": 3.5272192080372617}}