{"var_laplacian": {"var_lap_first_results": 0.14082684157341827, "var_lap_diagonal_results": 0.8968681052887179}, "var_of_defect": {"var_results": 0.986392573808674}, "var_sobel": {"var_sobel_results": 7.045645881088751}}