{"var_laplacian": {"var_lap_first_results": 0.03166195444731793, "var_lap_diagonal_results": 0.19836099973698684}, "var_of_defect": {"var_results": 0.1721270598982747}, "var_sobel": {"var_sobel_results": 2.341888689344804}}