{"var_laplacian": {"var_lap_first_results": 0.2333008141739998, "var_lap_diagonal_results": 1.2810506101659591}, "var_of_defect": {"var_results": 21.419212699125517}, "var_sobel": {"var_sobel_results": 12.398214439578407}}