{"var_laplacian": {"var_lap_first_results": 0.012714807723081511, "var_lap_diagonal_results": 0.07326176445324858}, "var_of_defect": {"var_results": 0.0523587077705039}, "var_sobel": {"var_sobel_results": 0.6510048878237628}}