{"var_laplacian": {"var_lap_first_results": 0.07395600490989601, "var_lap_diagonal_results": 0.3711325757417831}, "var_of_defect": {"var_results": 5.924508608149937}, "var_sobel": {"var_sobel_results": 3.333926023813138}}