{"var_laplacian": {"var_lap_first_results": 0.3923337052194365, "var_lap_diagonal_results": 2.440236783126699}, "var_of_defect": {"var_results": 26.06020115012073}, "var_sobel": {"var_sobel_results": 14.924024215250755}}