{"var_laplacian": {"var_lap_first_results": 0.4186106813665713, "var_lap_diagonal_results": 2.836059123134731}, "var_of_defect": {"var_results": 8.620812522201108}, "var_sobel": {"var_sobel_results": 15.349046529060121}}