{"var_laplacian": {"var_lap_first_results": 0.037263048602057355, "var_lap_diagonal_results": 0.16187951658177588}, "var_of_defect": {"var_results": 2.8116287854809934}, "var_sobel": {"var_sobel_results": 0.6593025312005096}}