{"var_laplacian": {"var_lap_first_results": 0.43258272868445435, "var_lap_diagonal_results": 2.249663877305499}, "var_of_defect": {"var_results": 24.368185747821222}, "var_sobel": {"var_sobel_results": 16.21241177903494}}