{"var_laplacian": {"var_lap_first_results": 0.00017146272646184724, "var_lap_diagonal_results": 0.0007914983029354811}, "var_of_defect": {"var_results": 6.0372106888068286e-05}, "var_sobel": {"var_sobel_results": 0.005304754920653274}}