{"var_laplacian": {"var_lap_first_results": 0.012583667106389666, "var_lap_diagonal_results": 0.06689335396536626}, "var_of_defect": {"var_results": 0.22894235125207604}, "var_sobel": {"var_sobel_results": 0.40570942461337345}}