{"var_laplacian": {"var_lap_first_results": 0.22823702360968587, "var_lap_diagonal_results": 1.3381150209617831}, "var_of_defect": {"var_results": 1.71101753173207}, "var_sobel": {"var_sobel_results": 9.323747226402231}}