{"var_laplacian": {"var_lap_first_results": 0.062041011543483314, "var_lap_diagonal_results": 0.37181663677684285}, "var_of_defect": {"var_results": 2.114449658645009}, "var_sobel": {"var_sobel_results": 3.4879211581225573}}