{"var_laplacian": {"var_lap_first_results": 0.0642873039965627, "var_lap_diagonal_results": 0.31491215883347573}, "var_of_defect": {"var_results": 4.6784359687776265}, "var_sobel": {"var_sobel_results": 2.745315008283853}}