{"var_laplacian": {"var_lap_first_results": 0.2936162817665245, "var_lap_diagonal_results": 1.5736230710214847}, "var_of_defect": {"var_results": 20.283785137296604}, "var_sobel": {"var_sobel_results": 13.075542770596773}}