{"var_laplacian": {"var_lap_first_results": 0.11870558222519319, "var_lap_diagonal_results": 0.6465160838326801}, "var_of_defect": {"var_results": 9.117091276532634}, "var_sobel": {"var_sobel_results": 6.199190224852938}}