{"var_laplacian": {"var_lap_first_results": 0.3274273276004807, "var_lap_diagonal_results": 2.188920062125742}, "var_of_defect": {"var_results": 6.605325223577585}, "var_sobel": {"var_sobel_results": 13.429763205487658}}