{"var_laplacian": {"var_lap_first_results": 0.01771484092157196, "var_lap_diagonal_results": 0.0850170272182784}, "var_of_defect": {"var_results": 0.8524715883724554}, "var_sobel": {"var_sobel_results": 0.31048086702573874}}