{"var_laplacian": {"var_lap_first_results": 0.12118177628927673, "var_lap_diagonal_results": 0.5670669062146166}, "var_of_defect": {"var_results": 14.433442139908827}, "var_sobel": {"var_sobel_results": 2.604686128840194}}