{"var_laplacian": {"var_lap_first_results": 0.0348502328340379, "var_lap_diagonal_results": 0.21428810106150648}, "var_of_defect": {"var_results": 0.497281348262334}, "var_sobel": {"var_sobel_results": 2.1543225677582107}}