{"var_laplacian": {"var_lap_first_results": 0.14248834204001876, "var_lap_diagonal_results": 0.78399353439097}, "var_of_defect": {"var_results": 11.579370007910008}, "var_sobel": {"var_sobel_results": 7.2777764613252955}}