{"var_laplacian": {"var_lap_first_results": 0.14346694201900104, "var_lap_diagonal_results": 0.7265492556592339}, "var_of_defect": {"var_results": 13.514192987510631}, "var_sobel": {"var_sobel_results": 6.1439085802356015}}