{"var_laplacian": {"var_lap_first_results": 0.09157566098773395, "var_lap_diagonal_results": 0.5137325289375198}, "var_of_defect": {"var_results": 3.4647314426373557}, "var_sobel": {"var_sobel_results": 3.5063352325309225}}