{"var_laplacian": {"var_lap_first_results": 0.41813629234253424, "var_lap_diagonal_results": 2.342217332544971}, "var_of_defect": {"var_results": 28.79159271544098}, "var_sobel": {"var_sobel_results": 17.78070864486206}}