{"var_laplacian": {"var_lap_first_results": 0.12443323365753475, "var_lap_diagonal_results": 0.5643844768271112}, "var_of_defect": {"var_results": 14.450491602584005}, "var_sobel": {"var_sobel_results": 2.5212867681333133}}