{"var_laplacian": {"var_lap_first_results": 0.29609523396412135, "var_lap_diagonal_results": 1.6561423714563008}, "var_of_defect": {"var_results": 30.021012918102066}, "var_sobel": {"var_sobel_results": 15.466194149975978}}