{"var_laplacian": {"var_lap_first_results": 0.34157867975660805, "var_lap_diagonal_results": 2.0542316234712525}, "var_of_defect": {"var_results": 23.512733498811944}, "var_sobel": {"var_sobel_results": 13.71751431396046}}