{"var_laplacian": {"var_lap_first_results": 0.021271022711303655, "var_lap_diagonal_results": 0.12809365280766302}, "var_of_defect": {"var_results": 0.11009072644199261}, "var_sobel": {"var_sobel_results": 1.2036417715031835}}