{"var_laplacian": {"var_lap_first_results": 0.2919974302956949, "var_lap_diagonal_results": 1.7339750044893216}, "var_of_defect": {"var_results": 21.396485090582555}, "var_sobel": {"var_sobel_results": 12.216594028723403}}