{"var_laplacian": {"var_lap_first_results": 0.2584876854945298, "var_lap_diagonal_results": 1.4565969269016346}, "var_of_defect": {"var_results": 27.255331236485826}, "var_sobel": {"var_sobel_results": 14.074475005482244}}