{"var_laplacian": {"var_lap_first_results": 0.07209889246474452, "var_lap_diagonal_results": 0.352623197220976}, "var_of_defect": {"var_results": 5.448075965759085}, "var_sobel": {"var_sobel_results": 3.0046483688841286}}