{"var_laplacian": {"var_lap_first_results": 0.17009726607377715, "var_lap_diagonal_results": 0.9032404711709716}, "var_of_defect": {"var_results": 14.53597616177094}, "var_sobel": {"var_sobel_results": 8.390676772544262}}