{"var_laplacian": {"var_lap_first_results": 0.28988645760612114, "var_lap_diagonal_results": 1.6699052183053618}, "var_of_defect": {"var_results": 30.063932542157566}, "var_sobel": {"var_sobel_results": 15.735044342967841}}