{"var_laplacian": {"var_lap_first_results": 0.17386612087138376, "var_lap_diagonal_results": 0.9219487274213142}, "var_of_defect": {"var_results": 18.03443086388053}, "var_sobel": {"var_sobel_results": 11.112467482361502}}