{"var_laplacian": {"var_lap_first_results": 0.008520427821839508, "var_lap_diagonal_results": 0.04879429750556984}, "var_of_defect": {"var_results": 0.028193305369339897}, "var_sobel": {"var_sobel_results": 0.496868992038946}}