{"var_laplacian": {"var_lap_first_results": 0.16450696697848674, "var_lap_diagonal_results": 0.8723994910173656}, "var_of_defect": {"var_results": 14.848261846661774}, "var_sobel": {"var_sobel_results": 7.4092208526612}}