{"var_laplacian": {"var_lap_first_results": 0.10206271251919062, "var_lap_diagonal_results": 0.6679766605894277}, "var_of_defect": {"var_results": 2.442388682674161}, "var_sobel": {"var_sobel_results": 6.6924964102705795}}