{"var_laplacian": {"var_lap_first_results": 0.17189708279594648, "var_lap_diagonal_results": 0.8976994531494473}, "var_of_defect": {"var_results": 14.749068398995872}, "var_sobel": {"var_sobel_results": 9.060958399841665}}