{"var_laplacian": {"var_lap_first_results": 0.17505039486675045, "var_lap_diagonal_results": 1.0527649779078168}, "var_of_defect": {"var_results": 1.3204530160724857}, "var_sobel": {"var_sobel_results": 8.231879338670865}}