{"var_laplacian": {"var_lap_first_results": 0.12793227781954428, "var_lap_diagonal_results": 0.8148588795029429}, "var_of_defect": {"var_results": 3.033421782472695}, "var_sobel": {"var_sobel_results": 7.689180570329946}}