{"var_laplacian": {"var_lap_first_results": 0.0171906471892082, "var_lap_diagonal_results": 0.08274600090499434}, "var_of_defect": {"var_results": 0.8518277156650931}, "var_sobel": {"var_sobel_results": 0.32187680629969534}}