{"var_laplacian": {"var_lap_first_results": 0.045605225391621276, "var_lap_diagonal_results": 0.28779380589634196}, "var_of_defect": {"var_results": 0.31478542604763016}, "var_sobel": {"var_sobel_results": 2.992322682833465}}