{"var_laplacian": {"var_lap_first_results": 0.07033275011258595, "var_lap_diagonal_results": 0.4523286642467223}, "var_of_defect": {"var_results": 1.2025091975196673}, "var_sobel": {"var_sobel_results": 4.691155850794715}}