{"var_laplacian": {"var_lap_first_results": 0.06730948427345468, "var_lap_diagonal_results": 0.33175924277525254}, "var_of_defect": {"var_results": 5.011081053953094}, "var_sobel": {"var_sobel_results": 2.7928636778828597}}