{"var_laplacian": {"var_lap_first_results": 0.02371210062474747, "var_lap_diagonal_results": 0.111890672480959}, "var_of_defect": {"var_results": 1.749209818294796}, "var_sobel": {"var_sobel_results": 0.47713691873475866}}