{"var_laplacian": {"var_lap_first_results": 0.06500673436515202, "var_lap_diagonal_results": 0.3151988946592338}, "var_of_defect": {"var_results": 4.3679209863508035}, "var_sobel": {"var_sobel_results": 2.791713353556122}}