{"var_laplacian": {"var_lap_first_results": 0.109957137228329, "var_lap_diagonal_results": 0.7156136110242526}, "var_of_defect": {"var_results": 3.1120613349571324}, "var_sobel": {"var_sobel_results": 6.527258536283267}}