{"var_laplacian": {"var_lap_first_results": 0.12137109411433195, "var_lap_diagonal_results": 0.6281175422000096}, "var_of_defect": {"var_results": 12.008001056597102}, "var_sobel": {"var_sobel_results": 7.0609305196642325}}