{"var_laplacian": {"var_lap_first_results": 0.06345609665011173, "var_lap_diagonal_results": 0.4441513921850051}, "var_of_defect": {"var_results": 0.6960459244924263}, "var_sobel": {"var_sobel_results": 4.311044596921699}}