{"var_laplacian": {"var_lap_first_results": 0.0498432455152061, "var_lap_diagonal_results": 0.2229001176014849}, "var_of_defect": {"var_results": 4.27107357916804}, "var_sobel": {"var_sobel_results": 0.9535127266656707}}