{"var_laplacian": {"var_lap_first_results": 0.32646517308538725, "var_lap_diagonal_results": 1.8224525172099033}, "var_of_defect": {"var_results": 31.245452798974952}, "var_sobel": {"var_sobel_results": 15.96082417919318}}