{"var_laplacian": {"var_lap_first_results": 0.2118320304492022, "var_lap_diagonal_results": 1.0825511189839945}, "var_of_defect": {"var_results": 23.61531970447605}, "var_sobel": {"var_sobel_results": 11.746042555755174}}