{"var_laplacian": {"var_lap_first_results": 0.19767087357699817, "var_lap_diagonal_results": 1.0472828000802612}, "var_of_defect": {"var_results": 17.063393983441856}, "var_sobel": {"var_sobel_results": 10.021935006268386}}