{"var_laplacian": {"var_lap_first_results": 0.0703111726253051, "var_lap_diagonal_results": 0.2984123776191029}, "var_of_defect": {"var_results": 6.1391719308249355}, "var_sobel": {"var_sobel_results": 1.390843676978179}}