{"var_laplacian": {"var_lap_first_results": 0.16959448736180469, "var_lap_diagonal_results": 0.8750543085592036}, "var_of_defect": {"var_results": 16.215313864949493}, "var_sobel": {"var_sobel_results": 8.894652438148674}}