{"var_laplacian": {"var_lap_first_results": 0.17653102128515355, "var_lap_diagonal_results": 0.9375819126846338}, "var_of_defect": {"var_results": 18.12020561109008}, "var_sobel": {"var_sobel_results": 10.886689033582178}}