{"var_laplacian": {"var_lap_first_results": 0.04244888664978526, "var_lap_diagonal_results": 0.24177498467605446}, "var_of_defect": {"var_results": 1.6495282526319415}, "var_sobel": {"var_sobel_results": 2.240965221369728}}