{"var_laplacian": {"var_lap_first_results": 0.003404948332331446, "var_lap_diagonal_results": 0.017194101023906585}, "var_of_defect": {"var_results": 0.0032076807028740164}, "var_sobel": {"var_sobel_results": 0.08095033817776749}}