{"var_laplacian": {"var_lap_first_results": 0.22455712175761808, "var_lap_diagonal_results": 1.1288632347465442}, "var_of_defect": {"var_results": 18.920291180763744}, "var_sobel": {"var_sobel_results": 10.28707556782528}}