{"var_laplacian": {"var_lap_first_results": 0.025663286677513365, "var_lap_diagonal_results": 0.12784313145150045}, "var_of_defect": {"var_results": 1.2074740326339155}, "var_sobel": {"var_sobel_results": 0.6074265266243025}}