{"var_laplacian": {"var_lap_first_results": 0.4348683094210631, "var_lap_diagonal_results": 2.209917550187383}, "var_of_defect": {"var_results": 3.4650778648595093}, "var_sobel": {"var_sobel_results": 12.991490021540672}}