{"var_laplacian": {"var_lap_first_results": 0.015203962341761237, "var_lap_diagonal_results": 0.08979537263707167}, "var_of_defect": {"var_results": 0.18828234724011286}, "var_sobel": {"var_sobel_results": 0.7774067666082365}}