{"var_laplacian": {"var_lap_first_results": 0.5842393250366728, "var_lap_diagonal_results": 2.975664624955971}, "var_of_defect": {"var_results": 28.586240462728426}, "var_sobel": {"var_sobel_results": 19.149736361881875}}