{"var_laplacian": {"var_lap_first_results": 0.13410128361818538, "var_lap_diagonal_results": 0.8894559666225269}, "var_of_defect": {"var_results": 2.5228523319094034}, "var_sobel": {"var_sobel_results": 7.755819524205693}}