{"var_laplacian": {"var_lap_first_results": 0.1508280401985754, "var_lap_diagonal_results": 0.7808325257280889}, "var_of_defect": {"var_results": 13.25070575459956}, "var_sobel": {"var_sobel_results": 7.7941751420323016}}