{"var_laplacian": {"var_lap_first_results": 0.05992208679957987, "var_lap_diagonal_results": 0.3042335244104033}, "var_of_defect": {"var_results": 4.379976901329377}, "var_sobel": {"var_sobel_results": 2.705574839016287}}