{"var_laplacian": {"var_lap_first_results": 0.21646730136295497, "var_lap_diagonal_results": 1.1839784434496685}, "var_of_defect": {"var_results": 18.108982209506653}, "var_sobel": {"var_sobel_results": 11.000023488174815}}