{"var_laplacian": {"var_lap_first_results": 0.11374050158407031, "var_lap_diagonal_results": 0.5834725626820828}, "var_of_defect": {"var_results": 8.376452994559692}, "var_sobel": {"var_sobel_results": 5.455759176672319}}