{"var_laplacian": {"var_lap_first_results": 0.019906015538674608, "var_lap_diagonal_results": 0.09218973290104755}, "var_of_defect": {"var_results": 1.0835300382276287}, "var_sobel": {"var_sobel_results": 0.33113036612899993}}