{"var_laplacian": {"var_lap_first_results": 0.14851148224111566, "var_lap_diagonal_results": 0.7696973624552551}, "var_of_defect": {"var_results": 12.912839485042044}, "var_sobel": {"var_sobel_results": 7.793256525032659}}