{"var_laplacian": {"var_lap_first_results": 0.01986408394845063, "var_lap_diagonal_results": 0.09842097963048137}, "var_of_defect": {"var_results": 0.8040357854823152}, "var_sobel": {"var_sobel_results": 0.46359944589973695}}