{"var_laplacian": {"var_lap_first_results": 0.08542493599043158, "var_lap_diagonal_results": 0.4130226683810586}, "var_of_defect": {"var_results": 8.254948298967708}, "var_sobel": {"var_sobel_results": 3.66996524574183}}