{"var_laplacian": {"var_lap_first_results": 0.2802875463781864, "var_lap_diagonal_results": 1.3517713459052016}, "var_of_defect": {"var_results": 24.155550271553988}, "var_sobel": {"var_sobel_results": 11.895854944893497}}