{"var_laplacian": {"var_lap_first_results": 0.17579924922376894, "var_lap_diagonal_results": 1.1595730251561884}, "var_of_defect": {"var_results": 4.356751698107855}, "var_sobel": {"var_sobel_results": 9.015432475394327}}