{"var_laplacian": {"var_lap_first_results": 0.1997912335229025, "var_lap_diagonal_results": 1.2737242348087296}, "var_of_defect": {"var_results": 1.8316475888684545}, "var_sobel": {"var_sobel_results": 10.595936301067432}}