{"var_laplacian": {"var_lap_first_results": 0.005747427718894484, "var_lap_diagonal_results": 0.03106178457093602}, "var_of_defect": {"var_results": 0.01656311952251128}, "var_sobel": {"var_sobel_results": 0.22901071119980168}}