{"var_laplacian": {"var_lap_first_results": 0.24986315738729722, "var_lap_diagonal_results": 1.4420264504207065}, "var_of_defect": {"var_results": 19.482074336025637}, "var_sobel": {"var_sobel_results": 10.927466554647019}}