{"var_laplacian": {"var_lap_first_results": 0.1503090950633068, "var_lap_diagonal_results": 1.08283942608285}, "var_of_defect": {"var_results": 1.726695001827745}, "var_sobel": {"var_sobel_results": 8.083475547679}}