{"var_laplacian": {"var_lap_first_results": 0.06281650625144243, "var_lap_diagonal_results": 0.42878526973112435}, "var_of_defect": {"var_results": 0.15449124729625496}, "var_sobel": {"var_sobel_results": 4.890804003512589}}