{"var_laplacian": {"var_lap_first_results": 0.3854579338592092, "var_lap_diagonal_results": 2.512909185333054}, "var_of_defect": {"var_results": 1.1418734193453097}, "var_sobel": {"var_sobel_results": 15.787552965580295}}