{"var_laplacian": {"var_lap_first_results": 4.44436702543732, "var_lap_diagonal_results": 20.481305131397544}, "var_of_defect": {"var_results": 94.57097417743402}, "var_sobel": {"var_sobel_results": 69.25986441324255}}