{"var_laplacian": {"var_lap_first_results": 3.347608757785389, "var_lap_diagonal_results": 15.678500968396744}, "var_of_defect": {"var_results": 14.478923239699398}, "var_sobel": {"var_sobel_results": 45.261826341681655}}