{"var_laplacian": {"var_lap_first_results": 0.7957392768956644, "var_lap_diagonal_results": 5.671005178057165}, "var_of_defect": {"var_results": 9.7276195798538}, "var_sobel": {"var_sobel_results": 44.229331654234834}}