{"var_laplacian": {"var_lap_first_results": 1.0679789065959835, "var_lap_diagonal_results": 7.401608541007138}, "var_of_defect": {"var_results": 58.70629736503333}, "var_sobel": {"var_sobel_results": 59.19195357388895}}