{"var_laplacian": {"var_lap_first_results": 3.700044223312957, "var_lap_diagonal_results": 12.97996807265791}, "var_of_defect": {"var_results": 13.843646505390842}, "var_sobel": {"var_sobel_results": 29.473302609958115}}