{"var_laplacian": {"var_lap_first_results": 0.31011518995814896, "var_lap_diagonal_results": 1.8891142756729722}, "var_of_defect": {"var_results": 0.7297632341821407}, "var_sobel": {"var_sobel_results": 12.796523129336972}}