{"var_laplacian": {"var_lap_first_results": 0.0026112964309996296, "var_lap_diagonal_results": 0.01477921251973835}, "var_of_defect": {"var_results": 0.003126572823728512}, "var_sobel": {"var_sobel_results": 0.13384068390882786}}