{"var_laplacian": {"var_lap_first_results": 0.5340191622662039, "var_lap_diagonal_results": 3.656484829411549}, "var_of_defect": {"var_results": 38.51960031750435}, "var_sobel": {"var_sobel_results": 36.127310758013735}}