{"var_laplacian": {"var_lap_first_results": 2.5147715035215916, "var_lap_diagonal_results": 13.477475276933724}, "var_of_defect": {"var_results": 64.70689688890126}, "var_sobel": {"var_sobel_results": 57.48530003597324}}