{"var_laplacian": {"var_lap_first_results": 0.012345569124513234, "var_lap_diagonal_results": 0.0785164652890506}, "var_of_defect": {"var_results": 0.03187891880134171}, "var_sobel": {"var_sobel_results": 1.1741218262339415}}