{"var_laplacian": {"var_lap_first_results": 0.009664207207366458, "var_lap_diagonal_results": 0.06427273680078914}, "var_of_defect": {"var_results": 0.01299218888044246}, "var_sobel": {"var_sobel_results": 0.8366999790791377}}