{"var_laplacian": {"var_lap_first_results": 0.7998751577180383, "var_lap_diagonal_results": 5.2767545713155215}, "var_of_defect": {"var_results": 54.56754270763891}, "var_sobel": {"var_sobel_results": 55.374632016093855}}