{"var_laplacian": {"var_lap_first_results": 0.9433947956960056, "var_lap_diagonal_results": 6.508317143951068}, "var_of_defect": {"var_results": 35.50891090360997}, "var_sobel": {"var_sobel_results": 51.73843186453905}}