{"var_laplacian": {"var_lap_first_results": 0.9059246429908638, "var_lap_diagonal_results": 6.10364962172465}, "var_of_defect": {"var_results": 59.13407642575458}, "var_sobel": {"var_sobel_results": 58.96242393869427}}