{"var_laplacian": {"var_lap_first_results": 0.012500233777964767, "var_lap_diagonal_results": 0.08468571871665424}, "var_of_defect": {"var_results": 0.027943540455335845}, "var_sobel": {"var_sobel_results": 1.1099435937154363}}