{"var_laplacian": {"var_lap_first_results": 8.292569413691204, "var_lap_diagonal_results": 26.657546937472688}, "var_of_defect": {"var_results": 34.65779293189897}, "var_sobel": {"var_sobel_results": 66.820849231899}}