{"var_laplacian": {"var_lap_first_results": 0.55139714738152, "var_lap_diagonal_results": 3.7170934313849506}, "var_of_defect": {"var_results": 38.86367308105247}, "var_sobel": {"var_sobel_results": 36.79661531721698}}