{"var_laplacian": {"var_lap_first_results": 0.245584829290022, "var_lap_diagonal_results": 1.755436158577191}, "var_of_defect": {"var_results": 0.9746921305374108}, "var_sobel": {"var_sobel_results": 18.747603809051707}}