{"var_laplacian": {"var_lap_first_results": 0.9233571194089165, "var_lap_diagonal_results": 6.3351342719948445}, "var_of_defect": {"var_results": 49.189113140845684}, "var_sobel": {"var_sobel_results": 50.78039122254827}}