{"var_laplacian": {"var_lap_first_results": 0.6530140438935271, "var_lap_diagonal_results": 4.466377978892502}, "var_of_defect": {"var_results": 44.654201199977685}, "var_sobel": {"var_sobel_results": 44.8901871787114}}