{"var_laplacian": {"var_lap_first_results": 0.9298680876713701, "var_lap_diagonal_results": 5.983610204596789}, "var_of_defect": {"var_results": 78.50852422842779}, "var_sobel": {"var_sobel_results": 52.283517258898044}}