{"var_laplacian": {"var_lap_first_results": 0.4688766836520529, "var_lap_diagonal_results": 3.273642549845376}, "var_of_defect": {"var_results": 1.4749869330704672}, "var_sobel": {"var_sobel_results": 16.74472245695093}}