{"var_laplacian": {"var_lap_first_results": 0.5283396149963646, "var_lap_diagonal_results": 3.5825688776228963}, "var_of_defect": {"var_results": 39.02721857176657}, "var_sobel": {"var_sobel_results": 36.473686910148906}}