{"var_laplacian": {"var_lap_first_results": 0.0014611637022201563, "var_lap_diagonal_results": 0.008960813699745268}, "var_of_defect": {"var_results": 0.002275181391570086}, "var_sobel": {"var_sobel_results": 0.11244282743467814}}