{"var_laplacian": {"var_lap_first_results": 0.7891644249787636, "var_lap_diagonal_results": 5.695050381005595}, "var_of_defect": {"var_results": 2.610206366318607}, "var_sobel": {"var_sobel_results": 23.38560122143564}}