{"var_laplacian": {"var_lap_first_results": 0.0014837144863783778, "var_lap_diagonal_results": 0.007823469693251003}, "var_of_defect": {"var_results": 0.00108831107580478}, "var_sobel": {"var_sobel_results": 0.05682538868577141}}