{"var_laplacian": {"var_lap_first_results": 0.002377922410624795, "var_lap_diagonal_results": 0.014152724321382832}, "var_of_defect": {"var_results": 0.0021132615374750987}, "var_sobel": {"var_sobel_results": 0.1736793901446022}}