{"var_laplacian": {"var_lap_first_results": 3.6437964239515264, "var_lap_diagonal_results": 14.55054424322536}, "var_of_defect": {"var_results": 12.496307005506836}, "var_sobel": {"var_sobel_results": 49.70061707294142}}