{"var_laplacian": {"var_lap_first_results": 0.874484764096485, "var_lap_diagonal_results": 5.778351264836386}, "var_of_defect": {"var_results": 78.92334574820471}, "var_sobel": {"var_sobel_results": 53.00099506384034}}