{"var_laplacian": {"var_lap_first_results": 0.0032708583842073332, "var_lap_diagonal_results": 0.020932165001193773}, "var_of_defect": {"var_results": 0.005682177063152554}, "var_sobel": {"var_sobel_results": 0.17598796344353534}}