{"var_laplacian": {"var_lap_first_results": 0.10813387837678187, "var_lap_diagonal_results": 0.7491421577057195}, "var_of_defect": {"var_results": 0.5135979761138842}, "var_sobel": {"var_sobel_results": 11.894352410804528}}