{"var_laplacian": {"var_lap_first_results": 0.7743110106920168, "var_lap_diagonal_results": 5.158568993517529}, "var_of_defect": {"var_results": 55.59028274009551}, "var_sobel": {"var_sobel_results": 53.80502775227552}}