{"var_laplacian": {"var_lap_first_results": 4.887760325519241, "var_lap_diagonal_results": 20.94489054889081}, "var_of_defect": {"var_results": 46.936198526635145}, "var_sobel": {"var_sobel_results": 66.88628532942785}}