{"var_laplacian": {"var_lap_first_results": 3.8058993181110297, "var_lap_diagonal_results": 19.116874017912256}, "var_of_defect": {"var_results": 89.9183074226349}, "var_sobel": {"var_sobel_results": 67.54457683001714}}