{"var_laplacian": {"var_lap_first_results": 1.0146515510224143, "var_lap_diagonal_results": 3.5426035626478187}, "var_of_defect": {"var_results": 2.518275339496399}, "var_sobel": {"var_sobel_results": 17.86556183798536}}