{"var_laplacian": {"var_lap_first_results": 3.1419740360789983, "var_lap_diagonal_results": 9.171179655181685}, "var_of_defect": {"var_results": 9.75769850684403}, "var_sobel": {"var_sobel_results": 26.802906331507437}}