{"var_laplacian": {"var_lap_first_results": 0.9699979585305775, "var_lap_diagonal_results": 6.39946725707814}, "var_of_defect": {"var_results": 76.3001252561989}, "var_sobel": {"var_sobel_results": 53.973336260072415}}