{"var_laplacian": {"var_lap_first_results": 0.9564674791021465, "var_lap_diagonal_results": 6.0159261715786565}, "var_of_defect": {"var_results": 76.43505227839542}, "var_sobel": {"var_sobel_results": 52.71231681315995}}