{"var_laplacian": {"var_lap_first_results": 0.8421285005074719, "var_lap_diagonal_results": 5.442624884924653}, "var_of_defect": {"var_results": 56.65611400548661}, "var_sobel": {"var_sobel_results": 55.83367740881403}}