{"var_laplacian": {"var_lap_first_results": 0.23342874620281956, "var_lap_diagonal_results": 1.6960389460327392}, "var_of_defect": {"var_results": 0.7520972132698543}, "var_sobel": {"var_sobel_results": 12.9021621793489}}