{"var_laplacian": {"var_lap_first_results": 0.9368091755713399, "var_lap_diagonal_results": 6.036778840023657}, "var_of_defect": {"var_results": 77.40400061564551}, "var_sobel": {"var_sobel_results": 52.36672621389747}}