{"var_laplacian": {"var_lap_first_results": 1.065822637217449, "var_lap_diagonal_results": 7.279882113820269}, "var_of_defect": {"var_results": 38.944035345608455}, "var_sobel": {"var_sobel_results": 57.411911243180896}}