{"var_laplacian": {"var_lap_first_results": 0.1313774572887291, "var_lap_diagonal_results": 0.9232624370602118}, "var_of_defect": {"var_results": 0.4200470038579512}, "var_sobel": {"var_sobel_results": 12.31302932213062}}