{"var_laplacian": {"var_lap_first_results": 0.925217557445023, "var_lap_diagonal_results": 6.196389448507698}, "var_of_defect": {"var_results": 68.8743745005034}, "var_sobel": {"var_sobel_results": 48.42407372056375}}