{"var_laplacian": {"var_lap_first_results": 5.202559297396199, "var_lap_diagonal_results": 16.40444655689693}, "var_of_defect": {"var_results": 20.750169944220726}, "var_sobel": {"var_sobel_results": 33.31223251128864}}