{"var_laplacian": {"var_lap_first_results": 0.9363009427265278, "var_lap_diagonal_results": 6.050445117500131}, "var_of_defect": {"var_results": 80.24878842168218}, "var_sobel": {"var_sobel_results": 54.14037405274312}}