{"var_laplacian": {"var_lap_first_results": 0.74296659863272, "var_lap_diagonal_results": 5.579191517122329}, "var_of_defect": {"var_results": 7.452695405411514}, "var_sobel": {"var_sobel_results": 35.73087915113325}}