{"var_laplacian": {"var_lap_first_results": 1.0798624475096699, "var_lap_diagonal_results": 6.680594691209905}, "var_of_defect": {"var_results": 84.35084928746984}, "var_sobel": {"var_sobel_results": 58.32210797111041}}