{"var_laplacian": {"var_lap_first_results": 0.7985285310867063, "var_lap_diagonal_results": 5.3593540377419675}, "var_of_defect": {"var_results": 54.36789243900062}, "var_sobel": {"var_sobel_results": 56.63329239174511}}