{"var_laplacian": {"var_lap_first_results": 0.9174347002838504, "var_lap_diagonal_results": 5.997941174267559}, "var_of_defect": {"var_results": 72.86659613308308}, "var_sobel": {"var_sobel_results": 52.82365917610506}}