{"var_laplacian": {"var_lap_first_results": 0.9103692365000005, "var_lap_diagonal_results": 6.02866295626333}, "var_of_defect": {"var_results": 68.69471394644334}, "var_sobel": {"var_sobel_results": 48.58518244878299}}