{"var_laplacian": {"var_lap_first_results": 0.9336515135700519, "var_lap_diagonal_results": 6.203954940550288}, "var_of_defect": {"var_results": 68.88324960237212}, "var_sobel": {"var_sobel_results": 48.63872863456796}}