{"var_laplacian": {"var_lap_first_results": 0.8454101871339507, "var_lap_diagonal_results": 5.553312557987671}, "var_of_defect": {"var_results": 74.05717097030139}, "var_sobel": {"var_sobel_results": 52.242980571185576}}