{"var_laplacian": {"var_lap_first_results": 0.005444584128460131, "var_lap_diagonal_results": 0.03478750959113746}, "var_of_defect": {"var_results": 0.009196801515991289}, "var_sobel": {"var_sobel_results": 0.3640621717471772}}