{"var_laplacian": {"var_lap_first_results": 0.9640633615975178, "var_lap_diagonal_results": 3.514583798397885}, "var_of_defect": {"var_results": 2.4618449857996123}, "var_sobel": {"var_sobel_results": 17.894937730319192}}