{"var_laplacian": {"var_lap_first_results": 0.9463182725171082, "var_lap_diagonal_results": 6.599212790075056}, "var_of_defect": {"var_results": 36.085839758668136}, "var_sobel": {"var_sobel_results": 53.10449138679089}}