{"var_laplacian": {"var_lap_first_results": 3.0979804739908823, "var_lap_diagonal_results": 15.742750587442801}, "var_of_defect": {"var_results": 54.423322087732174}, "var_sobel": {"var_sobel_results": 75.58026939400959}}