{"var_laplacian": {"var_lap_first_results": 0.12466786492016273, "var_lap_diagonal_results": 0.8589001776823861}, "var_of_defect": {"var_results": 0.25653838768556014}, "var_sobel": {"var_sobel_results": 7.998249315580013}}