{"var_laplacian": {"var_lap_first_results": 1.841955835516417, "var_lap_diagonal_results": 8.848075839046613}, "var_of_defect": {"var_results": 93.67243963579135}, "var_sobel": {"var_sobel_results": 60.29078370431922}}