{"var_laplacian": {"var_lap_first_results": 0.580709059511808, "var_lap_diagonal_results": 3.8565638051733395}, "var_of_defect": {"var_results": 40.29240750083906}, "var_sobel": {"var_sobel_results": 37.598130494539966}}