{"var_laplacian": {"var_lap_first_results": 1.0942453532759708, "var_lap_diagonal_results": 7.408057299147663}, "var_of_defect": {"var_results": 50.88082817364458}, "var_sobel": {"var_sobel_results": 51.13260523576537}}