{"var_laplacian": {"var_lap_first_results": 0.05523280503711427, "var_lap_diagonal_results": 0.3763229259552117}, "var_of_defect": {"var_results": 0.13084405254754342}, "var_sobel": {"var_sobel_results": 4.6924922773821}}