{"var_laplacian": {"var_lap_first_results": 0.8705807840437975, "var_lap_diagonal_results": 5.722431228902679}, "var_of_defect": {"var_results": 73.24230503506158}, "var_sobel": {"var_sobel_results": 51.39945715983062}}