{"var_laplacian": {"var_lap_first_results": 1.021815156986264, "var_lap_diagonal_results": 6.527380685844936}, "var_of_defect": {"var_results": 83.25642902584116}, "var_sobel": {"var_sobel_results": 57.55243290011038}}