{"var_laplacian": {"var_lap_first_results": 1.6668587014193281, "var_lap_diagonal_results": 10.500029175824654}, "var_of_defect": {"var_results": 57.218116156369405}, "var_sobel": {"var_sobel_results": 55.22576084869495}}