{"var_laplacian": {"var_lap_first_results": 0.48118942357170585, "var_lap_diagonal_results": 3.528218397735897}, "var_of_defect": {"var_results": 1.6298315349504062}, "var_sobel": {"var_sobel_results": 20.593889917895975}}