{"var_laplacian": {"var_lap_first_results": 5.894528776370324, "var_lap_diagonal_results": 20.82089772329581}, "var_of_defect": {"var_results": 25.772459483925868}, "var_sobel": {"var_sobel_results": 57.90330063096233}}