{"var_laplacian": {"var_lap_first_results": 0.04763079498371032, "var_lap_diagonal_results": 0.33374218078479306}, "var_of_defect": {"var_results": 0.08804133740278385}, "var_sobel": {"var_sobel_results": 4.042639622484167}}