{"var_laplacian": {"var_lap_first_results": 0.8511863306612489, "var_lap_diagonal_results": 5.809488121439617}, "var_of_defect": {"var_results": 72.76090452829014}, "var_sobel": {"var_sobel_results": 53.32355536163596}}