{"var_laplacian": {"var_lap_first_results": 2.1800240763040293, "var_lap_diagonal_results": 12.735529762446127}, "var_of_defect": {"var_results": 77.97573065546588}, "var_sobel": {"var_sobel_results": 64.47156791694199}}