{"var_laplacian": {"var_lap_first_results": 0.28991668238152907, "var_lap_diagonal_results": 2.0396499431377983}, "var_of_defect": {"var_results": 1.4866277891665054}, "var_sobel": {"var_sobel_results": 24.90298205993074}}