{"var_laplacian": {"var_lap_first_results": 0.8822408012501157, "var_lap_diagonal_results": 5.933294519507599}, "var_of_defect": {"var_results": 75.09384108509082}, "var_sobel": {"var_sobel_results": 53.750990305546416}}