{"var_laplacian": {"var_lap_first_results": 0.8988570647710891, "var_lap_diagonal_results": 5.900639480906768}, "var_of_defect": {"var_results": 72.88826673498022}, "var_sobel": {"var_sobel_results": 53.46984785483843}}