{"var_laplacian": {"var_lap_first_results": 0.17219559278955265, "var_lap_diagonal_results": 1.2402022955349867}, "var_of_defect": {"var_results": 0.3801708476905842}, "var_sobel": {"var_sobel_results": 9.698361705364208}}