{"var_laplacian": {"var_lap_first_results": 6.775037692855674, "var_lap_diagonal_results": 26.615389110934466}, "var_of_defect": {"var_results": 87.98052302646393}, "var_sobel": {"var_sobel_results": 90.57764150701405}}