{"var_laplacian": {"var_lap_first_results": 0.8926841953682083, "var_lap_diagonal_results": 6.4115298771790075}, "var_of_defect": {"var_results": 11.955303060688331}, "var_sobel": {"var_sobel_results": 48.377106740799995}}