{"var_laplacian": {"var_lap_first_results": 0.9684522844319435, "var_lap_diagonal_results": 6.729351253771179}, "var_of_defect": {"var_results": 36.09401273078594}, "var_sobel": {"var_sobel_results": 53.22493192151901}}