{"var_laplacian": {"var_lap_first_results": 0.00024294752981262056, "var_lap_diagonal_results": 0.0008907908459896489}, "var_of_defect": {"var_results": 5.1145662658250015e-05}, "var_sobel": {"var_sobel_results": 0.009729136283326785}}