{"var_laplacian": {"var_lap_first_results": 0.9772141016908877, "var_lap_diagonal_results": 6.776671790822211}, "var_of_defect": {"var_results": 36.07908845363847}, "var_sobel": {"var_sobel_results": 52.90334296007444}}