{"var_laplacian": {"var_lap_first_results": 3.944698067750387, "var_lap_diagonal_results": 14.97645829776718}, "var_of_defect": {"var_results": 14.504307050395617}, "var_sobel": {"var_sobel_results": 32.42335283269878}}