{"var_laplacian": {"var_lap_first_results": 0.8699130493140593, "var_lap_diagonal_results": 6.292042254798426}, "var_of_defect": {"var_results": 3.8686125226208596}, "var_sobel": {"var_sobel_results": 32.21866748978063}}