{"var_laplacian": {"var_lap_first_results": 0.79009793659314, "var_lap_diagonal_results": 5.8321395301108}, "var_of_defect": {"var_results": 7.556833209452587}, "var_sobel": {"var_sobel_results": 35.255737759187596}}