{"var_laplacian": {"var_lap_first_results": 0.9762975617054694, "var_lap_diagonal_results": 6.776125678446024}, "var_of_defect": {"var_results": 37.34755722446039}, "var_sobel": {"var_sobel_results": 55.38421719396269}}