{"var_laplacian": {"var_lap_first_results": 1.3548882200029673, "var_lap_diagonal_results": 7.804996998113665}, "var_of_defect": {"var_results": 88.57913703454513}, "var_sobel": {"var_sobel_results": 60.862559595688424}}