{"var_laplacian": {"var_lap_first_results": 0.5060775181428139, "var_lap_diagonal_results": 3.3878185795581532}, "var_of_defect": {"var_results": 39.31208233706123}, "var_sobel": {"var_sobel_results": 34.543151576519925}}