{"var_laplacian": {"var_lap_first_results": 0.5046351480128461, "var_lap_diagonal_results": 2.3397903872710852}, "var_of_defect": {"var_results": 1.194180003603622}, "var_sobel": {"var_sobel_results": 14.76440851733845}}