{"var_laplacian": {"var_lap_first_results": 3.2302682774639044, "var_lap_diagonal_results": 14.44351763062785}, "var_of_defect": {"var_results": 16.479778057650037}, "var_sobel": {"var_sobel_results": 53.69058437416021}}