{"var_laplacian": {"var_lap_first_results": 0.2278650322253504, "var_lap_diagonal_results": 1.5266381789160608}, "var_of_defect": {"var_results": 0.5280912218968652}, "var_sobel": {"var_sobel_results": 11.213328584782456}}