{"var_laplacian": {"var_lap_first_results": 0.8261010382810559, "var_lap_diagonal_results": 5.438003427344078}, "var_of_defect": {"var_results": 53.824261837976465}, "var_sobel": {"var_sobel_results": 55.924959006511465}}