{"var_laplacian": {"var_lap_first_results": 0.8073021376238957, "var_lap_diagonal_results": 5.442718390583582}, "var_of_defect": {"var_results": 53.797480139985055}, "var_sobel": {"var_sobel_results": 56.26906551730009}}