{"var_laplacian": {"var_lap_first_results": 0.24708503140662447, "var_lap_diagonal_results": 1.7265468942493885}, "var_of_defect": {"var_results": 0.6931678978296814}, "var_sobel": {"var_sobel_results": 12.99432379109727}}