{"var_laplacian": {"var_lap_first_results": 2.917420663631955, "var_lap_diagonal_results": 15.17298316636335}, "var_of_defect": {"var_results": 68.99698043013069}, "var_sobel": {"var_sobel_results": 57.55926232040175}}