{"var_laplacian": {"var_lap_first_results": 0.9425310669306743, "var_lap_diagonal_results": 6.273215861924657}, "var_of_defect": {"var_results": 70.7259583661561}, "var_sobel": {"var_sobel_results": 50.47622411350418}}