{"var_laplacian": {"var_lap_first_results": 1.064590843037421, "var_lap_diagonal_results": 7.486447086453675}, "var_of_defect": {"var_results": 59.86832914126956}, "var_sobel": {"var_sobel_results": 57.72970031962264}}