{"var_laplacian": {"var_lap_first_results": 3.7635337603974883, "var_lap_diagonal_results": 18.20152976773247}, "var_of_defect": {"var_results": 59.172976350519036}, "var_sobel": {"var_sobel_results": 78.41787144351169}}