{"var_laplacian": {"var_lap_first_results": 0.38478602915492843, "var_lap_diagonal_results": 2.5608555442371346}, "var_of_defect": {"var_results": 22.744508409816063}, "var_sobel": {"var_sobel_results": 23.964874291971405}}