{"var_laplacian": {"var_lap_first_results": 0.5322941465832264, "var_lap_diagonal_results": 3.6286589935705584}, "var_of_defect": {"var_results": 28.017156176181555}, "var_sobel": {"var_sobel_results": 28.883323390395702}}