{"var_laplacian": {"var_lap_first_results": 0.12065151142505201, "var_lap_diagonal_results": 0.7797768103132878}, "var_of_defect": {"var_results": 3.1678983816018005}, "var_sobel": {"var_sobel_results": 10.05917498727816}}