{"var_laplacian": {"var_lap_first_results": 0.005985097402318753, "var_lap_diagonal_results": 0.03337658881598247}, "var_of_defect": {"var_results": 0.017462551825848795}, "var_sobel": {"var_sobel_results": 0.15972074623328747}}