{"var_laplacian": {"var_lap_first_results": 0.01541731623722821, "var_lap_diagonal_results": 0.09950070283506005}, "var_of_defect": {"var_results": 0.08929358727751334}, "var_sobel": {"var_sobel_results": 0.6166588163942631}}