{"var_laplacian": {"var_lap_first_results": 0.007442984158852401, "var_lap_diagonal_results": 0.036384680471458965}, "var_of_defect": {"var_results": 0.1284390673935336}, "var_sobel": {"var_sobel_results": 0.16847269145292978}}