{"var_laplacian": {"var_lap_first_results": 0.4725476310907413, "var_lap_diagonal_results": 3.1152877972332105}, "var_of_defect": {"var_results": 14.637697122898532}, "var_sobel": {"var_sobel_results": 24.201376805108627}}