{"var_laplacian": {"var_lap_first_results": 0.18607965115093147, "var_lap_diagonal_results": 0.8734684111427339}, "var_of_defect": {"var_results": 23.308747929381152}, "var_sobel": {"var_sobel_results": 11.16210753556349}}