{"var_laplacian": {"var_lap_first_results": 0.02121944375013161, "var_lap_diagonal_results": 0.12529031361459514}, "var_of_defect": {"var_results": 0.28366592176147226}, "var_sobel": {"var_sobel_results": 1.3749093285589533}}