{"var_laplacian": {"var_lap_first_results": 0.2602652858019611, "var_lap_diagonal_results": 1.3738817620520398}, "var_of_defect": {"var_results": 29.27232029474855}, "var_sobel": {"var_sobel_results": 15.271570330578498}}