{"var_laplacian": {"var_lap_first_results": 0.0010229626522526858, "var_lap_diagonal_results": 0.004518135015275341}, "var_of_defect": {"var_results": 0.004327227819103109}, "var_sobel": {"var_sobel_results": 0.01977673098178755}}