{"var_laplacian": {"var_lap_first_results": 0.513790292136731, "var_lap_diagonal_results": 3.0831048910130185}, "var_of_defect": {"var_results": 55.60258115401781}, "var_sobel": {"var_sobel_results": 27.017475122031634}}