{"var_laplacian": {"var_lap_first_results": 0.028680288371847454, "var_lap_diagonal_results": 0.1357010779512357}, "var_of_defect": {"var_results": 1.4106826277744609}, "var_sobel": {"var_sobel_results": 0.8647390599464209}}