{"var_laplacian": {"var_lap_first_results": 0.15643864722182083, "var_lap_diagonal_results": 0.7857238649399283}, "var_of_defect": {"var_results": 18.09541902074252}, "var_sobel": {"var_sobel_results": 8.319209716489006}}