{"var_laplacian": {"var_lap_first_results": 0.04369374330735813, "var_lap_diagonal_results": 0.27159908772955443}, "var_of_defect": {"var_results": 0.971784383089798}, "var_sobel": {"var_sobel_results": 4.233509591560208}}