{"var_laplacian": {"var_lap_first_results": 0.026535703584061255, "var_lap_diagonal_results": 0.12562878896420318}, "var_of_defect": {"var_results": 1.0564403985913458}, "var_sobel": {"var_sobel_results": 0.7624871804150323}}