{"var_laplacian": {"var_lap_first_results": 0.27726278057924053, "var_lap_diagonal_results": 1.4507402427776572}, "var_of_defect": {"var_results": 36.65704898093481}, "var_sobel": {"var_sobel_results": 16.14295796810081}}