{"var_laplacian": {"var_lap_first_results": 0.013140106217736097, "var_lap_diagonal_results": 0.0658659666348045}, "var_of_defect": {"var_results": 0.3703390115347031}, "var_sobel": {"var_sobel_results": 0.3276485847501449}}