{"var_laplacian": {"var_lap_first_results": 0.2571836446641484, "var_lap_diagonal_results": 1.3379166983136732}, "var_of_defect": {"var_results": 32.22028368479397}, "var_sobel": {"var_sobel_results": 17.112043632119278}}