{"var_laplacian": {"var_lap_first_results": 0.20128259888581, "var_lap_diagonal_results": 1.0306262227363228}, "var_of_defect": {"var_results": 27.44853607700621}, "var_sobel": {"var_sobel_results": 13.96769786937614}}