{"var_laplacian": {"var_lap_first_results": 0.7370778826955806, "var_lap_diagonal_results": 5.151102911612711}, "var_of_defect": {"var_results": 33.125128219365585}, "var_sobel": {"var_sobel_results": 33.703763720204435}}