{"var_laplacian": {"var_lap_first_results": 0.006102615962212977, "var_lap_diagonal_results": 0.028655401594890866}, "var_of_defect": {"var_results": 0.07746289484383885}, "var_sobel": {"var_sobel_results": 0.12814893626850507}}