{"var_laplacian": {"var_lap_first_results": 0.5790102909435684, "var_lap_diagonal_results": 3.428242605601632}, "var_of_defect": {"var_results": 56.55994524510443}, "var_sobel": {"var_sobel_results": 26.548957909785862}}