{"var_laplacian": {"var_lap_first_results": 0.7051827347578479, "var_lap_diagonal_results": 5.21646894912011}, "var_of_defect": {"var_results": 8.180717681824406}, "var_sobel": {"var_sobel_results": 27.222084091555125}}