{"var_laplacian": {"var_lap_first_results": 0.018877799188459873, "var_lap_diagonal_results": 0.09209685717368755}, "var_of_defect": {"var_results": 0.8099666235009181}, "var_sobel": {"var_sobel_results": 0.5801345106014837}}