{"var_laplacian": {"var_lap_first_results": 0.14528187242501875, "var_lap_diagonal_results": 0.763446346041737}, "var_of_defect": {"var_results": 18.103652965869067}, "var_sobel": {"var_sobel_results": 8.354108014319523}}