{"var_laplacian": {"var_lap_first_results": 0.3806607826155969, "var_lap_diagonal_results": 2.195793149946038}, "var_of_defect": {"var_results": 41.631784204209325}, "var_sobel": {"var_sobel_results": 21.91873313102263}}