{"var_laplacian": {"var_lap_first_results": 0.0031968175802652935, "var_lap_diagonal_results": 0.016325024860396407}, "var_of_defect": {"var_results": 0.01777458847020903}, "var_sobel": {"var_sobel_results": 0.15307934611793508}}