{"var_laplacian": {"var_lap_first_results": 0.26137035212228554, "var_lap_diagonal_results": 1.3789838667572931}, "var_of_defect": {"var_results": 30.193526307177024}, "var_sobel": {"var_sobel_results": 15.1970562649956}}