{"var_laplacian": {"var_lap_first_results": 0.03360127977247102, "var_lap_diagonal_results": 0.230689934020953}, "var_of_defect": {"var_results": 0.2588789687604977}, "var_sobel": {"var_sobel_results": 1.5558660729262104}}