{"var_laplacian": {"var_lap_first_results": 0.010110688100423763, "var_lap_diagonal_results": 0.05114740033139778}, "var_of_defect": {"var_results": 0.27393880011745564}, "var_sobel": {"var_sobel_results": 0.2581707724981905}}