{"var_laplacian": {"var_lap_first_results": 1.117062902497829, "var_lap_diagonal_results": 7.965348038870244}, "var_of_defect": {"var_results": 13.524119522643225}, "var_sobel": {"var_sobel_results": 34.457692098233096}}