{"var_laplacian": {"var_lap_first_results": 0.19891002986389106, "var_lap_diagonal_results": 1.2372146266561468}, "var_of_defect": {"var_results": 13.909507015484749}, "var_sobel": {"var_sobel_results": 15.932336153577099}}