{"var_laplacian": {"var_lap_first_results": 0.14442302333682797, "var_lap_diagonal_results": 1.0164593717904504}, "var_of_defect": {"var_results": 1.4863147434889559}, "var_sobel": {"var_sobel_results": 7.460029130649644}}