{"var_laplacian": {"var_lap_first_results": 0.8496705443122374, "var_lap_diagonal_results": 6.038209899048708}, "var_of_defect": {"var_results": 36.4212665438074}, "var_sobel": {"var_sobel_results": 35.998126536214734}}