{"var_laplacian": {"var_lap_first_results": 0.00915538470778422, "var_lap_diagonal_results": 0.04398598057430325}, "var_of_defect": {"var_results": 0.19423007223557928}, "var_sobel": {"var_sobel_results": 0.2087928017767929}}