{"var_laplacian": {"var_lap_first_results": 0.0008333774655158345, "var_lap_diagonal_results": 0.0039286821588271565}, "var_of_defect": {"var_results": 0.0005640200424416523}, "var_sobel": {"var_sobel_results": 0.023422381177807802}}