{"var_laplacian": {"var_lap_first_results": 0.28877309168261667, "var_lap_diagonal_results": 1.8506282126634688}, "var_of_defect": {"var_results": 19.82473012917701}, "var_sobel": {"var_sobel_results": 19.511973869487115}}