{"var_laplacian": {"var_lap_first_results": 0.16005336720607463, "var_lap_diagonal_results": 0.7900259067915915}, "var_of_defect": {"var_results": 19.119085837920785}, "var_sobel": {"var_sobel_results": 9.090417724043661}}