{"var_laplacian": {"var_lap_first_results": 0.6013508261751361, "var_lap_diagonal_results": 4.20833611739897}, "var_of_defect": {"var_results": 30.015430278231673}, "var_sobel": {"var_sobel_results": 30.821479148777737}}