{"var_laplacian": {"var_lap_first_results": 0.35441850376676387, "var_lap_diagonal_results": 2.5945068032797933}, "var_of_defect": {"var_results": 4.017689282751338}, "var_sobel": {"var_sobel_results": 17.007420474481105}}