{"var_laplacian": {"var_lap_first_results": 0.058150631804177955, "var_lap_diagonal_results": 0.3767499169428735}, "var_of_defect": {"var_results": 1.505157330115825}, "var_sobel": {"var_sobel_results": 6.057714226651215}}