{"var_laplacian": {"var_lap_first_results": 0.004065788808700215, "var_lap_diagonal_results": 0.019002719891909145}, "var_of_defect": {"var_results": 0.03963419539376979}, "var_sobel": {"var_sobel_results": 0.08373757687447336}}