{"var_laplacian": {"var_lap_first_results": 0.2674073385451163, "var_lap_diagonal_results": 1.389601261958336}, "var_of_defect": {"var_results": 33.79923391035578}, "var_sobel": {"var_sobel_results": 15.065865953041548}}