{"var_laplacian": {"var_lap_first_results": 0.20985021426931735, "var_lap_diagonal_results": 1.2851397304347503}, "var_of_defect": {"var_results": 13.858095817061319}, "var_sobel": {"var_sobel_results": 15.875452804716412}}