{"var_laplacian": {"var_lap_first_results": 0.03036061813743691, "var_lap_diagonal_results": 0.14197178612324113}, "var_of_defect": {"var_results": 1.4029277550061945}, "var_sobel": {"var_sobel_results": 0.9889182065640937}}