{"var_laplacian": {"var_lap_first_results": 0.02597877118114664, "var_lap_diagonal_results": 0.1290647238105677}, "var_of_defect": {"var_results": 1.4351808547873173}, "var_sobel": {"var_sobel_results": 1.0175935535763103}}