{"var_laplacian": {"var_lap_first_results": 0.2636105115013845, "var_lap_diagonal_results": 1.3879747303901597}, "var_of_defect": {"var_results": 29.768860195399558}, "var_sobel": {"var_sobel_results": 15.202229899698}}