{"var_laplacian": {"var_lap_first_results": 0.33826235841114305, "var_lap_diagonal_results": 2.1547689795704854}, "var_of_defect": {"var_results": 21.373746437258887}, "var_sobel": {"var_sobel_results": 21.5449298357034}}