{"var_laplacian": {"var_lap_first_results": 0.5847488294010661, "var_lap_diagonal_results": 3.5395748424649285}, "var_of_defect": {"var_results": 56.56648969867706}, "var_sobel": {"var_sobel_results": 27.41836883753454}}