{"var_laplacian": {"var_lap_first_results": 0.24915066897472204, "var_lap_diagonal_results": 1.3429905190888054}, "var_of_defect": {"var_results": 28.593602548626524}, "var_sobel": {"var_sobel_results": 15.159714789742694}}