{"var_laplacian": {"var_lap_first_results": 0.45089418844669893, "var_lap_diagonal_results": 3.0429698583748017}, "var_of_defect": {"var_results": 25.075451363183713}, "var_sobel": {"var_sobel_results": 26.135386499555636}}