{"var_laplacian": {"var_lap_first_results": 0.36522298149483284, "var_lap_diagonal_results": 2.3802750234727297}, "var_of_defect": {"var_results": 11.156276033431496}, "var_sobel": {"var_sobel_results": 21.39300527920324}}