{"var_laplacian": {"var_lap_first_results": 0.2301391924832172, "var_lap_diagonal_results": 1.4237556712259731}, "var_of_defect": {"var_results": 16.201714948125407}, "var_sobel": {"var_sobel_results": 16.778339255236617}}