{"var_laplacian": {"var_lap_first_results": 0.27623559464581404, "var_lap_diagonal_results": 1.4261279594761562}, "var_of_defect": {"var_results": 35.83790315981162}, "var_sobel": {"var_sobel_results": 15.62593290778154}}