{"var_laplacian": {"var_lap_first_results": 0.5067515142902609, "var_lap_diagonal_results": 3.3251569814575683}, "var_of_defect": {"var_results": 14.95079235961414}, "var_sobel": {"var_sobel_results": 25.015364752474646}}