{"var_laplacian": {"var_lap_first_results": 1.1187458046283227, "var_lap_diagonal_results": 7.876579596154195}, "var_of_defect": {"var_results": 13.321102505539642}, "var_sobel": {"var_sobel_results": 34.89920903621475}}