{"var_laplacian": {"var_lap_first_results": 0.30352701266599813, "var_lap_diagonal_results": 1.7078823807025263}, "var_of_defect": {"var_results": 38.06036923590274}, "var_sobel": {"var_sobel_results": 19.978334373959488}}