{"var_laplacian": {"var_lap_first_results": 0.21145439842033223, "var_lap_diagonal_results": 1.3268043345492475}, "var_of_defect": {"var_results": 15.399691179531498}, "var_sobel": {"var_sobel_results": 16.114777852268652}}