{"var_laplacian": {"var_lap_first_results": 0.15752508885551186, "var_lap_diagonal_results": 0.8104698516089234}, "var_of_defect": {"var_results": 18.125854675177234}, "var_sobel": {"var_sobel_results": 8.706296385186702}}