{"var_laplacian": {"var_lap_first_results": 0.01637897520326637, "var_lap_diagonal_results": 0.08258404721892011}, "var_of_defect": {"var_results": 0.6379848279698579}, "var_sobel": {"var_sobel_results": 0.48015775613903056}}