{"var_laplacian": {"var_lap_first_results": 0.5528540105714476, "var_lap_diagonal_results": 4.088794900524009}, "var_of_defect": {"var_results": 6.552337982247056}, "var_sobel": {"var_sobel_results": 23.37572495634415}}