{"var_laplacian": {"var_lap_first_results": 0.47011077938848506, "var_lap_diagonal_results": 3.137975354051105}, "var_of_defect": {"var_results": 14.838818747502069}, "var_sobel": {"var_sobel_results": 24.657912071878304}}