{"var_laplacian": {"var_lap_first_results": 0.4310959958807939, "var_lap_diagonal_results": 3.1407755657753236}, "var_of_defect": {"var_results": 5.127949722490557}, "var_sobel": {"var_sobel_results": 19.89425584929527}}