{"var_laplacian": {"var_lap_first_results": 0.25474328556185794, "var_lap_diagonal_results": 1.6051097358678275}, "var_of_defect": {"var_results": 17.807285689900066}, "var_sobel": {"var_sobel_results": 17.992044661503304}}