{"var_laplacian": {"var_lap_first_results": 0.004337470790298592, "var_lap_diagonal_results": 0.02437373456710393}, "var_of_defect": {"var_results": 0.012093215304869565}, "var_sobel": {"var_sobel_results": 0.5543043500810376}}