{"var_laplacian": {"var_lap_first_results": 0.03248594737713469, "var_lap_diagonal_results": 0.17991916828995197}, "var_of_defect": {"var_results": 0.9948170855146432}, "var_sobel": {"var_sobel_results": 3.172258615070639}}