{"var_laplacian": {"var_lap_first_results": 0.09121027766966668, "var_lap_diagonal_results": 0.6090388685990008}, "var_of_defect": {"var_results": 0.3501940547992476}, "var_sobel": {"var_sobel_results": 11.863616208659337}}