{"var_laplacian": {"var_lap_first_results": 0.07844149149190767, "var_lap_diagonal_results": 0.4890109219778012}, "var_of_defect": {"var_results": 3.6395862306550026}, "var_sobel": {"var_sobel_results": 11.869598367954543}}