{"var_laplacian": {"var_lap_first_results": 1.1258280997306174, "var_lap_diagonal_results": 6.787756826896598}, "var_of_defect": {"var_results": 16.03349110165051}, "var_sobel": {"var_sobel_results": 33.84086347606442}}