{"var_laplacian": {"var_lap_first_results": 7.430514416242676, "var_lap_diagonal_results": 28.07723519091322}, "var_of_defect": {"var_results": 37.99623304029277}, "var_sobel": {"var_sobel_results": 65.4311397011811}}