{"var_laplacian": {"var_lap_first_results": 0.17260961159245664, "var_lap_diagonal_results": 1.1867158147829542}, "var_of_defect": {"var_results": 4.286615820894767}, "var_sobel": {"var_sobel_results": 14.332760194880978}}