{"var_laplacian": {"var_lap_first_results": 0.003463002318682316, "var_lap_diagonal_results": 0.01958146321211824}, "var_of_defect": {"var_results": 0.005459971768101044}, "var_sobel": {"var_sobel_results": 0.23341591674066053}}