{"var_laplacian": {"var_lap_first_results": 0.17696526518414174, "var_lap_diagonal_results": 1.3049030199079807}, "var_of_defect": {"var_results": 1.2433995752462088}, "var_sobel": {"var_sobel_results": 10.405408839597294}}