{"var_laplacian": {"var_lap_first_results": 0.011047485857174305, "var_lap_diagonal_results": 0.07168123253412118}, "var_of_defect": {"var_results": 0.044524686657597595}, "var_sobel": {"var_sobel_results": 0.5932401391206287}}