{"var_laplacian": {"var_lap_first_results": 5.952369639366193, "var_lap_diagonal_results": 20.43224913688157}, "var_of_defect": {"var_results": 47.31210830119136}, "var_sobel": {"var_sobel_results": 51.8266983263637}}