{"var_laplacian": {"var_lap_first_results": 0.5782717158778572, "var_lap_diagonal_results": 3.761589133833186}, "var_of_defect": {"var_results": 18.40176884923682}, "var_sobel": {"var_sobel_results": 34.71843820527955}}