{"var_laplacian": {"var_lap_first_results": 1.2560633269491737, "var_lap_diagonal_results": 5.471157335128218}, "var_of_defect": {"var_results": 9.647274539678232}, "var_sobel": {"var_sobel_results": 20.196619011689265}}