{"var_laplacian": {"var_lap_first_results": 0.16192308750300446, "var_lap_diagonal_results": 1.121632723981065}, "var_of_defect": {"var_results": 0.993381409552393}, "var_sobel": {"var_sobel_results": 17.421360811166593}}