{"var_laplacian": {"var_lap_first_results": 0.0045516206957895294, "var_lap_diagonal_results": 0.020918948995043915}, "var_of_defect": {"var_results": 0.0031205008566713285}, "var_sobel": {"var_sobel_results": 0.09506003389019158}}