{"var_laplacian": {"var_lap_first_results": 0.09056441777572102, "var_lap_diagonal_results": 0.5230259167350642}, "var_of_defect": {"var_results": 3.6891104690112297}, "var_sobel": {"var_sobel_results": 12.28163921153746}}