{"var_laplacian": {"var_lap_first_results": 0.02027191288667773, "var_lap_diagonal_results": 0.12296175609039527}, "var_of_defect": {"var_results": 0.30647077510604703}, "var_sobel": {"var_sobel_results": 2.222405967869735}}