{"var_laplacian": {"var_lap_first_results": 0.611559559745832, "var_lap_diagonal_results": 4.156244604930985}, "var_of_defect": {"var_results": 10.355790301192194}, "var_sobel": {"var_sobel_results": 26.65299464793543}}