{"var_laplacian": {"var_lap_first_results": 0.9031799076222616, "var_lap_diagonal_results": 5.828757760965075}, "var_of_defect": {"var_results": 26.802819074496906}, "var_sobel": {"var_sobel_results": 51.229627084692204}}