{"var_laplacian": {"var_lap_first_results": 0.39217667645736554, "var_lap_diagonal_results": 2.69106477418497}, "var_of_defect": {"var_results": 1.7086326710690865}, "var_sobel": {"var_sobel_results": 22.745720874851063}}