{"var_laplacian": {"var_lap_first_results": 1.1064917820929592, "var_lap_diagonal_results": 6.54292712804986}, "var_of_defect": {"var_results": 15.816009985099011}, "var_sobel": {"var_sobel_results": 33.55565647764235}}