{"var_laplacian": {"var_lap_first_results": 0.6415963372093592, "var_lap_diagonal_results": 4.178074543349357}, "var_of_defect": {"var_results": 20.027410681513064}, "var_sobel": {"var_sobel_results": 35.773688169657845}}