{"var_laplacian": {"var_lap_first_results": 0.002938008913421284, "var_lap_diagonal_results": 0.01714422532040248}, "var_of_defect": {"var_results": 0.008290165099089055}, "var_sobel": {"var_sobel_results": 0.13956416411791792}}