{"var_laplacian": {"var_lap_first_results": 0.47361137283618954, "var_lap_diagonal_results": 3.2178840215112725}, "var_of_defect": {"var_results": 2.433529162182761}, "var_sobel": {"var_sobel_results": 32.08247253816105}}