{"var_laplacian": {"var_lap_first_results": 0.6475678396895334, "var_lap_diagonal_results": 4.139356955080354}, "var_of_defect": {"var_results": 18.496884513179}, "var_sobel": {"var_sobel_results": 40.71333342344813}}