{"var_laplacian": {"var_lap_first_results": 6.431931210380624, "var_lap_diagonal_results": 23.549652273892292}, "var_of_defect": {"var_results": 32.82997177377196}, "var_sobel": {"var_sobel_results": 57.239592051251265}}