{"var_laplacian": {"var_lap_first_results": 3.2075668353850704, "var_lap_diagonal_results": 15.66714907285243}, "var_of_defect": {"var_results": 77.43173635593739}, "var_sobel": {"var_sobel_results": 60.99529784397016}}