{"var_laplacian": {"var_lap_first_results": 0.01394333893265641, "var_lap_diagonal_results": 0.07916557235006798}, "var_of_defect": {"var_results": 0.16802393167037571}, "var_sobel": {"var_sobel_results": 1.2337907651601736}}