{"var_laplacian": {"var_lap_first_results": 6.774442644449493, "var_lap_diagonal_results": 27.40304404116972}, "var_of_defect": {"var_results": 96.33136551585396}, "var_sobel": {"var_sobel_results": 78.90709044220496}}