{"var_laplacian": {"var_lap_first_results": 0.044681303602830166, "var_lap_diagonal_results": 0.28388681230046536}, "var_of_defect": {"var_results": 0.8336260634826322}, "var_sobel": {"var_sobel_results": 5.799108911260831}}