{"var_laplacian": {"var_lap_first_results": 0.8153367517635702, "var_lap_diagonal_results": 5.393002280085368}, "var_of_defect": {"var_results": 51.04178363609617}, "var_sobel": {"var_sobel_results": 52.25785302882816}}