{"var_laplacian": {"var_lap_first_results": 0.12954063696881132, "var_lap_diagonal_results": 0.8865565720644666}, "var_of_defect": {"var_results": 3.0577487043091898}, "var_sobel": {"var_sobel_results": 12.04345575085708}}