{"var_laplacian": {"var_lap_first_results": 0.029713646991316713, "var_lap_diagonal_results": 0.1923010106237747}, "var_of_defect": {"var_results": 0.08991109812889794}, "var_sobel": {"var_sobel_results": 4.673748736525734}}