{"var_laplacian": {"var_lap_first_results": 0.7636101859479509, "var_lap_diagonal_results": 5.145227841983608}, "var_of_defect": {"var_results": 20.11844655027428}, "var_sobel": {"var_sobel_results": 39.9301400821392}}