{"var_laplacian": {"var_lap_first_results": 0.048463391031937565, "var_lap_diagonal_results": 0.34146834440872414}, "var_of_defect": {"var_results": 0.2900823809332724}, "var_sobel": {"var_sobel_results": 3.1851050700946724}}