{"var_laplacian": {"var_lap_first_results": 0.05070159372197283, "var_lap_diagonal_results": 0.27436400768895197}, "var_of_defect": {"var_results": 2.006395510671969}, "var_sobel": {"var_sobel_results": 5.382961506281345}}