{"var_laplacian": {"var_lap_first_results": 0.7164059059393371, "var_lap_diagonal_results": 4.908200083352392}, "var_of_defect": {"var_results": 33.800707485327464}, "var_sobel": {"var_sobel_results": 47.20014069336862}}