{"var_laplacian": {"var_lap_first_results": 0.15135640108550572, "var_lap_diagonal_results": 1.0340140028019162}, "var_of_defect": {"var_results": 3.8542694961187935}, "var_sobel": {"var_sobel_results": 13.369429624942232}}