{"var_laplacian": {"var_lap_first_results": 0.7943726715149517, "var_lap_diagonal_results": 5.408590678532839}, "var_of_defect": {"var_results": 19.513537926518758}, "var_sobel": {"var_sobel_results": 38.76085806329324}}