{"var_laplacian": {"var_lap_first_results": 0.7375603077107544, "var_lap_diagonal_results": 4.976628780644624}, "var_of_defect": {"var_results": 33.956491856591235}, "var_sobel": {"var_sobel_results": 47.276119350821375}}