{"var_laplacian": {"var_lap_first_results": 4.302186259891254, "var_lap_diagonal_results": 15.967097825027333}, "var_of_defect": {"var_results": 18.862160623461712}, "var_sobel": {"var_sobel_results": 40.5457064175683}}