{"var_laplacian": {"var_lap_first_results": 3.45656673920952, "var_lap_diagonal_results": 18.271731969114846}, "var_of_defect": {"var_results": 17.804014214206703}, "var_sobel": {"var_sobel_results": 57.118332424317735}}