{"var_laplacian": {"var_lap_first_results": 0.051862964218002856, "var_lap_diagonal_results": 0.298141587342161}, "var_of_defect": {"var_results": 0.8404493002151835}, "var_sobel": {"var_sobel_results": 5.183788476453811}}