{"var_laplacian": {"var_lap_first_results": 0.2492195473530604, "var_lap_diagonal_results": 1.660088366286302}, "var_of_defect": {"var_results": 1.1859996729972186}, "var_sobel": {"var_sobel_results": 25.4968094665436}}