{"var_laplacian": {"var_lap_first_results": 0.7311920523551979, "var_lap_diagonal_results": 4.811378438702544}, "var_of_defect": {"var_results": 11.764108039185349}, "var_sobel": {"var_sobel_results": 28.57690479907996}}