{"var_laplacian": {"var_lap_first_results": 0.15581283941392518, "var_lap_diagonal_results": 0.9353810305012124}, "var_of_defect": {"var_results": 1.9881897549891103}, "var_sobel": {"var_sobel_results": 12.750776541548458}}