{"var_laplacian": {"var_lap_first_results": 0.9578816805696905, "var_lap_diagonal_results": 6.467387390928895}, "var_of_defect": {"var_results": 31.89704608327909}, "var_sobel": {"var_sobel_results": 48.84335096822757}}