{"var_laplacian": {"var_lap_first_results": 1.166405980933348, "var_lap_diagonal_results": 7.889745890337354}, "var_of_defect": {"var_results": 39.12917851440431}, "var_sobel": {"var_sobel_results": 63.65035959478435}}