{"var_laplacian": {"var_lap_first_results": 2.9108043176540326, "var_lap_diagonal_results": 12.691481847214673}, "var_of_defect": {"var_results": 13.331613319234076}, "var_sobel": {"var_sobel_results": 37.22311851050018}}