{"var_laplacian": {"var_lap_first_results": 0.7507238520354521, "var_lap_diagonal_results": 5.102126274360944}, "var_of_defect": {"var_results": 20.473930483937977}, "var_sobel": {"var_sobel_results": 42.07096345888457}}