{"var_laplacian": {"var_lap_first_results": 0.6723900594197938, "var_lap_diagonal_results": 4.39453150783134}, "var_of_defect": {"var_results": 23.00393522173484}, "var_sobel": {"var_sobel_results": 38.81995703430606}}