{"var_laplacian": {"var_lap_first_results": 0.2124810896797901, "var_lap_diagonal_results": 1.4468844956496807}, "var_of_defect": {"var_results": 1.030468543582334}, "var_sobel": {"var_sobel_results": 20.313330712169922}}