{"var_laplacian": {"var_lap_first_results": 0.9421672046347105, "var_lap_diagonal_results": 6.37890426307856}, "var_of_defect": {"var_results": 30.159729738656083}, "var_sobel": {"var_sobel_results": 47.64320931857212}}