{"var_laplacian": {"var_lap_first_results": 0.8359652635883545, "var_lap_diagonal_results": 5.636019592270415}, "var_of_defect": {"var_results": 36.57045489059661}, "var_sobel": {"var_sobel_results": 47.27157517114882}}