{"var_laplacian": {"var_lap_first_results": 1.7615905699499583, "var_lap_diagonal_results": 11.62729621580109}, "var_of_defect": {"var_results": 45.90361095250118}, "var_sobel": {"var_sobel_results": 68.58231339644098}}