{"var_laplacian": {"var_lap_first_results": 0.23980470884390528, "var_lap_diagonal_results": 1.6751662422704603}, "var_of_defect": {"var_results": 5.501075995082426}, "var_sobel": {"var_sobel_results": 17.197125753362645}}