{"var_laplacian": {"var_lap_first_results": 0.0034734602105700885, "var_lap_diagonal_results": 0.020175525187885183}, "var_of_defect": {"var_results": 0.0062491598409475735}, "var_sobel": {"var_sobel_results": 0.4139770163808976}}