{"var_laplacian": {"var_lap_first_results": 0.7968888673700781, "var_lap_diagonal_results": 5.361692344620189}, "var_of_defect": {"var_results": 47.6741948901879}, "var_sobel": {"var_sobel_results": 48.42761864782473}}