{"var_laplacian": {"var_lap_first_results": 0.7641306318735049, "var_lap_diagonal_results": 5.067688935502956}, "var_of_defect": {"var_results": 38.22607652961066}, "var_sobel": {"var_sobel_results": 51.05390837922109}}