{"var_laplacian": {"var_lap_first_results": 0.8015794055549691, "var_lap_diagonal_results": 5.414368203352155}, "var_of_defect": {"var_results": 21.919260484409953}, "var_sobel": {"var_sobel_results": 45.64201990910393}}