{"var_laplacian": {"var_lap_first_results": 0.046022359125335574, "var_lap_diagonal_results": 0.2595801703267493}, "var_of_defect": {"var_results": 1.8227743978633664}, "var_sobel": {"var_sobel_results": 5.442479325529032}}