{"var_laplacian": {"var_lap_first_results": 1.211302733996691, "var_lap_diagonal_results": 5.898453844790858}, "var_of_defect": {"var_results": 11.055926926296742}, "var_sobel": {"var_sobel_results": 21.709704566302047}}