{"var_laplacian": {"var_lap_first_results": 0.4236667043530862, "var_lap_diagonal_results": 2.961705857291015}, "var_of_defect": {"var_results": 8.06670641828743}, "var_sobel": {"var_sobel_results": 23.0166026718275}}