{"var_laplacian": {"var_lap_first_results": 0.0012671659933870172, "var_lap_diagonal_results": 0.006746598226103234}, "var_of_defect": {"var_results": 0.002191191012814442}, "var_sobel": {"var_sobel_results": 0.07164682966353873}}