{"var_laplacian": {"var_lap_first_results": 0.03555811286933341, "var_lap_diagonal_results": 0.1819317001129102}, "var_of_defect": {"var_results": 0.924192879990582}, "var_sobel": {"var_sobel_results": 2.880498728471111}}