{"var_laplacian": {"var_lap_first_results": 0.056622771319648525, "var_lap_diagonal_results": 0.32605192330522526}, "var_of_defect": {"var_results": 2.1906937921661873}, "var_sobel": {"var_sobel_results": 6.640182169693897}}