{"var_laplacian": {"var_lap_first_results": 5.236978621678825, "var_lap_diagonal_results": 21.160126827030226}, "var_of_defect": {"var_results": 64.23291999428233}, "var_sobel": {"var_sobel_results": 58.63883269933802}}