{"var_laplacian": {"var_lap_first_results": 1.1204351052895287, "var_lap_diagonal_results": 7.580208712551302}, "var_of_defect": {"var_results": 25.99444354414963}, "var_sobel": {"var_sobel_results": 50.23206391192327}}