{"var_laplacian": {"var_lap_first_results": 0.05065872489153144, "var_lap_diagonal_results": 0.29746370104150044}, "var_of_defect": {"var_results": 0.7930807728320916}, "var_sobel": {"var_sobel_results": 4.997748793391364}}