{"var_laplacian": {"var_lap_first_results": 0.37218109980502845, "var_lap_diagonal_results": 2.596508516320935}, "var_of_defect": {"var_results": 2.500509288118546}, "var_sobel": {"var_sobel_results": 28.918979152820288}}