{"var_laplacian": {"var_lap_first_results": 0.8010028848926197, "var_lap_diagonal_results": 5.207018197770616}, "var_of_defect": {"var_results": 6.202261449419963}, "var_sobel": {"var_sobel_results": 26.60804825179164}}