{"var_laplacian": {"var_lap_first_results": 0.4155648054979645, "var_lap_diagonal_results": 2.8733119588583484}, "var_of_defect": {"var_results": 2.082246919099967}, "var_sobel": {"var_sobel_results": 28.749048625428678}}