{"var_laplacian": {"var_lap_first_results": 0.0347813402895638, "var_lap_diagonal_results": 0.20850921190168098}, "var_of_defect": {"var_results": 0.656990296509773}, "var_sobel": {"var_sobel_results": 4.242488218034627}}