{"var_laplacian": {"var_lap_first_results": 0.03594256186264555, "var_lap_diagonal_results": 0.1992930143164075}, "var_of_defect": {"var_results": 1.2343550393226292}, "var_sobel": {"var_sobel_results": 3.416738923200166}}