{"var_laplacian": {"var_lap_first_results": 0.03445458013398402, "var_lap_diagonal_results": 0.21972536797984413}, "var_of_defect": {"var_results": 0.1739377693534104}, "var_sobel": {"var_sobel_results": 5.016460691250218}}