{"var_laplacian": {"var_lap_first_results": 0.005524564596648424, "var_lap_diagonal_results": 0.026819730549315045}, "var_of_defect": {"var_results": 0.010860277952275945}, "var_sobel": {"var_sobel_results": 0.14723979400108603}}