{"var_laplacian": {"var_lap_first_results": 0.1350638959592123, "var_lap_diagonal_results": 0.9244738366328544}, "var_of_defect": {"var_results": 3.0067080976511065}, "var_sobel": {"var_sobel_results": 12.459301301397007}}