{"var_laplacian": {"var_lap_first_results": 0.5004875676294757, "var_lap_diagonal_results": 3.454353359420268}, "var_of_defect": {"var_results": 9.123419094605355}, "var_sobel": {"var_sobel_results": 24.998699289151222}}