{"var_laplacian": {"var_lap_first_results": 0.33548108780602254, "var_lap_diagonal_results": 2.1089291180005163}, "var_of_defect": {"var_results": 3.7346308891990394}, "var_sobel": {"var_sobel_results": 16.072302171417068}}