{"var_laplacian": {"var_lap_first_results": 0.7227553372939467, "var_lap_diagonal_results": 4.944478190266769}, "var_of_defect": {"var_results": 33.809582175759274}, "var_sobel": {"var_sobel_results": 47.369854006563266}}