{"var_laplacian": {"var_lap_first_results": 0.8904950002342573, "var_lap_diagonal_results": 5.99797647480196}, "var_of_defect": {"var_results": 22.397244788028203}, "var_sobel": {"var_sobel_results": 45.94242503254043}}