{"var_laplacian": {"var_lap_first_results": 0.04172720348018248, "var_lap_diagonal_results": 0.20915840550625614}, "var_of_defect": {"var_results": 1.3500291418799093}, "var_sobel": {"var_sobel_results": 3.6290680553513743}}