{"var_laplacian": {"var_lap_first_results": 0.5553152878739835, "var_lap_diagonal_results": 3.5575011013664235}, "var_of_defect": {"var_results": 15.889064364022795}, "var_sobel": {"var_sobel_results": 30.661423139832166}}