{"var_laplacian": {"var_lap_first_results": 0.9990840242690976, "var_lap_diagonal_results": 5.058192991032794}, "var_of_defect": {"var_results": 8.388891509621926}, "var_sobel": {"var_sobel_results": 19.118153079455304}}