{"var_laplacian": {"var_lap_first_results": 0.08750337475406572, "var_lap_diagonal_results": 0.4782963719863143}, "var_of_defect": {"var_results": 3.1742881546859287}, "var_sobel": {"var_sobel_results": 10.50157871321462}}