{"var_laplacian": {"var_lap_first_results": 0.556755901987263, "var_lap_diagonal_results": 3.603411778381099}, "var_of_defect": {"var_results": 16.741045605428333}, "var_sobel": {"var_sobel_results": 31.2355600031318}}