{"var_laplacian": {"var_lap_first_results": 0.20670741676016455, "var_lap_diagonal_results": 1.435089626571848}, "var_of_defect": {"var_results": 4.871073122184682}, "var_sobel": {"var_sobel_results": 15.781804823725391}}