{"var_laplacian": {"var_lap_first_results": 0.9200702620082009, "var_lap_diagonal_results": 4.7584689765575785}, "var_of_defect": {"var_results": 6.124467056548013}, "var_sobel": {"var_sobel_results": 15.164564419259907}}