{"var_laplacian": {"var_lap_first_results": 2.663362512371717, "var_lap_diagonal_results": 14.588377516815141}, "var_of_defect": {"var_results": 42.03524817936372}, "var_sobel": {"var_sobel_results": 61.03783649340562}}