{"var_laplacian": {"var_lap_first_results": 0.8574251965595912, "var_lap_diagonal_results": 5.74854969194682}, "var_of_defect": {"var_results": 37.24321738300369}, "var_sobel": {"var_sobel_results": 47.43117336825725}}