{"var_laplacian": {"var_lap_first_results": 0.8489440340036434, "var_lap_diagonal_results": 5.744364273112854}, "var_of_defect": {"var_results": 36.35977214552608}, "var_sobel": {"var_sobel_results": 47.076325746911614}}