{"var_laplacian": {"var_lap_first_results": 0.7901949617818721, "var_lap_diagonal_results": 5.390943203000582}, "var_of_defect": {"var_results": 21.057611634441972}, "var_sobel": {"var_sobel_results": 40.42332471253671}}