{"var_laplacian": {"var_lap_first_results": 0.13381578904440575, "var_lap_diagonal_results": 0.911607808470859}, "var_of_defect": {"var_results": 3.1996718947997773}, "var_sobel": {"var_sobel_results": 12.141761472362202}}