{"var_laplacian": {"var_lap_first_results": 0.7292370802874553, "var_lap_diagonal_results": 4.953268274683083}, "var_of_defect": {"var_results": 34.254147145516825}, "var_sobel": {"var_sobel_results": 46.645999302025345}}