{"var_laplacian": {"var_lap_first_results": 0.7498561644421984, "var_lap_diagonal_results": 5.220241685154712}, "var_of_defect": {"var_results": 3.7446173839224794}, "var_sobel": {"var_sobel_results": 36.28946757457416}}