{"var_laplacian": {"var_lap_first_results": 0.05028704021866709, "var_lap_diagonal_results": 0.28357683454081645}, "var_of_defect": {"var_results": 0.7852172731293177}, "var_sobel": {"var_sobel_results": 4.816343345284585}}