{"var_laplacian": {"var_lap_first_results": 0.7955610994475827, "var_lap_diagonal_results": 5.300421789780364}, "var_of_defect": {"var_results": 47.30929573533852}, "var_sobel": {"var_sobel_results": 48.01467096441376}}