{"var_laplacian": {"var_lap_first_results": 0.6387723496247161, "var_lap_diagonal_results": 4.37131109147262}, "var_of_defect": {"var_results": 2.893021416386631}, "var_sobel": {"var_sobel_results": 26.43553249133328}}