{"var_laplacian": {"var_lap_first_results": 1.3614589531194399, "var_lap_diagonal_results": 8.184421834052458}, "var_of_defect": {"var_results": 6.234215877034545}, "var_sobel": {"var_sobel_results": 31.520216770851874}}