{"var_laplacian": {"var_lap_first_results": 0.037588370388803125, "var_lap_diagonal_results": 0.223358371088666}, "var_of_defect": {"var_results": 1.4678726803215443}, "var_sobel": {"var_sobel_results": 4.331923511855888}}