{"var_laplacian": {"var_lap_first_results": 0.8870912804530919, "var_lap_diagonal_results": 5.979032846416398}, "var_of_defect": {"var_results": 34.85151830481838}, "var_sobel": {"var_sobel_results": 46.47151146154648}}