{"var_laplacian": {"var_lap_first_results": 1.1914428233251333, "var_lap_diagonal_results": 7.676449209118191}, "var_of_defect": {"var_results": 29.877638179328667}, "var_sobel": {"var_sobel_results": 54.69735248344319}}