{"var_laplacian": {"var_lap_first_results": 0.10013884259876761, "var_lap_diagonal_results": 0.5878908284105674}, "var_of_defect": {"var_results": 1.3630226340538318}, "var_sobel": {"var_sobel_results": 10.089762618811251}}