{"var_laplacian": {"var_lap_first_results": 0.02536279425579386, "var_lap_diagonal_results": 0.16489623813640364}, "var_of_defect": {"var_results": 0.08634504326300312}, "var_sobel": {"var_sobel_results": 2.963502580027489}}