{"var_laplacian": {"var_lap_first_results": 0.049984662709950826, "var_lap_diagonal_results": 0.29061791172129453}, "var_of_defect": {"var_results": 0.783231284616772}, "var_sobel": {"var_sobel_results": 4.917601182198991}}