{"var_laplacian": {"var_lap_first_results": 6.341794193769065, "var_lap_diagonal_results": 21.039128665072568}, "var_of_defect": {"var_results": 52.241954586066974}, "var_sobel": {"var_sobel_results": 53.02011980664872}}