{"var_laplacian": {"var_lap_first_results": 3.565026428051578, "var_lap_diagonal_results": 16.583798058469597}, "var_of_defect": {"var_results": 83.18614746331411}, "var_sobel": {"var_sobel_results": 63.14828692014274}}