{"var_laplacian": {"var_lap_first_results": 0.8573104179655838, "var_lap_diagonal_results": 5.952269165221039}, "var_of_defect": {"var_results": 4.280799071261429}, "var_sobel": {"var_sobel_results": 42.14054604646156}}