{"var_laplacian": {"var_lap_first_results": 0.004137049717340047, "var_lap_diagonal_results": 0.023226317249895344}, "var_of_defect": {"var_results": 0.006536067949960199}, "var_sobel": {"var_sobel_results": 0.28559097004273154}}