{"var_laplacian": {"var_lap_first_results": 0.8062599815741066, "var_lap_diagonal_results": 5.434289333985384}, "var_of_defect": {"var_results": 45.886319187368294}, "var_sobel": {"var_sobel_results": 48.35399061893425}}