{"var_laplacian": {"var_lap_first_results": 0.5544870123772142, "var_lap_diagonal_results": 3.310687042026434}, "var_of_defect": {"var_results": 3.666428140965831}, "var_sobel": {"var_sobel_results": 12.850815172524172}}