{"var_laplacian": {"var_lap_first_results": 0.03140580573550791, "var_lap_diagonal_results": 0.20255410802572282}, "var_of_defect": {"var_results": 0.10185536938884579}, "var_sobel": {"var_sobel_results": 3.489972994141999}}