{"var_laplacian": {"var_lap_first_results": 0.06834660649937796, "var_lap_diagonal_results": 0.4139614443182672}, "var_of_defect": {"var_results": 0.3702516178686212}, "var_sobel": {"var_sobel_results": 6.562419932647904}}