{"var_laplacian": {"var_lap_first_results": 0.9469511065525726, "var_lap_diagonal_results": 6.320438904887175}, "var_of_defect": {"var_results": 29.052499562333132}, "var_sobel": {"var_sobel_results": 47.14223719907683}}