{"var_laplacian": {"var_lap_first_results": 3.655066589062654, "var_lap_diagonal_results": 14.95952087231954}, "var_of_defect": {"var_results": 25.188048876245194}, "var_sobel": {"var_sobel_results": 37.47744055412857}}