{"var_laplacian": {"var_lap_first_results": 5.627053597315901, "var_lap_diagonal_results": 24.81349388520076}, "var_of_defect": {"var_results": 42.58597781908951}, "var_sobel": {"var_sobel_results": 66.1677325175706}}