{"var_laplacian": {"var_lap_first_results": 0.11388622814774835, "var_lap_diagonal_results": 0.7594864045424272}, "var_of_defect": {"var_results": 0.4563447970995603}, "var_sobel": {"var_sobel_results": 13.519160650966407}}