{"var_laplacian": {"var_lap_first_results": 0.7380455631562732, "var_lap_diagonal_results": 3.870517233720725}, "var_of_defect": {"var_results": 4.832140122749942}, "var_sobel": {"var_sobel_results": 14.190585497795734}}