{"var_laplacian": {"var_lap_first_results": 3.5194450842748286, "var_lap_diagonal_results": 16.849349923959927}, "var_of_defect": {"var_results": 18.350131190769645}, "var_sobel": {"var_sobel_results": 47.67843453787185}}