{"var_laplacian": {"var_lap_first_results": 5.3955515225416875, "var_lap_diagonal_results": 20.710452401251608}, "var_of_defect": {"var_results": 26.8214710544765}, "var_sobel": {"var_sobel_results": 49.82518896582067}}