{"var_laplacian": {"var_lap_first_results": 0.9308744251629986, "var_lap_diagonal_results": 6.15215674438264}, "var_of_defect": {"var_results": 4.349070145088}, "var_sobel": {"var_sobel_results": 28.88029624421213}}