{"var_laplacian": {"var_lap_first_results": 0.5260025094278626, "var_lap_diagonal_results": 3.360249122212}, "var_of_defect": {"var_results": 15.962723662360395}, "var_sobel": {"var_sobel_results": 34.76693591650489}}