{"var_laplacian": {"var_lap_first_results": 5.734493252218041, "var_lap_diagonal_results": 20.004022758439163}, "var_of_defect": {"var_results": 43.18206622078519}, "var_sobel": {"var_sobel_results": 49.90790310948846}}