{"var_laplacian": {"var_lap_first_results": 0.1178504491389004, "var_lap_diagonal_results": 0.7895494483544002}, "var_of_defect": {"var_results": 0.757344465847669}, "var_sobel": {"var_sobel_results": 11.246037068394951}}