{"var_laplacian": {"var_lap_first_results": 0.7878721275975062, "var_lap_diagonal_results": 5.134167882424139}, "var_of_defect": {"var_results": 58.110516338873}, "var_sobel": {"var_sobel_results": 44.4648399158477}}