{"var_laplacian": {"var_lap_first_results": 0.5069438837291927, "var_lap_diagonal_results": 3.3108387011072384}, "var_of_defect": {"var_results": 50.20611185167437}, "var_sobel": {"var_sobel_results": 38.77663925569765}}