{"var_laplacian": {"var_lap_first_results": 0.12567211280012783, "var_lap_diagonal_results": 0.7929533666359921}, "var_of_defect": {"var_results": 8.767373353328416}, "var_sobel": {"var_sobel_results": 38.759866570475516}}