{"var_laplacian": {"var_lap_first_results": 0.026156703587951108, "var_lap_diagonal_results": 0.1391149512274099}, "var_of_defect": {"var_results": 0.5559677982395117}, "var_sobel": {"var_sobel_results": 2.185405001877457}}