{"var_laplacian": {"var_lap_first_results": 0.003030546508294344, "var_lap_diagonal_results": 0.01852081228878767}, "var_of_defect": {"var_results": 0.004251822119644417}, "var_sobel": {"var_sobel_results": 0.14757459827024969}}