{"var_laplacian": {"var_lap_first_results": 0.1250564721175865, "var_lap_diagonal_results": 0.8358908806912574}, "var_of_defect": {"var_results": 8.498976440974728}, "var_sobel": {"var_sobel_results": 38.85065947140369}}