{"var_laplacian": {"var_lap_first_results": 0.15158989946402085, "var_lap_diagonal_results": 0.9289958033691755}, "var_of_defect": {"var_results": 10.5980918376288}, "var_sobel": {"var_sobel_results": 36.338184668361855}}