{"var_laplacian": {"var_lap_first_results": 1.5761624543070145, "var_lap_diagonal_results": 9.233857246010473}, "var_of_defect": {"var_results": 8.285039893734984}, "var_sobel": {"var_sobel_results": 49.59551218540362}}