{"var_laplacian": {"var_lap_first_results": 0.0011182328204297684, "var_lap_diagonal_results": 0.004994869547080856}, "var_of_defect": {"var_results": 0.000343992844488909}, "var_sobel": {"var_sobel_results": 0.018298928254524383}}