{"var_laplacian": {"var_lap_first_results": 0.0019333273761266844, "var_lap_diagonal_results": 0.012470057834437744}, "var_of_defect": {"var_results": 0.004997326284043139}, "var_sobel": {"var_sobel_results": 0.13588445908166244}}