{"var_laplacian": {"var_lap_first_results": 2.338850806005904, "var_lap_diagonal_results": 9.493037576980363}, "var_of_defect": {"var_results": 84.75339416725758}, "var_sobel": {"var_sobel_results": 45.58910616895633}}