{"var_laplacian": {"var_lap_first_results": 0.5281479868865446, "var_lap_diagonal_results": 3.9518452125032537}, "var_of_defect": {"var_results": 4.391992446065278}, "var_sobel": {"var_sobel_results": 34.85935800670101}}