{"var_laplacian": {"var_lap_first_results": 0.14923107982737815, "var_lap_diagonal_results": 0.9144894458483359}, "var_of_defect": {"var_results": 8.28201394719137}, "var_sobel": {"var_sobel_results": 38.14603678859892}}