{"var_laplacian": {"var_lap_first_results": 0.5157652602714587, "var_lap_diagonal_results": 3.325685137599779}, "var_of_defect": {"var_results": 50.06778455598171}, "var_sobel": {"var_sobel_results": 39.04959938707052}}