{"var_laplacian": {"var_lap_first_results": 0.1226969553348025, "var_lap_diagonal_results": 0.8521564614895341}, "var_of_defect": {"var_results": 0.5795197755047016}, "var_sobel": {"var_sobel_results": 8.497620094551573}}