{"var_laplacian": {"var_lap_first_results": 0.6132034771393368, "var_lap_diagonal_results": 4.072025857050998}, "var_of_defect": {"var_results": 51.919111485293385}, "var_sobel": {"var_sobel_results": 43.42316240965446}}