{"var_laplacian": {"var_lap_first_results": 4.178871352909112, "var_lap_diagonal_results": 13.120327586406715}, "var_of_defect": {"var_results": 17.78933061632981}, "var_sobel": {"var_sobel_results": 40.285274983351954}}