{"var_laplacian": {"var_lap_first_results": 0.9581810402920738, "var_lap_diagonal_results": 5.995758385496828}, "var_of_defect": {"var_results": 67.70300239365824}, "var_sobel": {"var_sobel_results": 39.69385501057935}}