{"var_laplacian": {"var_lap_first_results": 0.043534406580023666, "var_lap_diagonal_results": 0.25538387853303}, "var_of_defect": {"var_results": 2.176367536867187}, "var_sobel": {"var_sobel_results": 3.680637320360686}}