{"var_laplacian": {"var_lap_first_results": 0.017977131297480558, "var_lap_diagonal_results": 0.11864481658017134}, "var_of_defect": {"var_results": 0.07941898765334734}, "var_sobel": {"var_sobel_results": 1.6794876818808187}}