{"var_laplacian": {"var_lap_first_results": 0.3916244817217459, "var_lap_diagonal_results": 2.593465282862158}, "var_of_defect": {"var_results": 23.25947521381556}, "var_sobel": {"var_sobel_results": 37.391005515500964}}