{"var_laplacian": {"var_lap_first_results": 0.18175903974706947, "var_lap_diagonal_results": 1.3406420126246519}, "var_of_defect": {"var_results": 1.0284613940817533}, "var_sobel": {"var_sobel_results": 11.278269137466907}}