{"var_laplacian": {"var_lap_first_results": 2.6987212647881655, "var_lap_diagonal_results": 13.388961782515347}, "var_of_defect": {"var_results": 14.152038308390534}, "var_sobel": {"var_sobel_results": 57.49997042949617}}