{"var_laplacian": {"var_lap_first_results": 0.8154101938830237, "var_lap_diagonal_results": 4.757109246670043}, "var_of_defect": {"var_results": 20.193534177655472}, "var_sobel": {"var_sobel_results": 49.583880783418785}}