{"var_laplacian": {"var_lap_first_results": 0.26944063997925605, "var_lap_diagonal_results": 2.0193141520600406}, "var_of_defect": {"var_results": 2.1752475660152886}, "var_sobel": {"var_sobel_results": 24.436020876398263}}