{"var_laplacian": {"var_lap_first_results": 0.021149781693576772, "var_lap_diagonal_results": 0.13250890101569926}, "var_of_defect": {"var_results": 0.06961922480274457}, "var_sobel": {"var_sobel_results": 1.2045067477361235}}