{"var_laplacian": {"var_lap_first_results": 0.05792222255540387, "var_lap_diagonal_results": 0.30165158845498763}, "var_of_defect": {"var_results": 2.6669432989273165}, "var_sobel": {"var_sobel_results": 6.313098094527988}}