{"var_laplacian": {"var_lap_first_results": 0.066713858814098, "var_lap_diagonal_results": 0.36572272492460145}, "var_of_defect": {"var_results": 3.1086068215823146}, "var_sobel": {"var_sobel_results": 6.766280076560646}}