{"var_laplacian": {"var_lap_first_results": 0.6871550346912488, "var_lap_diagonal_results": 4.592820814210963}, "var_of_defect": {"var_results": 11.483982924367815}, "var_sobel": {"var_sobel_results": 35.53840684791734}}