{"var_laplacian": {"var_lap_first_results": 0.8032270142116312, "var_lap_diagonal_results": 5.513898400720403}, "var_of_defect": {"var_results": 28.746545673627644}, "var_sobel": {"var_sobel_results": 48.30708301832385}}