{"var_laplacian": {"var_lap_first_results": 6.876179819744711, "var_lap_diagonal_results": 22.286515280949626}, "var_of_defect": {"var_results": 51.13666475513253}, "var_sobel": {"var_sobel_results": 57.30350754594205}}