{"var_laplacian": {"var_lap_first_results": 4.0276208306095755, "var_lap_diagonal_results": 15.62551896516171}, "var_of_defect": {"var_results": 86.55303352200161}, "var_sobel": {"var_sobel_results": 61.1323916430831}}