{"var_laplacian": {"var_lap_first_results": 0.6887857741523118, "var_lap_diagonal_results": 4.850821778056457}, "var_of_defect": {"var_results": 4.488708304321646}, "var_sobel": {"var_sobel_results": 26.586634926146488}}