{"var_laplacian": {"var_lap_first_results": 0.006653216074117748, "var_lap_diagonal_results": 0.03231351197711599}, "var_of_defect": {"var_results": 0.030572157864246}, "var_sobel": {"var_sobel_results": 0.16832846753772937}}