{"var_laplacian": {"var_lap_first_results": 0.5488907217377321, "var_lap_diagonal_results": 3.848151646401916}, "var_of_defect": {"var_results": 22.5901677163251}, "var_sobel": {"var_sobel_results": 37.3133094439764}}