{"var_laplacian": {"var_lap_first_results": 0.6392518769637933, "var_lap_diagonal_results": 4.2499854310556655}, "var_of_defect": {"var_results": 48.377638118889195}, "var_sobel": {"var_sobel_results": 43.483472749654524}}