{"var_laplacian": {"var_lap_first_results": 0.1114986337125482, "var_lap_diagonal_results": 0.8146202341656936}, "var_of_defect": {"var_results": 0.8163495185133394}, "var_sobel": {"var_sobel_results": 11.396380616707951}}