{"var_laplacian": {"var_lap_first_results": 0.6799146975162891, "var_lap_diagonal_results": 4.324234568818943}, "var_of_defect": {"var_results": 55.12554038123284}, "var_sobel": {"var_sobel_results": 42.4752909868876}}