{"var_laplacian": {"var_lap_first_results": 0.0509976456072512, "var_lap_diagonal_results": 0.28980588334559837}, "var_of_defect": {"var_results": 2.3051198857269584}, "var_sobel": {"var_sobel_results": 4.909277522285434}}