{"var_laplacian": {"var_lap_first_results": 0.0047979786904434425, "var_lap_diagonal_results": 0.02362881388224009}, "var_of_defect": {"var_results": 0.014969465796432966}, "var_sobel": {"var_sobel_results": 0.11964646549996376}}