{"var_laplacian": {"var_lap_first_results": 0.13474249094184465, "var_lap_diagonal_results": 0.9086957420381482}, "var_of_defect": {"var_results": 8.975905628781009}, "var_sobel": {"var_sobel_results": 38.43371082769806}}