{"var_laplacian": {"var_lap_first_results": 1.1582370292346895, "var_lap_diagonal_results": 6.85420660888775}, "var_of_defect": {"var_results": 16.9614650933349}, "var_sobel": {"var_sobel_results": 40.20741696462643}}