{"var_laplacian": {"var_lap_first_results": 1.260986093325788, "var_lap_diagonal_results": 6.837029805064898}, "var_of_defect": {"var_results": 70.9770450072984}, "var_sobel": {"var_sobel_results": 44.79367761811166}}