{"var_laplacian": {"var_lap_first_results": 2.812665771261854, "var_lap_diagonal_results": 11.26231462513342}, "var_of_defect": {"var_results": 22.499125838613296}, "var_sobel": {"var_sobel_results": 40.3010076853433}}