{"var_laplacian": {"var_lap_first_results": 0.6674579046079463, "var_lap_diagonal_results": 4.465576048527387}, "var_of_defect": {"var_results": 51.567077387930965}, "var_sobel": {"var_sobel_results": 43.68109732323982}}