{"var_laplacian": {"var_lap_first_results": 0.9688599142092476, "var_lap_diagonal_results": 5.6877228725167255}, "var_of_defect": {"var_results": 22.761801427934127}, "var_sobel": {"var_sobel_results": 50.388108057795364}}