{"var_laplacian": {"var_lap_first_results": 0.05855995189839769, "var_lap_diagonal_results": 0.33339182025153735}, "var_of_defect": {"var_results": 3.0634872606215846}, "var_sobel": {"var_sobel_results": 7.7943341646500786}}