{"var_laplacian": {"var_lap_first_results": 0.010397994671422855, "var_lap_diagonal_results": 0.05468516348981076}, "var_of_defect": {"var_results": 0.1567815500691061}, "var_sobel": {"var_sobel_results": 0.5452674714511592}}