{"var_laplacian": {"var_lap_first_results": 0.002091641772318985, "var_lap_diagonal_results": 0.01147093245184305}, "var_of_defect": {"var_results": 0.0029981830796609555}, "var_sobel": {"var_sobel_results": 0.09472595533901623}}