{"var_laplacian": {"var_lap_first_results": 0.004455798264730109, "var_lap_diagonal_results": 0.027690222994858345}, "var_of_defect": {"var_results": 0.01366313772230996}, "var_sobel": {"var_sobel_results": 0.3159623746462675}}