{"var_laplacian": {"var_lap_first_results": 0.4808183392971594, "var_lap_diagonal_results": 3.0794615412229627}, "var_of_defect": {"var_results": 57.58121237636215}, "var_sobel": {"var_sobel_results": 31.359814515993595}}