{"var_laplacian": {"var_lap_first_results": 1.3319486545945651, "var_lap_diagonal_results": 8.92475720271759}, "var_of_defect": {"var_results": 36.50010211260305}, "var_sobel": {"var_sobel_results": 54.82284232478831}}