{"var_laplacian": {"var_lap_first_results": 0.01463620033711221, "var_lap_diagonal_results": 0.08091238603623273}, "var_of_defect": {"var_results": 0.3248234952131327}, "var_sobel": {"var_sobel_results": 1.3984071635909867}}