{"var_laplacian": {"var_lap_first_results": 0.6160691601021141, "var_lap_diagonal_results": 4.276827614831397}, "var_of_defect": {"var_results": 3.787274943207348}, "var_sobel": {"var_sobel_results": 20.119136545150724}}