{"var_laplacian": {"var_lap_first_results": 0.01161952903964481, "var_lap_diagonal_results": 0.061343424061496545}, "var_of_defect": {"var_results": 0.1993996993190728}, "var_sobel": {"var_sobel_results": 0.9322591739760528}}