{"var_laplacian": {"var_lap_first_results": 0.02651099987297379, "var_lap_diagonal_results": 0.14755569539023983}, "var_of_defect": {"var_results": 1.1119173344506406}, "var_sobel": {"var_sobel_results": 1.8805852296367715}}