{"var_laplacian": {"var_lap_first_results": 4.846463767213152, "var_lap_diagonal_results": 19.058702006207074}, "var_of_defect": {"var_results": 72.8967941189109}, "var_sobel": {"var_sobel_results": 68.13918715368479}}