{"var_laplacian": {"var_lap_first_results": 0.7125693954873616, "var_lap_diagonal_results": 4.78277671225442}, "var_of_defect": {"var_results": 2.688377678123224}, "var_sobel": {"var_sobel_results": 22.91002630209003}}