{"var_laplacian": {"var_lap_first_results": 0.4901751220583646, "var_lap_diagonal_results": 3.238100732203395}, "var_of_defect": {"var_results": 47.58938287732083}, "var_sobel": {"var_sobel_results": 38.208068999160474}}