{"var_laplacian": {"var_lap_first_results": 0.578666454087674, "var_lap_diagonal_results": 3.7385140604649685}, "var_of_defect": {"var_results": 52.875389273659415}, "var_sobel": {"var_sobel_results": 41.01642454098176}}