{"var_laplacian": {"var_lap_first_results": 0.02256281350638697, "var_lap_diagonal_results": 0.12612932613104305}, "var_of_defect": {"var_results": 0.9792846528394757}, "var_sobel": {"var_sobel_results": 1.4538386059363606}}