{"var_laplacian": {"var_lap_first_results": 5.206813247812814, "var_lap_diagonal_results": 18.994867713648027}, "var_of_defect": {"var_results": 34.80655569681045}, "var_sobel": {"var_sobel_results": 57.62142456824753}}