{"var_laplacian": {"var_lap_first_results": 0.18100256221810473, "var_lap_diagonal_results": 1.1851487456982353}, "var_of_defect": {"var_results": 3.7325495835629416}, "var_sobel": {"var_sobel_results": 20.586805992638663}}