{"var_laplacian": {"var_lap_first_results": 0.18712498485221962, "var_lap_diagonal_results": 1.2120691342556416}, "var_of_defect": {"var_results": 3.603298152936334}, "var_sobel": {"var_sobel_results": 20.44785516891421}}