{"var_laplacian": {"var_lap_first_results": 0.10300374072769539, "var_lap_diagonal_results": 0.6648385304367385}, "var_of_defect": {"var_results": 0.4551772259157257}, "var_sobel": {"var_sobel_results": 6.203230458371352}}