{"var_laplacian": {"var_lap_first_results": 1.2456175138231058, "var_lap_diagonal_results": 5.746811270738675}, "var_of_defect": {"var_results": 7.730686251245747}, "var_sobel": {"var_sobel_results": 23.957326692074236}}