{"var_laplacian": {"var_lap_first_results": 0.02199818925868476, "var_lap_diagonal_results": 0.13775363446414213}, "var_of_defect": {"var_results": 0.962211801023079}, "var_sobel": {"var_sobel_results": 1.5644730999595076}}