{"var_laplacian": {"var_lap_first_results": 0.02940932632148387, "var_lap_diagonal_results": 0.21015017111550857}, "var_of_defect": {"var_results": 0.10029000767508}, "var_sobel": {"var_sobel_results": 2.276853441756319}}