{"var_laplacian": {"var_lap_first_results": 0.18475475787141088, "var_lap_diagonal_results": 1.3217012500180216}, "var_of_defect": {"var_results": 0.9227741621992407}, "var_sobel": {"var_sobel_results": 10.687473115267217}}