{"var_laplacian": {"var_lap_first_results": 0.6940853516306204, "var_lap_diagonal_results": 4.515957102793239}, "var_of_defect": {"var_results": 54.96216399412014}, "var_sobel": {"var_sobel_results": 43.566338814371015}}