{"var_laplacian": {"var_lap_first_results": 0.3044674342885774, "var_lap_diagonal_results": 2.2246650215785038}, "var_of_defect": {"var_results": 1.7543463082664499}, "var_sobel": {"var_sobel_results": 14.927704995786133}}