{"var_laplacian": {"var_lap_first_results": 1.7212345656894819, "var_lap_diagonal_results": 10.782948717468681}, "var_of_defect": {"var_results": 41.45583505506169}, "var_sobel": {"var_sobel_results": 57.289448340804235}}