{"var_laplacian": {"var_lap_first_results": 0.5802177092557342, "var_lap_diagonal_results": 4.000278186555136}, "var_of_defect": {"var_results": 29.030351248300448}, "var_sobel": {"var_sobel_results": 56.19711765194198}}