{"var_laplacian": {"var_lap_first_results": 0.003544150382747063, "var_lap_diagonal_results": 0.02318892901404045}, "var_of_defect": {"var_results": 0.008137949732687989}, "var_sobel": {"var_sobel_results": 0.2424638113107041}}