{"var_laplacian": {"var_lap_first_results": 0.48099538272604686, "var_lap_diagonal_results": 3.0418978969301818}, "var_of_defect": {"var_results": 57.032383885649615}, "var_sobel": {"var_sobel_results": 31.426459180630406}}