{"var_laplacian": {"var_lap_first_results": 2.543330537750713, "var_lap_diagonal_results": 9.240247433973234}, "var_of_defect": {"var_results": 14.049673202205037}, "var_sobel": {"var_sobel_results": 32.031418225067505}}