{"var_laplacian": {"var_lap_first_results": 0.012770224594762833, "var_lap_diagonal_results": 0.06926843069536635}, "var_of_defect": {"var_results": 0.2574281499975901}, "var_sobel": {"var_sobel_results": 1.086455319982718}}