{"var_laplacian": {"var_lap_first_results": 0.04392233290710585, "var_lap_diagonal_results": 0.24688038108583102}, "var_of_defect": {"var_results": 1.9210175168995638}, "var_sobel": {"var_sobel_results": 4.289549780653982}}