{"var_laplacian": {"var_lap_first_results": 1.5332212417045334, "var_lap_diagonal_results": 9.13596053944512}, "var_of_defect": {"var_results": 10.688618076830878}, "var_sobel": {"var_sobel_results": 37.06610981408296}}