{"var_laplacian": {"var_lap_first_results": 2.496461319559568, "var_lap_diagonal_results": 11.697552521531112}, "var_of_defect": {"var_results": 72.1938058254928}, "var_sobel": {"var_sobel_results": 51.356400192059276}}