{"var_laplacian": {"var_lap_first_results": 0.0010365296366709096, "var_lap_diagonal_results": 0.005647149287320594}, "var_of_defect": {"var_results": 0.0016694035751239832}, "var_sobel": {"var_sobel_results": 0.05196467584985889}}