{"var_laplacian": {"var_lap_first_results": 0.21005696794913364, "var_lap_diagonal_results": 1.3413567729215092}, "var_of_defect": {"var_results": 4.831377821517091}, "var_sobel": {"var_sobel_results": 22.292551333891993}}