{"var_laplacian": {"var_lap_first_results": 0.09867837616182104, "var_lap_diagonal_results": 0.7210778158050597}, "var_of_defect": {"var_results": 0.5359092308020958}, "var_sobel": {"var_sobel_results": 7.5978076054388906}}