{"var_laplacian": {"var_lap_first_results": 0.36956110813677034, "var_lap_diagonal_results": 2.483563343726708}, "var_of_defect": {"var_results": 22.955691394814824}, "var_sobel": {"var_sobel_results": 37.15664373989009}}