{"var_laplacian": {"var_lap_first_results": 0.5224067168820158, "var_lap_diagonal_results": 3.3663787367776274}, "var_of_defect": {"var_results": 47.873907168043075}, "var_sobel": {"var_sobel_results": 38.149728819653646}}