{"var_laplacian": {"var_lap_first_results": 5.756656176430422, "var_lap_diagonal_results": 19.205755080080028}, "var_of_defect": {"var_results": 85.12519461397883}, "var_sobel": {"var_sobel_results": 64.95921460732764}}