{"var_laplacian": {"var_lap_first_results": 0.478631936227658, "var_lap_diagonal_results": 3.0713679421574844}, "var_of_defect": {"var_results": 56.77469798243791}, "var_sobel": {"var_sobel_results": 31.500830588034304}}