{"var_laplacian": {"var_lap_first_results": 2.748991144260171, "var_lap_diagonal_results": 13.20986901270485}, "var_of_defect": {"var_results": 68.38422077380234}, "var_sobel": {"var_sobel_results": 57.35873483068818}}