{"var_laplacian": {"var_lap_first_results": 0.016941000113795696, "var_lap_diagonal_results": 0.11002401793060333}, "var_of_defect": {"var_results": 0.05547206389069347}, "var_sobel": {"var_sobel_results": 1.7484715904922892}}