{"var_laplacian": {"var_lap_first_results": 2.454636616660477, "var_lap_diagonal_results": 13.0218776035443}, "var_of_defect": {"var_results": 50.51624445734975}, "var_sobel": {"var_sobel_results": 62.00416907932628}}