{"var_laplacian": {"var_lap_first_results": 0.5138543042005643, "var_lap_diagonal_results": 3.2497829455765355}, "var_of_defect": {"var_results": 59.94107900675062}, "var_sobel": {"var_sobel_results": 34.94287988388912}}