{"var_laplacian": {"var_lap_first_results": 0.6644750193987143, "var_lap_diagonal_results": 4.342739791003788}, "var_of_defect": {"var_results": 62.534176945825216}, "var_sobel": {"var_sobel_results": 37.16588769349723}}