{"var_laplacian": {"var_lap_first_results": 0.19762292366214393, "var_lap_diagonal_results": 1.3745520615124533}, "var_of_defect": {"var_results": 1.2059003926352188}, "var_sobel": {"var_sobel_results": 13.625920325362415}}