{"var_laplacian": {"var_lap_first_results": 0.8411778393184767, "var_lap_diagonal_results": 5.129956366321023}, "var_of_defect": {"var_results": 6.046199574048174}, "var_sobel": {"var_sobel_results": 22.62637260237656}}