{"var_laplacian": {"var_lap_first_results": 0.6483602691485063, "var_lap_diagonal_results": 4.515431541440492}, "var_of_defect": {"var_results": 26.08693822384443}, "var_sobel": {"var_sobel_results": 44.106768306964376}}