{"var_laplacian": {"var_lap_first_results": 0.43800720856143904, "var_lap_diagonal_results": 2.648306576968247}, "var_of_defect": {"var_results": 15.681476816659734}, "var_sobel": {"var_sobel_results": 42.25993237983507}}