{"var_laplacian": {"var_lap_first_results": 2.6680632429355233, "var_lap_diagonal_results": 9.171614553058024}, "var_of_defect": {"var_results": 13.850590507644053}, "var_sobel": {"var_sobel_results": 31.644381079777798}}