{"var_laplacian": {"var_lap_first_results": 1.8148954162623305, "var_lap_diagonal_results": 8.135295464463635}, "var_of_defect": {"var_results": 7.0482296891928105}, "var_sobel": {"var_sobel_results": 31.89862422687892}}