{"var_laplacian": {"var_lap_first_results": 5.021275981342155, "var_lap_diagonal_results": 19.08123712602307}, "var_of_defect": {"var_results": 35.032455012607535}, "var_sobel": {"var_sobel_results": 58.06895334835524}}