{"var_laplacian": {"var_lap_first_results": 0.4742772468521319, "var_lap_diagonal_results": 3.165380390590163}, "var_of_defect": {"var_results": 46.91502285943359}, "var_sobel": {"var_sobel_results": 37.95986752529154}}