{"var_laplacian": {"var_lap_first_results": 0.2122625998970581, "var_lap_diagonal_results": 1.5779426349601517}, "var_of_defect": {"var_results": 0.965321142855096}, "var_sobel": {"var_sobel_results": 14.262625453758147}}