{"var_laplacian": {"var_lap_first_results": 4.397119116348637, "var_lap_diagonal_results": 18.16990757786633}, "var_of_defect": {"var_results": 72.87370226503369}, "var_sobel": {"var_sobel_results": 68.41022069373113}}