{"var_laplacian": {"var_lap_first_results": 0.1915374994174092, "var_lap_diagonal_results": 1.232490268816205}, "var_of_defect": {"var_results": 0.8502070980930805}, "var_sobel": {"var_sobel_results": 10.52693634178622}}