{"var_laplacian": {"var_lap_first_results": 0.0930081402124449, "var_lap_diagonal_results": 0.678448120519594}, "var_of_defect": {"var_results": 0.3773752173881541}, "var_sobel": {"var_sobel_results": 7.414347009073099}}