{"var_laplacian": {"var_lap_first_results": 0.0036106596232630093, "var_lap_diagonal_results": 0.01753336369765248}, "var_of_defect": {"var_results": 0.006081029802606184}, "var_sobel": {"var_sobel_results": 0.08400414494984691}}