{"var_laplacian": {"var_lap_first_results": 0.03222406490966032, "var_lap_diagonal_results": 0.23280215003897003}, "var_of_defect": {"var_results": 0.19354375048488393}, "var_sobel": {"var_sobel_results": 2.9676369180350135}}