{"var_laplacian": {"var_lap_first_results": 0.1232016438818462, "var_lap_diagonal_results": 0.8372536073218717}, "var_of_defect": {"var_results": 8.594666297411065}, "var_sobel": {"var_sobel_results": 38.511331805311954}}