{"var_laplacian": {"var_lap_first_results": 0.005967461121890638, "var_lap_diagonal_results": 0.02938037439048734}, "var_of_defect": {"var_results": 0.049574222233645306}, "var_sobel": {"var_sobel_results": 0.30106513243609645}}