{"var_laplacian": {"var_lap_first_results": 5.849439530261265, "var_lap_diagonal_results": 19.34337641267393}, "var_of_defect": {"var_results": 84.84005663279751}, "var_sobel": {"var_sobel_results": 64.78048607043439}}