{"var_laplacian": {"var_lap_first_results": 0.6480731049619832, "var_lap_diagonal_results": 4.235230822016521}, "var_of_defect": {"var_results": 50.494667615078214}, "var_sobel": {"var_sobel_results": 43.69769655387062}}