{"var_laplacian": {"var_lap_first_results": 0.9505520044330537, "var_lap_diagonal_results": 5.803868045142273}, "var_of_defect": {"var_results": 61.98090232907913}, "var_sobel": {"var_sobel_results": 44.77025489889268}}