{"var_laplacian": {"var_lap_first_results": 0.023105246397921622, "var_lap_diagonal_results": 0.13534189992347553}, "var_of_defect": {"var_results": 0.9903582206111351}, "var_sobel": {"var_sobel_results": 1.656735296536266}}