{"var_laplacian": {"var_lap_first_results": 0.4791422592380173, "var_lap_diagonal_results": 3.033404160676444}, "var_of_defect": {"var_results": 57.251797415924855}, "var_sobel": {"var_sobel_results": 31.521838401605354}}