{"var_laplacian": {"var_lap_first_results": 2.6088536619009854, "var_lap_diagonal_results": 11.120858070404497}, "var_of_defect": {"var_results": 19.815365813068414}, "var_sobel": {"var_sobel_results": 36.985111505573414}}