{"var_laplacian": {"var_lap_first_results": 0.03934430148321118, "var_lap_diagonal_results": 0.22946204743292273}, "var_of_defect": {"var_results": 1.8003366598439852}, "var_sobel": {"var_sobel_results": 3.3627015108664553}}