{"var_laplacian": {"var_lap_first_results": 0.10838561874163682, "var_lap_diagonal_results": 0.6602048762603818}, "var_of_defect": {"var_results": 8.595300852500792}, "var_sobel": {"var_sobel_results": 38.72319900159655}}