{"var_laplacian": {"var_lap_first_results": 3.638063650257253, "var_lap_diagonal_results": 11.916774590371396}, "var_of_defect": {"var_results": 14.970816509332783}, "var_sobel": {"var_sobel_results": 38.79206104291719}}