{"var_laplacian": {"var_lap_first_results": 0.754116035252905, "var_lap_diagonal_results": 4.914671995491122}, "var_of_defect": {"var_results": 3.9377750092781127}, "var_sobel": {"var_sobel_results": 35.9015761639376}}