{"var_laplacian": {"var_lap_first_results": 0.5000382207437027, "var_lap_diagonal_results": 3.3234040088626364}, "var_of_defect": {"var_results": 47.202296105062246}, "var_sobel": {"var_sobel_results": 37.96701166701819}}