{"var_laplacian": {"var_lap_first_results": 4.551316477952466, "var_lap_diagonal_results": 17.50772470945203}, "var_of_defect": {"var_results": 30.684842986021227}, "var_sobel": {"var_sobel_results": 53.99939651959653}}