{"var_laplacian": {"var_lap_first_results": 0.1834221352611767, "var_lap_diagonal_results": 1.1790110171970054}, "var_of_defect": {"var_results": 3.60680257341477}, "var_sobel": {"var_sobel_results": 20.527249684444186}}