{"var_laplacian": {"var_lap_first_results": 0.04168861483729567, "var_lap_diagonal_results": 0.30123317397880583}, "var_of_defect": {"var_results": 0.23742930062718876}, "var_sobel": {"var_sobel_results": 3.8795731993095925}}