{"var_laplacian": {"var_lap_first_results": 0.5420252988172926, "var_lap_diagonal_results": 3.788861314158244}, "var_of_defect": {"var_results": 21.46558581718104}, "var_sobel": {"var_sobel_results": 36.24089242287407}}