{"var_laplacian": {"var_lap_first_results": 0.9930941925172203, "var_lap_diagonal_results": 6.042223321926472}, "var_of_defect": {"var_results": 63.894272637888676}, "var_sobel": {"var_sobel_results": 45.03334397622432}}