{"var_laplacian": {"var_lap_first_results": 2.808796141929818, "var_lap_diagonal_results": 14.44185405622852}, "var_of_defect": {"var_results": 54.495074024991894}, "var_sobel": {"var_sobel_results": 63.01505010567757}}