{"var_laplacian": {"var_lap_first_results": 0.5072500743532544, "var_lap_diagonal_results": 3.309994233008787}, "var_of_defect": {"var_results": 50.92970651167184}, "var_sobel": {"var_sobel_results": 38.932438174844414}}