{"var_laplacian": {"var_lap_first_results": 0.5657577090596109, "var_lap_diagonal_results": 3.9731769660359832}, "var_of_defect": {"var_results": 23.945063817250134}, "var_sobel": {"var_sobel_results": 40.615693031572626}}