{"var_laplacian": {"var_lap_first_results": 0.6362986976524769, "var_lap_diagonal_results": 4.193638027875056}, "var_of_defect": {"var_results": 53.4513188348297}, "var_sobel": {"var_sobel_results": 43.50812208274166}}