{"var_laplacian": {"var_lap_first_results": 0.19789195221569628, "var_lap_diagonal_results": 1.2330099515641737}, "var_of_defect": {"var_results": 3.6017604038112987}, "var_sobel": {"var_sobel_results": 20.523171469071976}}