{"var_laplacian": {"var_lap_first_results": 0.03848490842262961, "var_lap_diagonal_results": 0.2051200292736271}, "var_of_defect": {"var_results": 1.3063923058831073}, "var_sobel": {"var_sobel_results": 2.307635605169637}}