{"var_laplacian": {"var_lap_first_results": 0.486868327575611, "var_lap_diagonal_results": 3.0601069808085173}, "var_of_defect": {"var_results": 57.80945776462756}, "var_sobel": {"var_sobel_results": 32.24406545894017}}