{"var_laplacian": {"var_lap_first_results": 0.4053796434603231, "var_lap_diagonal_results": 2.733013093139234}, "var_of_defect": {"var_results": 24.508537720834553}, "var_sobel": {"var_sobel_results": 42.03940725215485}}