{"var_laplacian": {"var_lap_first_results": 0.2304886748374099, "var_lap_diagonal_results": 1.2790320610857233}, "var_of_defect": {"var_results": 11.657421620604268}, "var_sobel": {"var_sobel_results": 36.04372910843966}}