{"var_laplacian": {"var_lap_first_results": 0.24442429273822883, "var_lap_diagonal_results": 1.7404619900789884}, "var_of_defect": {"var_results": 1.341473250447786}, "var_sobel": {"var_sobel_results": 12.687011003797933}}