{"var_laplacian": {"var_lap_first_results": 3.6336986973973193, "var_lap_diagonal_results": 15.851087609941336}, "var_of_defect": {"var_results": 62.339162603220124}, "var_sobel": {"var_sobel_results": 65.20791947871042}}