{"var_laplacian": {"var_lap_first_results": 0.05931322815350117, "var_lap_diagonal_results": 0.3676103647857097}, "var_of_defect": {"var_results": 0.21149698333963393}, "var_sobel": {"var_sobel_results": 3.2030561232891768}}