{"var_laplacian": {"var_lap_first_results": 0.9232042956974126, "var_lap_diagonal_results": 6.811217869543963}, "var_of_defect": {"var_results": 7.662575562872952}, "var_sobel": {"var_sobel_results": 42.59971241538243}}