{"var_laplacian": {"var_lap_first_results": 0.42346667238484376, "var_lap_diagonal_results": 3.1171829833422446}, "var_of_defect": {"var_results": 1.884623995614416}, "var_sobel": {"var_sobel_results": 20.378122435465574}}