{"var_laplacian": {"var_lap_first_results": 5.097392333128315, "var_lap_diagonal_results": 19.028974167103634}, "var_of_defect": {"var_results": 35.06506757405648}, "var_sobel": {"var_sobel_results": 57.450590927621704}}