{"var_laplacian": {"var_lap_first_results": 0.4041888611743975, "var_lap_diagonal_results": 2.750675779085114}, "var_of_defect": {"var_results": 23.59365667761171}, "var_sobel": {"var_sobel_results": 36.584554349054564}}